ISO-10303-21;
HEADER;
FILE_DESCRIPTION(('Open CASCADE Model'),'2;1');
FILE_NAME('Open CASCADE Shape Model','2026-08-28T15:04:37',('Author'),(
    'Open CASCADE'),'Open CASCADE STEP processor 7.9','Open CASCADE 7.9'
  ,'Unknown');
FILE_SCHEMA(('AUTOMOTIVE_DESIGN { 1 0 10303 214 1 1 1 1 }'));
ENDSEC;
DATA;
#1 = APPLICATION_PROTOCOL_DEFINITION('international standard',
  'automotive_design',2000,#2);
#2 = APPLICATION_CONTEXT(
  'core data for automotive mechanical design processes');
#3 = SHAPE_DEFINITION_REPRESENTATION(#4,#10);
#4 = PRODUCT_DEFINITION_SHAPE('','',#5);
#5 = PRODUCT_DEFINITION('design','',#6,#9);
#6 = PRODUCT_DEFINITION_FORMATION('','',#7);
#7 = PRODUCT('/','/','',(#8));
#8 = PRODUCT_CONTEXT('',#2,'mechanical');
#9 = PRODUCT_DEFINITION_CONTEXT('part definition',#2,'design');
#10 = SHAPE_REPRESENTATION('',(#11,#15,#19,#23,#27,#31),#35);
#11 = AXIS2_PLACEMENT_3D('',#12,#13,#14);
#12 = CARTESIAN_POINT('',(0.,0.,0.));
#13 = DIRECTION('',(0.,0.,1.));
#14 = DIRECTION('',(1.,0.,-0.));
#15 = AXIS2_PLACEMENT_3D('',#16,#17,#18);
#16 = CARTESIAN_POINT('',(0.,0.,0.));
#17 = DIRECTION('',(0.,0.,1.));
#18 = DIRECTION('',(1.,0.,-0.));
#19 = AXIS2_PLACEMENT_3D('',#20,#21,#22);
#20 = CARTESIAN_POINT('',(0.,0.,0.));
#21 = DIRECTION('',(0.,0.,1.));
#22 = DIRECTION('',(1.,0.,-0.));
#23 = AXIS2_PLACEMENT_3D('',#24,#25,#26);
#24 = CARTESIAN_POINT('',(0.,0.,0.));
#25 = DIRECTION('',(0.,0.,1.));
#26 = DIRECTION('',(1.,0.,-0.));
#27 = AXIS2_PLACEMENT_3D('',#28,#29,#30);
#28 = CARTESIAN_POINT('',(0.,0.,0.));
#29 = DIRECTION('',(0.,0.,1.));
#30 = DIRECTION('',(1.,0.,-0.));
#31 = AXIS2_PLACEMENT_3D('',#32,#33,#34);
#32 = CARTESIAN_POINT('',(0.,0.,0.));
#33 = DIRECTION('',(0.,0.,1.));
#34 = DIRECTION('',(1.,0.,-0.));
#35 = ( GEOMETRIC_REPRESENTATION_CONTEXT(3) 
GLOBAL_UNCERTAINTY_ASSIGNED_CONTEXT((#39)) GLOBAL_UNIT_ASSIGNED_CONTEXT(
(#36,#37,#38)) REPRESENTATION_CONTEXT('Context #1',
  '3D Context with UNIT and UNCERTAINTY') );
#36 = ( LENGTH_UNIT() NAMED_UNIT(*) SI_UNIT(.MILLI.,.METRE.) );
#37 = ( NAMED_UNIT(*) PLANE_ANGLE_UNIT() SI_UNIT($,.RADIAN.) );
#38 = ( NAMED_UNIT(*) SI_UNIT($,.STERADIAN.) SOLID_ANGLE_UNIT() );
#39 = UNCERTAINTY_MEASURE_WITH_UNIT(LENGTH_MEASURE(1.E-05),#36,
  'distance_accuracy_value','confusion accuracy');
#40 = PRODUCT_RELATED_PRODUCT_CATEGORY('part',$,(#7));
#41 = SHAPE_DEFINITION_REPRESENTATION(#42,#48);
#42 = PRODUCT_DEFINITION_SHAPE('','',#43);
#43 = PRODUCT_DEFINITION('design','',#44,#47);
#44 = PRODUCT_DEFINITION_FORMATION('','',#45);
#45 = PRODUCT('nut','nut','',(#46));
#46 = PRODUCT_CONTEXT('',#2,'mechanical');
#47 = PRODUCT_DEFINITION_CONTEXT('part definition',#2,'design');
#48 = ADVANCED_BREP_SHAPE_REPRESENTATION('',(#11,#49),#319);
#49 = MANIFOLD_SOLID_BREP('',#50);
#50 = CLOSED_SHELL('',(#51,#151,#182,#206,#230,#247,#281,#303));
#51 = ADVANCED_FACE('',(#52,#86),#146,.T.);
#52 = FACE_BOUND('',#53,.T.);
#53 = EDGE_LOOP('',(#54,#64,#72,#80));
#54 = ORIENTED_EDGE('',*,*,#55,.F.);
#55 = EDGE_CURVE('',#56,#58,#60,.T.);
#56 = VERTEX_POINT('',#57);
#57 = CARTESIAN_POINT('',(20.,0.,3.));
#58 = VERTEX_POINT('',#59);
#59 = CARTESIAN_POINT('',(0.,0.,3.));
#60 = LINE('',#61,#62);
#61 = CARTESIAN_POINT('',(10.,0.,3.));
#62 = VECTOR('',#63,1.);
#63 = DIRECTION('',(-1.,0.,0.));
#64 = ORIENTED_EDGE('',*,*,#65,.F.);
#65 = EDGE_CURVE('',#66,#56,#68,.T.);
#66 = VERTEX_POINT('',#67);
#67 = CARTESIAN_POINT('',(20.,15.,3.));
#68 = LINE('',#69,#70);
#69 = CARTESIAN_POINT('',(20.,7.5,3.));
#70 = VECTOR('',#71,1.);
#71 = DIRECTION('',(0.,-1.,0.));
#72 = ORIENTED_EDGE('',*,*,#73,.F.);
#73 = EDGE_CURVE('',#74,#66,#76,.T.);
#74 = VERTEX_POINT('',#75);
#75 = CARTESIAN_POINT('',(0.,15.,3.));
#76 = LINE('',#77,#78);
#77 = CARTESIAN_POINT('',(10.,15.,3.));
#78 = VECTOR('',#79,1.);
#79 = DIRECTION('',(1.,0.,0.));
#80 = ORIENTED_EDGE('',*,*,#81,.F.);
#81 = EDGE_CURVE('',#58,#74,#82,.T.);
#82 = LINE('',#83,#84);
#83 = CARTESIAN_POINT('',(0.,7.5,3.));
#84 = VECTOR('',#85,1.);
#85 = DIRECTION('',(0.,1.,0.));
#86 = FACE_BOUND('',#87,.T.);
#87 = EDGE_LOOP('',(#88,#119));
#88 = ORIENTED_EDGE('',*,*,#89,.T.);
#89 = EDGE_CURVE('',#90,#92,#94,.T.);
#90 = VERTEX_POINT('',#91);
#91 = CARTESIAN_POINT('',(5.,7.5,3.));
#92 = VERTEX_POINT('',#93);
#93 = CARTESIAN_POINT('',(15.,7.5,3.));
#94 = B_SPLINE_CURVE_WITH_KNOTS('',5,(#95,#96,#97,#98,#99,#100,#101,#102
    ,#103,#104,#105,#106,#107,#108,#109,#110,#111,#112,#113,#114,#115,
    #116,#117,#118),.UNSPECIFIED.,.F.,.F.,(6,3,3,3,3,3,3,6),(0.,
    4.15513164414,7.85828164644,10.7238180516,13.583658994,16.4911855022
    ,20.3877608702,22.3658107336),.UNSPECIFIED.);
#95 = CARTESIAN_POINT('',(5.,7.5,3.));
#96 = CARTESIAN_POINT('',(5.,7.96719825234,3.));
#97 = CARTESIAN_POINT('',(5.05456967986,8.46798546394,3.));
#98 = CARTESIAN_POINT('',(5.17958225879,8.9911230353,3.));
#99 = CARTESIAN_POINT('',(5.57268612552,9.98006143429,3.));
#100 = CARTESIAN_POINT('',(6.25801463611,10.8809047397,3.));
#101 = CARTESIAN_POINT('',(6.64523619345,11.2686263331,3.));
#102 = CARTESIAN_POINT('',(7.43250862613,11.8620880289,3.));
#103 = CARTESIAN_POINT('',(8.35481073757,12.2518403653,3.));
#104 = CARTESIAN_POINT('',(8.77677855674,12.3779193361,3.));
#105 = CARTESIAN_POINT('',(9.64371296306,12.5354809914,3.));
#106 = CARTESIAN_POINT('',(10.5264003018,12.501400762,3.));
#107 = CARTESIAN_POINT('',(10.9630506746,12.435748566,3.));
#108 = CARTESIAN_POINT('',(11.8186421203,12.2088457881,3.));
#109 = CARTESIAN_POINT('',(12.5957546194,11.8071306708,3.));
#110 = CARTESIAN_POINT('',(12.9603131848,11.5642190824,3.));
#111 = CARTESIAN_POINT('',(13.7355490363,10.916301294,3.));
#112 = CARTESIAN_POINT('',(14.3095225983,10.1246556547,3.));
#113 = CARTESIAN_POINT('',(14.5637500219,9.64244819984,3.));
#114 = CARTESIAN_POINT('',(14.8362924347,8.90481893489,3.));
#115 = CARTESIAN_POINT('',(14.96121877,8.18885510165,3.));
#116 = CARTESIAN_POINT('',(14.9876332288,7.95243137655,3.));
#117 = CARTESIAN_POINT('',(15.,7.72240966553,3.));
#118 = CARTESIAN_POINT('',(15.,7.5,3.));
#119 = ORIENTED_EDGE('',*,*,#120,.T.);
#120 = EDGE_CURVE('',#92,#90,#121,.T.);
#121 = B_SPLINE_CURVE_WITH_KNOTS('',5,(#122,#123,#124,#125,#126,#127,
    #128,#129,#130,#131,#132,#133,#134,#135,#136,#137,#138,#139,#140,
    #141,#142,#143,#144,#145),.UNSPECIFIED.,.F.,.F.,(6,3,3,3,3,3,3,6),(
    0.,4.15513164517,7.85828164968,10.7238180555,13.5836589972,
    16.4911855043,20.3877608712,22.3658107337),.UNSPECIFIED.);
#122 = CARTESIAN_POINT('',(15.,7.5,3.));
#123 = CARTESIAN_POINT('',(15.,7.03280174754,3.));
#124 = CARTESIAN_POINT('',(14.9454303202,6.53201453581,3.));
#125 = CARTESIAN_POINT('',(14.8204177413,6.00887696498,3.));
#126 = CARTESIAN_POINT('',(14.4273138745,5.01993856555,3.));
#127 = CARTESIAN_POINT('',(13.7419853635,4.11909525976,3.));
#128 = CARTESIAN_POINT('',(13.3547638071,3.73137366727,3.));
#129 = CARTESIAN_POINT('',(12.5674913741,3.13791197119,3.));
#130 = CARTESIAN_POINT('',(11.6451892622,2.74815963462,3.));
#131 = CARTESIAN_POINT('',(11.2232214435,2.62208066399,3.));
#132 = CARTESIAN_POINT('',(10.3562870372,2.46451900862,3.));
#133 = CARTESIAN_POINT('',(9.47359969847,2.49859923799,3.));
#134 = CARTESIAN_POINT('',(9.03694932519,2.56425143411,3.));
#135 = CARTESIAN_POINT('',(8.18135787977,2.79115421194,3.));
#136 = CARTESIAN_POINT('',(7.40424538089,3.19286932902,3.));
#137 = CARTESIAN_POINT('',(7.03968681504,3.43578091778,3.));
#138 = CARTESIAN_POINT('',(6.26445096378,4.08369870599,3.));
#139 = CARTESIAN_POINT('',(5.69047740185,4.87534434499,3.));
#140 = CARTESIAN_POINT('',(5.43624997802,5.35755180047,3.));
#141 = CARTESIAN_POINT('',(5.1637075653,6.09518106513,3.));
#142 = CARTESIAN_POINT('',(5.03878123004,6.81114489813,3.));
#143 = CARTESIAN_POINT('',(5.01236677119,7.04756862366,3.));
#144 = CARTESIAN_POINT('',(5.,7.27759033457,3.));
#145 = CARTESIAN_POINT('',(5.,7.5,3.));
#146 = PLANE('',#147);
#147 = AXIS2_PLACEMENT_3D('',#148,#149,#150);
#148 = CARTESIAN_POINT('',(10.,7.5,3.));
#149 = DIRECTION('',(0.,0.,1.));
#150 = DIRECTION('',(1.,0.,-0.));
#151 = ADVANCED_FACE('',(#152),#177,.T.);
#152 = FACE_BOUND('',#153,.T.);
#153 = EDGE_LOOP('',(#154,#162,#163,#171));
#154 = ORIENTED_EDGE('',*,*,#155,.T.);
#155 = EDGE_CURVE('',#156,#56,#158,.T.);
#156 = VERTEX_POINT('',#157);
#157 = CARTESIAN_POINT('',(20.,0.,0.));
#158 = LINE('',#159,#160);
#159 = CARTESIAN_POINT('',(20.,0.,1.5));
#160 = VECTOR('',#161,1.);
#161 = DIRECTION('',(0.,0.,1.));
#162 = ORIENTED_EDGE('',*,*,#55,.T.);
#163 = ORIENTED_EDGE('',*,*,#164,.F.);
#164 = EDGE_CURVE('',#165,#58,#167,.T.);
#165 = VERTEX_POINT('',#166);
#166 = CARTESIAN_POINT('',(0.,0.,0.));
#167 = LINE('',#168,#169);
#168 = CARTESIAN_POINT('',(0.,0.,1.5));
#169 = VECTOR('',#170,1.);
#170 = DIRECTION('',(0.,0.,1.));
#171 = ORIENTED_EDGE('',*,*,#172,.T.);
#172 = EDGE_CURVE('',#165,#156,#173,.T.);
#173 = LINE('',#174,#175);
#174 = CARTESIAN_POINT('',(10.,0.,0.));
#175 = VECTOR('',#176,1.);
#176 = DIRECTION('',(1.,0.,0.));
#177 = PLANE('',#178);
#178 = AXIS2_PLACEMENT_3D('',#179,#180,#181);
#179 = CARTESIAN_POINT('',(10.,0.,0.));
#180 = DIRECTION('',(0.,-1.,0.));
#181 = DIRECTION('',(0.,0.,-1.));
#182 = ADVANCED_FACE('',(#183),#201,.T.);
#183 = FACE_BOUND('',#184,.T.);
#184 = EDGE_LOOP('',(#185,#193,#199,#200));
#185 = ORIENTED_EDGE('',*,*,#186,.T.);
#186 = EDGE_CURVE('',#156,#187,#189,.T.);
#187 = VERTEX_POINT('',#188);
#188 = CARTESIAN_POINT('',(20.,15.,0.));
#189 = LINE('',#190,#191);
#190 = CARTESIAN_POINT('',(20.,7.5,0.));
#191 = VECTOR('',#192,1.);
#192 = DIRECTION('',(0.,1.,0.));
#193 = ORIENTED_EDGE('',*,*,#194,.T.);
#194 = EDGE_CURVE('',#187,#66,#195,.T.);
#195 = LINE('',#196,#197);
#196 = CARTESIAN_POINT('',(20.,15.,1.5));
#197 = VECTOR('',#198,1.);
#198 = DIRECTION('',(0.,0.,1.));
#199 = ORIENTED_EDGE('',*,*,#65,.T.);
#200 = ORIENTED_EDGE('',*,*,#155,.F.);
#201 = PLANE('',#202);
#202 = AXIS2_PLACEMENT_3D('',#203,#204,#205);
#203 = CARTESIAN_POINT('',(20.,7.5,0.));
#204 = DIRECTION('',(1.,0.,0.));
#205 = DIRECTION('',(0.,0.,-1.));
#206 = ADVANCED_FACE('',(#207),#225,.T.);
#207 = FACE_BOUND('',#208,.T.);
#208 = EDGE_LOOP('',(#209,#217,#218,#219));
#209 = ORIENTED_EDGE('',*,*,#210,.T.);
#210 = EDGE_CURVE('',#211,#74,#213,.T.);
#211 = VERTEX_POINT('',#212);
#212 = CARTESIAN_POINT('',(0.,15.,0.));
#213 = LINE('',#214,#215);
#214 = CARTESIAN_POINT('',(0.,15.,1.5));
#215 = VECTOR('',#216,1.);
#216 = DIRECTION('',(0.,0.,1.));
#217 = ORIENTED_EDGE('',*,*,#73,.T.);
#218 = ORIENTED_EDGE('',*,*,#194,.F.);
#219 = ORIENTED_EDGE('',*,*,#220,.T.);
#220 = EDGE_CURVE('',#187,#211,#221,.T.);
#221 = LINE('',#222,#223);
#222 = CARTESIAN_POINT('',(10.,15.,0.));
#223 = VECTOR('',#224,1.);
#224 = DIRECTION('',(-1.,0.,0.));
#225 = PLANE('',#226);
#226 = AXIS2_PLACEMENT_3D('',#227,#228,#229);
#227 = CARTESIAN_POINT('',(10.,15.,0.));
#228 = DIRECTION('',(0.,1.,0.));
#229 = DIRECTION('',(0.,-0.,1.));
#230 = ADVANCED_FACE('',(#231),#242,.T.);
#231 = FACE_BOUND('',#232,.T.);
#232 = EDGE_LOOP('',(#233,#234,#235,#236));
#233 = ORIENTED_EDGE('',*,*,#164,.T.);
#234 = ORIENTED_EDGE('',*,*,#81,.T.);
#235 = ORIENTED_EDGE('',*,*,#210,.F.);
#236 = ORIENTED_EDGE('',*,*,#237,.T.);
#237 = EDGE_CURVE('',#211,#165,#238,.T.);
#238 = LINE('',#239,#240);
#239 = CARTESIAN_POINT('',(0.,7.5,0.));
#240 = VECTOR('',#241,1.);
#241 = DIRECTION('',(0.,-1.,0.));
#242 = PLANE('',#243);
#243 = AXIS2_PLACEMENT_3D('',#244,#245,#246);
#244 = CARTESIAN_POINT('',(0.,7.5,0.));
#245 = DIRECTION('',(-1.,0.,0.));
#246 = DIRECTION('',(0.,0.,1.));
#247 = ADVANCED_FACE('',(#248),#272,.T.);
#248 = FACE_BOUND('',#249,.T.);
#249 = EDGE_LOOP('',(#250,#261,#266,#267));
#250 = ORIENTED_EDGE('',*,*,#251,.T.);
#251 = EDGE_CURVE('',#252,#254,#256,.T.);
#252 = VERTEX_POINT('',#253);
#253 = CARTESIAN_POINT('',(5.,7.5,2.22044604925E-16));
#254 = VERTEX_POINT('',#255);
#255 = CARTESIAN_POINT('',(15.,7.5,0.));
#256 = ( BOUNDED_CURVE() B_SPLINE_CURVE(3,(#257,#258,#259,#260),
.UNSPECIFIED.,.F.,.F.) B_SPLINE_CURVE_WITH_KNOTS((4,4),(0.,30.),
.PIECEWISE_BEZIER_KNOTS.) CURVE() GEOMETRIC_REPRESENTATION_ITEM() 
RATIONAL_B_SPLINE_CURVE((1.,0.33333333333,0.33333333333,1.)) 
REPRESENTATION_ITEM('') );
#257 = CARTESIAN_POINT('',(5.,7.5,0.));
#258 = CARTESIAN_POINT('',(5.,17.5,0.));
#259 = CARTESIAN_POINT('',(15.,17.5,0.));
#260 = CARTESIAN_POINT('',(15.,7.5,0.));
#261 = ORIENTED_EDGE('',*,*,#262,.F.);
#262 = EDGE_CURVE('',#92,#254,#263,.T.);
#263 = B_SPLINE_CURVE_WITH_KNOTS('',1,(#264,#265),.UNSPECIFIED.,.F.,.F.,
  (2,2),(9.9800399E-04,3.00099800399),.PIECEWISE_BEZIER_KNOTS.);
#264 = CARTESIAN_POINT('',(15.,7.5,3.));
#265 = CARTESIAN_POINT('',(15.,7.5,0.));
#266 = ORIENTED_EDGE('',*,*,#89,.F.);
#267 = ORIENTED_EDGE('',*,*,#268,.T.);
#268 = EDGE_CURVE('',#90,#252,#269,.T.);
#269 = B_SPLINE_CURVE_WITH_KNOTS('',1,(#270,#271),.UNSPECIFIED.,.F.,.F.,
  (2,2),(9.9800399E-04,3.00099800399),.PIECEWISE_BEZIER_KNOTS.);
#270 = CARTESIAN_POINT('',(5.,7.5,3.));
#271 = CARTESIAN_POINT('',(5.,7.5,0.));
#272 = ( BOUNDED_SURFACE() B_SPLINE_SURFACE(1,3,(
    (#273,#274,#275,#276)
    ,(#277,#278,#279,#280
)),.UNSPECIFIED.,.F.,.F.,.F.) B_SPLINE_SURFACE_WITH_KNOTS((2,2),(4,4),(
    9.9800399E-04,3.00099800399),(0.,30.),.PIECEWISE_BEZIER_KNOTS.) 
GEOMETRIC_REPRESENTATION_ITEM() RATIONAL_B_SPLINE_SURFACE((
    (1.,0.33333333333,0.33333333333,1.)
,(1.,0.33333333333,0.33333333333,1.
  ))) REPRESENTATION_ITEM('') SURFACE() );
#273 = CARTESIAN_POINT('',(5.,7.5,3.));
#274 = CARTESIAN_POINT('',(5.,17.5,3.));
#275 = CARTESIAN_POINT('',(15.,17.5,3.));
#276 = CARTESIAN_POINT('',(15.,7.5,3.));
#277 = CARTESIAN_POINT('',(5.,7.5,0.));
#278 = CARTESIAN_POINT('',(5.,17.5,0.));
#279 = CARTESIAN_POINT('',(15.,17.5,0.));
#280 = CARTESIAN_POINT('',(15.,7.5,0.));
#281 = ADVANCED_FACE('',(#282),#294,.T.);
#282 = FACE_BOUND('',#283,.T.);
#283 = EDGE_LOOP('',(#284,#291,#292,#293));
#284 = ORIENTED_EDGE('',*,*,#285,.T.);
#285 = EDGE_CURVE('',#254,#252,#286,.T.);
#286 = ( BOUNDED_CURVE() B_SPLINE_CURVE(3,(#287,#288,#289,#290),
.UNSPECIFIED.,.F.,.F.) B_SPLINE_CURVE_WITH_KNOTS((4,4),(0.,30.),
.PIECEWISE_BEZIER_KNOTS.) CURVE() GEOMETRIC_REPRESENTATION_ITEM() 
RATIONAL_B_SPLINE_CURVE((1.,0.33333333333,0.33333333333,1.)) 
REPRESENTATION_ITEM('') );
#287 = CARTESIAN_POINT('',(15.,7.5,0.));
#288 = CARTESIAN_POINT('',(15.,-2.5,0.));
#289 = CARTESIAN_POINT('',(5.,-2.5,0.));
#290 = CARTESIAN_POINT('',(5.,7.5,0.));
#291 = ORIENTED_EDGE('',*,*,#268,.F.);
#292 = ORIENTED_EDGE('',*,*,#120,.F.);
#293 = ORIENTED_EDGE('',*,*,#262,.T.);
#294 = ( BOUNDED_SURFACE() B_SPLINE_SURFACE(1,3,(
    (#295,#296,#297,#298)
    ,(#299,#300,#301,#302
)),.UNSPECIFIED.,.F.,.F.,.F.) B_SPLINE_SURFACE_WITH_KNOTS((2,2),(4,4),(
    9.9800399E-04,3.00099800399),(0.,30.),.PIECEWISE_BEZIER_KNOTS.) 
GEOMETRIC_REPRESENTATION_ITEM() RATIONAL_B_SPLINE_SURFACE((
    (1.,0.33333333333,0.33333333333,1.)
,(1.,0.33333333333,0.33333333333,1.
  ))) REPRESENTATION_ITEM('') SURFACE() );
#295 = CARTESIAN_POINT('',(15.,7.5,3.));
#296 = CARTESIAN_POINT('',(15.,-2.5,3.));
#297 = CARTESIAN_POINT('',(5.,-2.5,3.));
#298 = CARTESIAN_POINT('',(5.,7.5,3.));
#299 = CARTESIAN_POINT('',(15.,7.5,0.));
#300 = CARTESIAN_POINT('',(15.,-2.5,0.));
#301 = CARTESIAN_POINT('',(5.,-2.5,0.));
#302 = CARTESIAN_POINT('',(5.,7.5,0.));
#303 = ADVANCED_FACE('',(#304,#310),#314,.T.);
#304 = FACE_BOUND('',#305,.T.);
#305 = EDGE_LOOP('',(#306,#307,#308,#309));
#306 = ORIENTED_EDGE('',*,*,#186,.F.);
#307 = ORIENTED_EDGE('',*,*,#172,.F.);
#308 = ORIENTED_EDGE('',*,*,#237,.F.);
#309 = ORIENTED_EDGE('',*,*,#220,.F.);
#310 = FACE_BOUND('',#311,.T.);
#311 = EDGE_LOOP('',(#312,#313));
#312 = ORIENTED_EDGE('',*,*,#285,.F.);
#313 = ORIENTED_EDGE('',*,*,#251,.F.);
#314 = PLANE('',#315);
#315 = AXIS2_PLACEMENT_3D('',#316,#317,#318);
#316 = CARTESIAN_POINT('',(10.,7.5,0.));
#317 = DIRECTION('',(0.,0.,-1.));
#318 = DIRECTION('',(-1.,0.,0.));
#319 = ( GEOMETRIC_REPRESENTATION_CONTEXT(3) 
GLOBAL_UNCERTAINTY_ASSIGNED_CONTEXT((#323)) GLOBAL_UNIT_ASSIGNED_CONTEXT
((#320,#321,#322)) REPRESENTATION_CONTEXT('Context #1',
  '3D Context with UNIT and UNCERTAINTY') );
#320 = ( LENGTH_UNIT() NAMED_UNIT(*) SI_UNIT(.MILLI.,.METRE.) );
#321 = ( NAMED_UNIT(*) PLANE_ANGLE_UNIT() SI_UNIT($,.RADIAN.) );
#322 = ( NAMED_UNIT(*) SI_UNIT($,.STERADIAN.) SOLID_ANGLE_UNIT() );
#323 = UNCERTAINTY_MEASURE_WITH_UNIT(LENGTH_MEASURE(5.E-06),#320,
  'distance_accuracy_value','confusion accuracy');
#324 = CONTEXT_DEPENDENT_SHAPE_REPRESENTATION(#325,#327);
#325 = ( REPRESENTATION_RELATIONSHIP('','',#48,#10) 
REPRESENTATION_RELATIONSHIP_WITH_TRANSFORMATION(#326) 
SHAPE_REPRESENTATION_RELATIONSHIP() );
#326 = ITEM_DEFINED_TRANSFORMATION('','',#11,#15);
#327 = PRODUCT_DEFINITION_SHAPE('Placement','Placement of an item',#328
  );
#328 = NEXT_ASSEMBLY_USAGE_OCCURRENCE('1','nut_1','',#5,#43,$);
#329 = PRODUCT_RELATED_PRODUCT_CATEGORY('part',$,(#45));
#330 = SHAPE_DEFINITION_REPRESENTATION(#331,#337);
#331 = PRODUCT_DEFINITION_SHAPE('','',#332);
#332 = PRODUCT_DEFINITION('design','',#333,#336);
#333 = PRODUCT_DEFINITION_FORMATION('','',#334);
#334 = PRODUCT('rod','rod','',(#335));
#335 = PRODUCT_CONTEXT('',#2,'mechanical');
#336 = PRODUCT_DEFINITION_CONTEXT('part definition',#2,'design');
#337 = ADVANCED_BREP_SHAPE_REPRESENTATION('',(#11,#338),#472);
#338 = MANIFOLD_SOLID_BREP('',#339);
#339 = CLOSED_SHELL('',(#340,#406,#440,#462));
#340 = ADVANCED_FACE('',(#341),#401,.T.);
#341 = FACE_BOUND('',#342,.T.);
#342 = EDGE_LOOP('',(#343,#374));
#343 = ORIENTED_EDGE('',*,*,#344,.F.);
#344 = EDGE_CURVE('',#345,#347,#349,.T.);
#345 = VERTEX_POINT('',#346);
#346 = CARTESIAN_POINT('',(5.,2.22044604925E-16,200.));
#347 = VERTEX_POINT('',#348);
#348 = CARTESIAN_POINT('',(-5.,-2.22044604925E-16,200.));
#349 = B_SPLINE_CURVE_WITH_KNOTS('',5,(#350,#351,#352,#353,#354,#355,
    #356,#357,#358,#359,#360,#361,#362,#363,#364,#365,#366,#367,#368,
    #369,#370,#371,#372,#373),.UNSPECIFIED.,.F.,.F.,(6,3,3,3,3,3,3,6),(
    0.,4.15513164387,7.85828164661,10.7238180516,13.5836589935,
    16.4911855015,20.38776087,22.3658107353),.UNSPECIFIED.);
#350 = CARTESIAN_POINT('',(5.,-2.22044604925E-16,200.));
#351 = CARTESIAN_POINT('',(5.,-0.467198252312,200.));
#352 = CARTESIAN_POINT('',(4.94543032016,-0.967985463874,200.));
#353 = CARTESIAN_POINT('',(4.82041774119,-1.49112303535,200.));
#354 = CARTESIAN_POINT('',(4.42731387443,-2.48006143438,200.));
#355 = CARTESIAN_POINT('',(3.74198536382,-3.38090473983,200.));
#356 = CARTESIAN_POINT('',(3.35476380665,-3.76862633308,200.));
#357 = CARTESIAN_POINT('',(2.56749137395,-4.36208802884,200.));
#358 = CARTESIAN_POINT('',(1.64518926245,-4.75184036526,200.));
#359 = CARTESIAN_POINT('',(1.22322144323,-4.87791933608,200.));
#360 = CARTESIAN_POINT('',(0.356287037014,-5.03548099138,200.));
#361 = CARTESIAN_POINT('',(-0.52640030158,-5.00140076198,200.));
#362 = CARTESIAN_POINT('',(-0.963050674765,-4.93574856594,200.));
#363 = CARTESIAN_POINT('',(-1.81864212033,-4.70884578804,200.));
#364 = CARTESIAN_POINT('',(-2.59575461931,-4.30713067084,200.));
#365 = CARTESIAN_POINT('',(-2.9603131848,-4.06421908239,200.));
#366 = CARTESIAN_POINT('',(-3.73554903634,-3.41630129394,200.));
#367 = CARTESIAN_POINT('',(-4.3095225984,-2.62465565461,200.));
#368 = CARTESIAN_POINT('',(-4.56375002186,-2.14244819995,200.));
#369 = CARTESIAN_POINT('',(-4.8362924348,-1.40481893471,200.));
#370 = CARTESIAN_POINT('',(-4.96121877006,-0.68885510118,200.));
#371 = CARTESIAN_POINT('',(-4.98763322877,-0.452431376999,200.));
#372 = CARTESIAN_POINT('',(-5.,-0.222409665749,200.));
#373 = CARTESIAN_POINT('',(-5.,4.4408920985E-16,200.));
#374 = ORIENTED_EDGE('',*,*,#375,.F.);
#375 = EDGE_CURVE('',#347,#345,#376,.T.);
#376 = B_SPLINE_CURVE_WITH_KNOTS('',5,(#377,#378,#379,#380,#381,#382,
    #383,#384,#385,#386,#387,#388,#389,#390,#391,#392,#393,#394,#395,
    #396,#397,#398,#399,#400),.UNSPECIFIED.,.F.,.F.,(6,3,3,3,3,3,3,6),(
    0.,4.15513164387,7.85828164661,10.7238180516,13.5836589935,
    16.4911855015,20.38776087,22.3658107353),.UNSPECIFIED.);
#377 = CARTESIAN_POINT('',(-5.,2.22044604925E-16,200.));
#378 = CARTESIAN_POINT('',(-5.,0.467198252312,200.));
#379 = CARTESIAN_POINT('',(-4.94543032016,0.967985463874,200.));
#380 = CARTESIAN_POINT('',(-4.82041774119,1.49112303535,200.));
#381 = CARTESIAN_POINT('',(-4.42731387443,2.48006143438,200.));
#382 = CARTESIAN_POINT('',(-3.74198536382,3.38090473983,200.));
#383 = CARTESIAN_POINT('',(-3.35476380665,3.76862633308,200.));
#384 = CARTESIAN_POINT('',(-2.56749137395,4.36208802884,200.));
#385 = CARTESIAN_POINT('',(-1.64518926245,4.75184036526,200.));
#386 = CARTESIAN_POINT('',(-1.22322144323,4.87791933608,200.));
#387 = CARTESIAN_POINT('',(-0.356287037014,5.03548099138,200.));
#388 = CARTESIAN_POINT('',(0.52640030158,5.00140076198,200.));
#389 = CARTESIAN_POINT('',(0.963050674765,4.93574856594,200.));
#390 = CARTESIAN_POINT('',(1.81864212033,4.70884578804,200.));
#391 = CARTESIAN_POINT('',(2.59575461931,4.30713067084,200.));
#392 = CARTESIAN_POINT('',(2.9603131848,4.06421908239,200.));
#393 = CARTESIAN_POINT('',(3.73554903634,3.41630129394,200.));
#394 = CARTESIAN_POINT('',(4.3095225984,2.62465565461,200.));
#395 = CARTESIAN_POINT('',(4.56375002186,2.14244819995,200.));
#396 = CARTESIAN_POINT('',(4.8362924348,1.40481893471,200.));
#397 = CARTESIAN_POINT('',(4.96121877006,0.68885510118,200.));
#398 = CARTESIAN_POINT('',(4.98763322877,0.452431376999,200.));
#399 = CARTESIAN_POINT('',(5.,0.222409665749,200.));
#400 = CARTESIAN_POINT('',(5.,-4.4408920985E-16,200.));
#401 = PLANE('',#402);
#402 = AXIS2_PLACEMENT_3D('',#403,#404,#405);
#403 = CARTESIAN_POINT('',(0.,0.,200.));
#404 = DIRECTION('',(0.,0.,1.));
#405 = DIRECTION('',(1.,0.,-0.));
#406 = ADVANCED_FACE('',(#407),#431,.T.);
#407 = FACE_BOUND('',#408,.T.);
#408 = EDGE_LOOP('',(#409,#410,#417,#426));
#409 = ORIENTED_EDGE('',*,*,#344,.T.);
#410 = ORIENTED_EDGE('',*,*,#411,.T.);
#411 = EDGE_CURVE('',#347,#412,#414,.T.);
#412 = VERTEX_POINT('',#413);
#413 = CARTESIAN_POINT('',(-5.,0.,0.));
#414 = B_SPLINE_CURVE_WITH_KNOTS('',1,(#415,#416),.UNSPECIFIED.,.F.,.F.,
  (2,2),(9.9800399E-04,200.000998004),.PIECEWISE_BEZIER_KNOTS.);
#415 = CARTESIAN_POINT('',(-5.,-5.55111512307E-16,200.));
#416 = CARTESIAN_POINT('',(-5.,-5.55111512307E-16,0.));
#417 = ORIENTED_EDGE('',*,*,#418,.T.);
#418 = EDGE_CURVE('',#412,#419,#421,.T.);
#419 = VERTEX_POINT('',#420);
#420 = CARTESIAN_POINT('',(5.,0.,0.));
#421 = ( BOUNDED_CURVE() B_SPLINE_CURVE(3,(#422,#423,#424,#425),
.UNSPECIFIED.,.F.,.F.) B_SPLINE_CURVE_WITH_KNOTS((4,4),(0.,30.),
.PIECEWISE_BEZIER_KNOTS.) CURVE() GEOMETRIC_REPRESENTATION_ITEM() 
RATIONAL_B_SPLINE_CURVE((1.,0.33333333333,0.33333333333,1.)) 
REPRESENTATION_ITEM('') );
#422 = CARTESIAN_POINT('',(-5.,0.,0.));
#423 = CARTESIAN_POINT('',(-5.,-10.,0.));
#424 = CARTESIAN_POINT('',(5.,-10.,0.));
#425 = CARTESIAN_POINT('',(5.,0.,0.));
#426 = ORIENTED_EDGE('',*,*,#427,.F.);
#427 = EDGE_CURVE('',#345,#419,#428,.T.);
#428 = B_SPLINE_CURVE_WITH_KNOTS('',1,(#429,#430),.UNSPECIFIED.,.F.,.F.,
  (2,2),(9.9800399E-04,200.000998004),.PIECEWISE_BEZIER_KNOTS.);
#429 = CARTESIAN_POINT('',(5.,-5.55111512307E-16,200.));
#430 = CARTESIAN_POINT('',(5.,-5.55111512307E-16,0.));
#431 = ( BOUNDED_SURFACE() B_SPLINE_SURFACE(1,3,(
    (#432,#433,#434,#435)
    ,(#436,#437,#438,#439
)),.UNSPECIFIED.,.F.,.F.,.F.) B_SPLINE_SURFACE_WITH_KNOTS((2,2),(4,4),(
    9.9800399E-04,200.000998004),(0.,30.),.PIECEWISE_BEZIER_KNOTS.) 
GEOMETRIC_REPRESENTATION_ITEM() RATIONAL_B_SPLINE_SURFACE((
    (1.,0.33333333333,0.33333333333,1.)
,(1.,0.33333333333,0.33333333333,1.
  ))) REPRESENTATION_ITEM('') SURFACE() );
#432 = CARTESIAN_POINT('',(-5.,0.,200.));
#433 = CARTESIAN_POINT('',(-5.,-10.,200.));
#434 = CARTESIAN_POINT('',(5.,-10.,200.));
#435 = CARTESIAN_POINT('',(5.,0.,200.));
#436 = CARTESIAN_POINT('',(-5.,0.,0.));
#437 = CARTESIAN_POINT('',(-5.,-10.,0.));
#438 = CARTESIAN_POINT('',(5.,-10.,0.));
#439 = CARTESIAN_POINT('',(5.,0.,0.));
#440 = ADVANCED_FACE('',(#441),#453,.T.);
#441 = FACE_BOUND('',#442,.T.);
#442 = EDGE_LOOP('',(#443,#444,#445,#452));
#443 = ORIENTED_EDGE('',*,*,#375,.T.);
#444 = ORIENTED_EDGE('',*,*,#427,.T.);
#445 = ORIENTED_EDGE('',*,*,#446,.T.);
#446 = EDGE_CURVE('',#419,#412,#447,.T.);
#447 = ( BOUNDED_CURVE() B_SPLINE_CURVE(3,(#448,#449,#450,#451),
.UNSPECIFIED.,.F.,.F.) B_SPLINE_CURVE_WITH_KNOTS((4,4),(0.,30.),
.PIECEWISE_BEZIER_KNOTS.) CURVE() GEOMETRIC_REPRESENTATION_ITEM() 
RATIONAL_B_SPLINE_CURVE((1.,0.33333333333,0.33333333333,1.)) 
REPRESENTATION_ITEM('') );
#448 = CARTESIAN_POINT('',(5.,0.,0.));
#449 = CARTESIAN_POINT('',(5.,10.,0.));
#450 = CARTESIAN_POINT('',(-5.,10.,0.));
#451 = CARTESIAN_POINT('',(-5.,0.,0.));
#452 = ORIENTED_EDGE('',*,*,#411,.F.);
#453 = ( BOUNDED_SURFACE() B_SPLINE_SURFACE(1,3,(
    (#454,#455,#456,#457)
    ,(#458,#459,#460,#461
)),.UNSPECIFIED.,.F.,.F.,.F.) B_SPLINE_SURFACE_WITH_KNOTS((2,2),(4,4),(
    9.9800399E-04,200.000998004),(0.,30.),.PIECEWISE_BEZIER_KNOTS.) 
GEOMETRIC_REPRESENTATION_ITEM() RATIONAL_B_SPLINE_SURFACE((
    (1.,0.33333333333,0.33333333333,1.)
,(1.,0.33333333333,0.33333333333,1.
  ))) REPRESENTATION_ITEM('') SURFACE() );
#454 = CARTESIAN_POINT('',(5.,0.,200.));
#455 = CARTESIAN_POINT('',(5.,10.,200.));
#456 = CARTESIAN_POINT('',(-5.,10.,200.));
#457 = CARTESIAN_POINT('',(-5.,0.,200.));
#458 = CARTESIAN_POINT('',(5.,0.,0.));
#459 = CARTESIAN_POINT('',(5.,10.,0.));
#460 = CARTESIAN_POINT('',(-5.,10.,0.));
#461 = CARTESIAN_POINT('',(-5.,0.,0.));
#462 = ADVANCED_FACE('',(#463),#467,.T.);
#463 = FACE_BOUND('',#464,.T.);
#464 = EDGE_LOOP('',(#465,#466));
#465 = ORIENTED_EDGE('',*,*,#418,.F.);
#466 = ORIENTED_EDGE('',*,*,#446,.F.);
#467 = PLANE('',#468);
#468 = AXIS2_PLACEMENT_3D('',#469,#470,#471);
#469 = CARTESIAN_POINT('',(0.,0.,0.));
#470 = DIRECTION('',(0.,0.,-1.));
#471 = DIRECTION('',(-1.,0.,0.));
#472 = ( GEOMETRIC_REPRESENTATION_CONTEXT(3) 
GLOBAL_UNCERTAINTY_ASSIGNED_CONTEXT((#476)) GLOBAL_UNIT_ASSIGNED_CONTEXT
((#473,#474,#475)) REPRESENTATION_CONTEXT('Context #1',
  '3D Context with UNIT and UNCERTAINTY') );
#473 = ( LENGTH_UNIT() NAMED_UNIT(*) SI_UNIT(.MILLI.,.METRE.) );
#474 = ( NAMED_UNIT(*) PLANE_ANGLE_UNIT() SI_UNIT($,.RADIAN.) );
#475 = ( NAMED_UNIT(*) SI_UNIT($,.STERADIAN.) SOLID_ANGLE_UNIT() );
#476 = UNCERTAINTY_MEASURE_WITH_UNIT(LENGTH_MEASURE(1.E-05),#473,
  'distance_accuracy_value','confusion accuracy');
#477 = CONTEXT_DEPENDENT_SHAPE_REPRESENTATION(#478,#480);
#478 = ( REPRESENTATION_RELATIONSHIP('','',#337,#10) 
REPRESENTATION_RELATIONSHIP_WITH_TRANSFORMATION(#479) 
SHAPE_REPRESENTATION_RELATIONSHIP() );
#479 = ITEM_DEFINED_TRANSFORMATION('','',#11,#19);
#480 = PRODUCT_DEFINITION_SHAPE('Placement','Placement of an item',#481
  );
#481 = NEXT_ASSEMBLY_USAGE_OCCURRENCE('2','rod_1','',#5,#332,$);
#482 = PRODUCT_RELATED_PRODUCT_CATEGORY('part',$,(#334));
#483 = SHAPE_DEFINITION_REPRESENTATION(#484,#490);
#484 = PRODUCT_DEFINITION_SHAPE('','',#485);
#485 = PRODUCT_DEFINITION('design','',#486,#489);
#486 = PRODUCT_DEFINITION_FORMATION('','',#487);
#487 = PRODUCT('bolt','bolt','',(#488));
#488 = PRODUCT_CONTEXT('',#2,'mechanical');
#489 = PRODUCT_DEFINITION_CONTEXT('part definition',#2,'design');
#490 = ADVANCED_BREP_SHAPE_REPRESENTATION('',(#11,#491),#751);
#491 = MANIFOLD_SOLID_BREP('',#492);
#492 = CLOSED_SHELL('',(#493,#619,#653,#675,#709,#731,#741));
#493 = ADVANCED_FACE('',(#494,#554),#614,.T.);
#494 = FACE_BOUND('',#495,.T.);
#495 = EDGE_LOOP('',(#496,#527));
#496 = ORIENTED_EDGE('',*,*,#497,.F.);
#497 = EDGE_CURVE('',#498,#500,#502,.T.);
#498 = VERTEX_POINT('',#499);
#499 = CARTESIAN_POINT('',(7.5,0.,3.));
#500 = VERTEX_POINT('',#501);
#501 = CARTESIAN_POINT('',(-7.5,0.,3.));
#502 = B_SPLINE_CURVE_WITH_KNOTS('',5,(#503,#504,#505,#506,#507,#508,
    #509,#510,#511,#512,#513,#514,#515,#516,#517,#518,#519,#520,#521,
    #522,#523,#524,#525,#526),.UNSPECIFIED.,.F.,.F.,(6,3,3,3,3,3,3,6),(
    0.,5.20225778542,9.84158873828,14.2673349509,18.6433186512,
    23.0548848731,27.6530164185,33.5425690087),.UNSPECIFIED.);
#503 = CARTESIAN_POINT('',(7.5,6.66133814775E-16,3.));
#504 = CARTESIAN_POINT('',(7.5,-0.585054612929,3.));
#505 = CARTESIAN_POINT('',(7.44295106424,-1.20521801478,3.));
#506 = CARTESIAN_POINT('',(7.31515940691,-1.85033890984,3.));
#507 = CARTESIAN_POINT('',(6.9174836202,-3.08527233291,3.));
#508 = CARTESIAN_POINT('',(6.21610886075,-4.27235963842,3.));
#509 = CARTESIAN_POINT('',(5.81621499215,-4.80660561995,3.));
#510 = CARTESIAN_POINT('',(4.90603051399,-5.77088806315,3.));
#511 = CARTESIAN_POINT('',(3.775988505,-6.53134212728,3.));
#512 = CARTESIAN_POINT('',(3.1790299248,-6.8428729705,3.));
#513 = CARTESIAN_POINT('',(1.92404155108,-7.32665470362,3.));
#514 = CARTESIAN_POINT('',(0.582116172098,-7.52278240149,3.));
#515 = CARTESIAN_POINT('',(-9.46313364034E-02,-7.54474978799,3.));
#516 = CARTESIAN_POINT('',(-1.44588275644,-7.43589277948,3.));
#517 = CARTESIAN_POINT('',(-2.73149765405,-7.03353365966,3.));
#518 = CARTESIAN_POINT('',(-3.34804882139,-6.76091512264,3.));
#519 = CARTESIAN_POINT('',(-4.52434338626,-6.07498368569,3.));
#520 = CARTESIAN_POINT('',(-5.49752166125,-5.16815745669,3.));
#521 = CARTESIAN_POINT('',(-5.93188641726,-4.6595782538,3.));
#522 = CARTESIAN_POINT('',(-6.76982690894,-3.42768019481,3.));
#523 = CARTESIAN_POINT('',(-7.26056394836,-2.1079334227,3.));
#524 = CARTESIAN_POINT('',(-7.42688130669,-1.36969623529,3.));
#525 = CARTESIAN_POINT('',(-7.5,-0.662348936385,3.));
#526 = CARTESIAN_POINT('',(-7.5,-6.66133814775E-16,3.));
#527 = ORIENTED_EDGE('',*,*,#528,.F.);
#528 = EDGE_CURVE('',#500,#498,#529,.T.);
#529 = B_SPLINE_CURVE_WITH_KNOTS('',5,(#530,#531,#532,#533,#534,#535,
    #536,#537,#538,#539,#540,#541,#542,#543,#544,#545,#546,#547,#548,
    #549,#550,#551,#552,#553),.UNSPECIFIED.,.F.,.F.,(6,3,3,3,3,3,3,6),(
    0.,5.20225778542,9.84158873828,14.2673349509,18.6433186512,
    23.0548848731,27.6530164185,33.5425690087),.UNSPECIFIED.);
#530 = CARTESIAN_POINT('',(-7.5,-6.66133814775E-16,3.));
#531 = CARTESIAN_POINT('',(-7.5,0.585054612929,3.));
#532 = CARTESIAN_POINT('',(-7.44295106424,1.20521801478,3.));
#533 = CARTESIAN_POINT('',(-7.31515940691,1.85033890984,3.));
#534 = CARTESIAN_POINT('',(-6.9174836202,3.08527233291,3.));
#535 = CARTESIAN_POINT('',(-6.21610886075,4.27235963842,3.));
#536 = CARTESIAN_POINT('',(-5.81621499215,4.80660561995,3.));
#537 = CARTESIAN_POINT('',(-4.90603051399,5.77088806315,3.));
#538 = CARTESIAN_POINT('',(-3.775988505,6.53134212728,3.));
#539 = CARTESIAN_POINT('',(-3.1790299248,6.8428729705,3.));
#540 = CARTESIAN_POINT('',(-1.92404155108,7.32665470362,3.));
#541 = CARTESIAN_POINT('',(-0.582116172098,7.52278240149,3.));
#542 = CARTESIAN_POINT('',(9.46313364034E-02,7.54474978799,3.));
#543 = CARTESIAN_POINT('',(1.44588275644,7.43589277948,3.));
#544 = CARTESIAN_POINT('',(2.73149765405,7.03353365966,3.));
#545 = CARTESIAN_POINT('',(3.34804882139,6.76091512264,3.));
#546 = CARTESIAN_POINT('',(4.52434338626,6.07498368569,3.));
#547 = CARTESIAN_POINT('',(5.49752166125,5.16815745669,3.));
#548 = CARTESIAN_POINT('',(5.93188641726,4.6595782538,3.));
#549 = CARTESIAN_POINT('',(6.76982690894,3.42768019481,3.));
#550 = CARTESIAN_POINT('',(7.26056394836,2.1079334227,3.));
#551 = CARTESIAN_POINT('',(7.42688130669,1.36969623529,3.));
#552 = CARTESIAN_POINT('',(7.5,0.662348936385,3.));
#553 = CARTESIAN_POINT('',(7.5,6.66133814775E-16,3.));
#554 = FACE_BOUND('',#555,.T.);
#555 = EDGE_LOOP('',(#556,#587));
#556 = ORIENTED_EDGE('',*,*,#557,.F.);
#557 = EDGE_CURVE('',#558,#560,#562,.T.);
#558 = VERTEX_POINT('',#559);
#559 = CARTESIAN_POINT('',(-5.,2.22044604925E-16,3.));
#560 = VERTEX_POINT('',#561);
#561 = CARTESIAN_POINT('',(5.,-2.22044604925E-16,3.));
#562 = B_SPLINE_CURVE_WITH_KNOTS('',5,(#563,#564,#565,#566,#567,#568,
    #569,#570,#571,#572,#573,#574,#575,#576,#577,#578,#579,#580,#581,
    #582,#583,#584,#585,#586),.UNSPECIFIED.,.F.,.F.,(6,3,3,3,3,3,3,6),(
    0.,4.15513164387,7.85828164661,10.7238180516,13.5836589935,
    16.4911855015,20.38776087,22.3658107353),.UNSPECIFIED.);
#563 = CARTESIAN_POINT('',(-5.,-2.22044604925E-16,3.));
#564 = CARTESIAN_POINT('',(-5.,-0.467198252312,3.));
#565 = CARTESIAN_POINT('',(-4.94543032016,-0.967985463874,3.));
#566 = CARTESIAN_POINT('',(-4.82041774119,-1.49112303535,3.));
#567 = CARTESIAN_POINT('',(-4.42731387443,-2.48006143438,3.));
#568 = CARTESIAN_POINT('',(-3.74198536382,-3.38090473983,3.));
#569 = CARTESIAN_POINT('',(-3.35476380665,-3.76862633308,3.));
#570 = CARTESIAN_POINT('',(-2.56749137395,-4.36208802884,3.));
#571 = CARTESIAN_POINT('',(-1.64518926245,-4.75184036526,3.));
#572 = CARTESIAN_POINT('',(-1.22322144323,-4.87791933608,3.));
#573 = CARTESIAN_POINT('',(-0.356287037014,-5.03548099138,3.));
#574 = CARTESIAN_POINT('',(0.52640030158,-5.00140076198,3.));
#575 = CARTESIAN_POINT('',(0.963050674765,-4.93574856594,3.));
#576 = CARTESIAN_POINT('',(1.81864212033,-4.70884578804,3.));
#577 = CARTESIAN_POINT('',(2.59575461931,-4.30713067084,3.));
#578 = CARTESIAN_POINT('',(2.9603131848,-4.06421908239,3.));
#579 = CARTESIAN_POINT('',(3.73554903634,-3.41630129394,3.));
#580 = CARTESIAN_POINT('',(4.3095225984,-2.62465565461,3.));
#581 = CARTESIAN_POINT('',(4.56375002186,-2.14244819995,3.));
#582 = CARTESIAN_POINT('',(4.8362924348,-1.40481893471,3.));
#583 = CARTESIAN_POINT('',(4.96121877006,-0.68885510118,3.));
#584 = CARTESIAN_POINT('',(4.98763322877,-0.452431376999,3.));
#585 = CARTESIAN_POINT('',(5.,-0.222409665749,3.));
#586 = CARTESIAN_POINT('',(5.,4.4408920985E-16,3.));
#587 = ORIENTED_EDGE('',*,*,#588,.F.);
#588 = EDGE_CURVE('',#560,#558,#589,.T.);
#589 = B_SPLINE_CURVE_WITH_KNOTS('',5,(#590,#591,#592,#593,#594,#595,
    #596,#597,#598,#599,#600,#601,#602,#603,#604,#605,#606,#607,#608,
    #609,#610,#611,#612,#613),.UNSPECIFIED.,.F.,.F.,(6,3,3,3,3,3,3,6),(
    0.,4.15513164387,7.85828164661,10.7238180516,13.5836589935,
    16.4911855015,20.38776087,22.3658107353),.UNSPECIFIED.);
#590 = CARTESIAN_POINT('',(5.,2.22044604925E-16,3.));
#591 = CARTESIAN_POINT('',(5.,0.467198252312,3.));
#592 = CARTESIAN_POINT('',(4.94543032016,0.967985463874,3.));
#593 = CARTESIAN_POINT('',(4.82041774119,1.49112303535,3.));
#594 = CARTESIAN_POINT('',(4.42731387443,2.48006143438,3.));
#595 = CARTESIAN_POINT('',(3.74198536382,3.38090473983,3.));
#596 = CARTESIAN_POINT('',(3.35476380665,3.76862633308,3.));
#597 = CARTESIAN_POINT('',(2.56749137395,4.36208802884,3.));
#598 = CARTESIAN_POINT('',(1.64518926245,4.75184036526,3.));
#599 = CARTESIAN_POINT('',(1.22322144323,4.87791933608,3.));
#600 = CARTESIAN_POINT('',(0.356287037014,5.03548099138,3.));
#601 = CARTESIAN_POINT('',(-0.52640030158,5.00140076198,3.));
#602 = CARTESIAN_POINT('',(-0.963050674765,4.93574856594,3.));
#603 = CARTESIAN_POINT('',(-1.81864212033,4.70884578804,3.));
#604 = CARTESIAN_POINT('',(-2.59575461931,4.30713067084,3.));
#605 = CARTESIAN_POINT('',(-2.9603131848,4.06421908239,3.));
#606 = CARTESIAN_POINT('',(-3.73554903634,3.41630129394,3.));
#607 = CARTESIAN_POINT('',(-4.3095225984,2.62465565461,3.));
#608 = CARTESIAN_POINT('',(-4.56375002186,2.14244819995,3.));
#609 = CARTESIAN_POINT('',(-4.8362924348,1.40481893471,3.));
#610 = CARTESIAN_POINT('',(-4.96121877006,0.68885510118,3.));
#611 = CARTESIAN_POINT('',(-4.98763322877,0.452431376999,3.));
#612 = CARTESIAN_POINT('',(-5.,0.222409665749,3.));
#613 = CARTESIAN_POINT('',(-5.,-4.4408920985E-16,3.));
#614 = PLANE('',#615);
#615 = AXIS2_PLACEMENT_3D('',#616,#617,#618);
#616 = CARTESIAN_POINT('',(0.,0.,3.));
#617 = DIRECTION('',(0.,0.,1.));
#618 = DIRECTION('',(1.,0.,-0.));
#619 = ADVANCED_FACE('',(#620),#644,.T.);
#620 = FACE_BOUND('',#621,.T.);
#621 = EDGE_LOOP('',(#622,#623,#630,#639));
#622 = ORIENTED_EDGE('',*,*,#497,.T.);
#623 = ORIENTED_EDGE('',*,*,#624,.T.);
#624 = EDGE_CURVE('',#500,#625,#627,.T.);
#625 = VERTEX_POINT('',#626);
#626 = CARTESIAN_POINT('',(-7.5,0.,-2.22044604925E-16));
#627 = B_SPLINE_CURVE_WITH_KNOTS('',1,(#628,#629),.UNSPECIFIED.,.F.,.F.,
  (2,2),(9.9800399E-04,3.00099800399),.PIECEWISE_BEZIER_KNOTS.);
#628 = CARTESIAN_POINT('',(-7.5,8.32667268461E-16,3.));
#629 = CARTESIAN_POINT('',(-7.5,8.32667268461E-16,0.));
#630 = ORIENTED_EDGE('',*,*,#631,.T.);
#631 = EDGE_CURVE('',#625,#632,#634,.T.);
#632 = VERTEX_POINT('',#633);
#633 = CARTESIAN_POINT('',(7.5,0.,2.22044604925E-16));
#634 = ( BOUNDED_CURVE() B_SPLINE_CURVE(3,(#635,#636,#637,#638),
.UNSPECIFIED.,.F.,.F.) B_SPLINE_CURVE_WITH_KNOTS((4,4),(0.,45.),
.PIECEWISE_BEZIER_KNOTS.) CURVE() GEOMETRIC_REPRESENTATION_ITEM() 
RATIONAL_B_SPLINE_CURVE((1.,0.33333333333,0.33333333333,1.)) 
REPRESENTATION_ITEM('') );
#635 = CARTESIAN_POINT('',(-7.5,0.,0.));
#636 = CARTESIAN_POINT('',(-7.5,-15.,0.));
#637 = CARTESIAN_POINT('',(7.5,-15.,0.));
#638 = CARTESIAN_POINT('',(7.5,0.,0.));
#639 = ORIENTED_EDGE('',*,*,#640,.F.);
#640 = EDGE_CURVE('',#498,#632,#641,.T.);
#641 = B_SPLINE_CURVE_WITH_KNOTS('',1,(#642,#643),.UNSPECIFIED.,.F.,.F.,
  (2,2),(9.9800399E-04,3.00099800399),.PIECEWISE_BEZIER_KNOTS.);
#642 = CARTESIAN_POINT('',(7.5,8.32667268461E-16,3.));
#643 = CARTESIAN_POINT('',(7.5,8.32667268461E-16,0.));
#644 = ( BOUNDED_SURFACE() B_SPLINE_SURFACE(1,3,(
    (#645,#646,#647,#648)
    ,(#649,#650,#651,#652
)),.UNSPECIFIED.,.F.,.F.,.F.) B_SPLINE_SURFACE_WITH_KNOTS((2,2),(4,4),(
    9.9800399E-04,3.00099800399),(0.,45.),.PIECEWISE_BEZIER_KNOTS.) 
GEOMETRIC_REPRESENTATION_ITEM() RATIONAL_B_SPLINE_SURFACE((
    (1.,0.33333333333,0.33333333333,1.)
,(1.,0.33333333333,0.33333333333,1.
  ))) REPRESENTATION_ITEM('') SURFACE() );
#645 = CARTESIAN_POINT('',(-7.5,0.,3.));
#646 = CARTESIAN_POINT('',(-7.5,-15.,3.));
#647 = CARTESIAN_POINT('',(7.5,-15.,3.));
#648 = CARTESIAN_POINT('',(7.5,0.,3.));
#649 = CARTESIAN_POINT('',(-7.5,0.,0.));
#650 = CARTESIAN_POINT('',(-7.5,-15.,0.));
#651 = CARTESIAN_POINT('',(7.5,-15.,0.));
#652 = CARTESIAN_POINT('',(7.5,0.,0.));
#653 = ADVANCED_FACE('',(#654),#666,.T.);
#654 = FACE_BOUND('',#655,.T.);
#655 = EDGE_LOOP('',(#656,#657,#658,#665));
#656 = ORIENTED_EDGE('',*,*,#528,.T.);
#657 = ORIENTED_EDGE('',*,*,#640,.T.);
#658 = ORIENTED_EDGE('',*,*,#659,.T.);
#659 = EDGE_CURVE('',#632,#625,#660,.T.);
#660 = ( BOUNDED_CURVE() B_SPLINE_CURVE(3,(#661,#662,#663,#664),
.UNSPECIFIED.,.F.,.F.) B_SPLINE_CURVE_WITH_KNOTS((4,4),(0.,45.),
.PIECEWISE_BEZIER_KNOTS.) CURVE() GEOMETRIC_REPRESENTATION_ITEM() 
RATIONAL_B_SPLINE_CURVE((1.,0.33333333333,0.33333333333,1.)) 
REPRESENTATION_ITEM('') );
#661 = CARTESIAN_POINT('',(7.5,0.,0.));
#662 = CARTESIAN_POINT('',(7.5,15.,0.));
#663 = CARTESIAN_POINT('',(-7.5,15.,0.));
#664 = CARTESIAN_POINT('',(-7.5,0.,0.));
#665 = ORIENTED_EDGE('',*,*,#624,.F.);
#666 = ( BOUNDED_SURFACE() B_SPLINE_SURFACE(1,3,(
    (#667,#668,#669,#670)
    ,(#671,#672,#673,#674
)),.UNSPECIFIED.,.F.,.F.,.F.) B_SPLINE_SURFACE_WITH_KNOTS((2,2),(4,4),(
    9.9800399E-04,3.00099800399),(0.,45.),.PIECEWISE_BEZIER_KNOTS.) 
GEOMETRIC_REPRESENTATION_ITEM() RATIONAL_B_SPLINE_SURFACE((
    (1.,0.33333333333,0.33333333333,1.)
,(1.,0.33333333333,0.33333333333,1.
  ))) REPRESENTATION_ITEM('') SURFACE() );
#667 = CARTESIAN_POINT('',(7.5,0.,3.));
#668 = CARTESIAN_POINT('',(7.5,15.,3.));
#669 = CARTESIAN_POINT('',(-7.5,15.,3.));
#670 = CARTESIAN_POINT('',(-7.5,0.,3.));
#671 = CARTESIAN_POINT('',(7.5,0.,0.));
#672 = CARTESIAN_POINT('',(7.5,15.,0.));
#673 = CARTESIAN_POINT('',(-7.5,15.,0.));
#674 = CARTESIAN_POINT('',(-7.5,0.,0.));
#675 = ADVANCED_FACE('',(#676),#700,.T.);
#676 = FACE_BOUND('',#677,.T.);
#677 = EDGE_LOOP('',(#678,#679,#686,#695));
#678 = ORIENTED_EDGE('',*,*,#557,.T.);
#679 = ORIENTED_EDGE('',*,*,#680,.F.);
#680 = EDGE_CURVE('',#681,#560,#683,.T.);
#681 = VERTEX_POINT('',#682);
#682 = CARTESIAN_POINT('',(5.,4.4408920985E-16,37.));
#683 = B_SPLINE_CURVE_WITH_KNOTS('',1,(#684,#685),.UNSPECIFIED.,.F.,.F.,
  (2,2),(9.9800399E-04,34.000998004),.PIECEWISE_BEZIER_KNOTS.);
#684 = CARTESIAN_POINT('',(5.,-5.55111512307E-16,37.));
#685 = CARTESIAN_POINT('',(5.,-5.55111512307E-16,3.));
#686 = ORIENTED_EDGE('',*,*,#687,.F.);
#687 = EDGE_CURVE('',#688,#681,#690,.T.);
#688 = VERTEX_POINT('',#689);
#689 = CARTESIAN_POINT('',(-5.,4.4408920985E-16,37.));
#690 = ( BOUNDED_CURVE() B_SPLINE_CURVE(3,(#691,#692,#693,#694),
.UNSPECIFIED.,.F.,.F.) B_SPLINE_CURVE_WITH_KNOTS((4,4),(0.,30.),
.PIECEWISE_BEZIER_KNOTS.) CURVE() GEOMETRIC_REPRESENTATION_ITEM() 
RATIONAL_B_SPLINE_CURVE((1.,0.33333333333,0.33333333333,1.)) 
REPRESENTATION_ITEM('') );
#691 = CARTESIAN_POINT('',(-5.,0.,37.));
#692 = CARTESIAN_POINT('',(-5.,-10.,37.));
#693 = CARTESIAN_POINT('',(5.,-10.,37.));
#694 = CARTESIAN_POINT('',(5.,0.,37.));
#695 = ORIENTED_EDGE('',*,*,#696,.T.);
#696 = EDGE_CURVE('',#688,#558,#697,.T.);
#697 = B_SPLINE_CURVE_WITH_KNOTS('',1,(#698,#699),.UNSPECIFIED.,.F.,.F.,
  (2,2),(9.9800399E-04,34.000998004),.PIECEWISE_BEZIER_KNOTS.);
#698 = CARTESIAN_POINT('',(-5.,-5.55111512307E-16,37.));
#699 = CARTESIAN_POINT('',(-5.,-5.55111512307E-16,3.));
#700 = ( BOUNDED_SURFACE() B_SPLINE_SURFACE(1,3,(
    (#701,#702,#703,#704)
    ,(#705,#706,#707,#708
)),.UNSPECIFIED.,.F.,.F.,.F.) B_SPLINE_SURFACE_WITH_KNOTS((2,2),(4,4),(
    9.9800399E-04,34.000998004),(0.,30.),.PIECEWISE_BEZIER_KNOTS.) 
GEOMETRIC_REPRESENTATION_ITEM() RATIONAL_B_SPLINE_SURFACE((
    (1.,0.33333333333,0.33333333333,1.)
,(1.,0.33333333333,0.33333333333,1.
  ))) REPRESENTATION_ITEM('') SURFACE() );
#701 = CARTESIAN_POINT('',(-5.,0.,37.));
#702 = CARTESIAN_POINT('',(-5.,-10.,37.));
#703 = CARTESIAN_POINT('',(5.,-10.,37.));
#704 = CARTESIAN_POINT('',(5.,0.,37.));
#705 = CARTESIAN_POINT('',(-5.,0.,3.));
#706 = CARTESIAN_POINT('',(-5.,-10.,3.));
#707 = CARTESIAN_POINT('',(5.,-10.,3.));
#708 = CARTESIAN_POINT('',(5.,0.,3.));
#709 = ADVANCED_FACE('',(#710),#722,.T.);
#710 = FACE_BOUND('',#711,.T.);
#711 = EDGE_LOOP('',(#712,#713,#714,#721));
#712 = ORIENTED_EDGE('',*,*,#588,.T.);
#713 = ORIENTED_EDGE('',*,*,#696,.F.);
#714 = ORIENTED_EDGE('',*,*,#715,.F.);
#715 = EDGE_CURVE('',#681,#688,#716,.T.);
#716 = ( BOUNDED_CURVE() B_SPLINE_CURVE(3,(#717,#718,#719,#720),
.UNSPECIFIED.,.F.,.F.) B_SPLINE_CURVE_WITH_KNOTS((4,4),(0.,30.),
.PIECEWISE_BEZIER_KNOTS.) CURVE() GEOMETRIC_REPRESENTATION_ITEM() 
RATIONAL_B_SPLINE_CURVE((1.,0.33333333333,0.33333333333,1.)) 
REPRESENTATION_ITEM('') );
#717 = CARTESIAN_POINT('',(5.,0.,37.));
#718 = CARTESIAN_POINT('',(5.,10.,37.));
#719 = CARTESIAN_POINT('',(-5.,10.,37.));
#720 = CARTESIAN_POINT('',(-5.,0.,37.));
#721 = ORIENTED_EDGE('',*,*,#680,.T.);
#722 = ( BOUNDED_SURFACE() B_SPLINE_SURFACE(1,3,(
    (#723,#724,#725,#726)
    ,(#727,#728,#729,#730
)),.UNSPECIFIED.,.F.,.F.,.F.) B_SPLINE_SURFACE_WITH_KNOTS((2,2),(4,4),(
    9.9800399E-04,34.000998004),(0.,30.),.PIECEWISE_BEZIER_KNOTS.) 
GEOMETRIC_REPRESENTATION_ITEM() RATIONAL_B_SPLINE_SURFACE((
    (1.,0.33333333333,0.33333333333,1.)
,(1.,0.33333333333,0.33333333333,1.
  ))) REPRESENTATION_ITEM('') SURFACE() );
#723 = CARTESIAN_POINT('',(5.,0.,37.));
#724 = CARTESIAN_POINT('',(5.,10.,37.));
#725 = CARTESIAN_POINT('',(-5.,10.,37.));
#726 = CARTESIAN_POINT('',(-5.,0.,37.));
#727 = CARTESIAN_POINT('',(5.,0.,3.));
#728 = CARTESIAN_POINT('',(5.,10.,3.));
#729 = CARTESIAN_POINT('',(-5.,10.,3.));
#730 = CARTESIAN_POINT('',(-5.,0.,3.));
#731 = ADVANCED_FACE('',(#732),#736,.T.);
#732 = FACE_BOUND('',#733,.T.);
#733 = EDGE_LOOP('',(#734,#735));
#734 = ORIENTED_EDGE('',*,*,#631,.F.);
#735 = ORIENTED_EDGE('',*,*,#659,.F.);
#736 = PLANE('',#737);
#737 = AXIS2_PLACEMENT_3D('',#738,#739,#740);
#738 = CARTESIAN_POINT('',(0.,0.,0.));
#739 = DIRECTION('',(0.,0.,-1.));
#740 = DIRECTION('',(-1.,0.,0.));
#741 = ADVANCED_FACE('',(#742),#746,.T.);
#742 = FACE_BOUND('',#743,.T.);
#743 = EDGE_LOOP('',(#744,#745));
#744 = ORIENTED_EDGE('',*,*,#687,.T.);
#745 = ORIENTED_EDGE('',*,*,#715,.T.);
#746 = PLANE('',#747);
#747 = AXIS2_PLACEMENT_3D('',#748,#749,#750);
#748 = CARTESIAN_POINT('',(0.,0.,37.));
#749 = DIRECTION('',(0.,0.,1.));
#750 = DIRECTION('',(1.,0.,-0.));
#751 = ( GEOMETRIC_REPRESENTATION_CONTEXT(3) 
GLOBAL_UNCERTAINTY_ASSIGNED_CONTEXT((#755)) GLOBAL_UNIT_ASSIGNED_CONTEXT
((#752,#753,#754)) REPRESENTATION_CONTEXT('Context #1',
  '3D Context with UNIT and UNCERTAINTY') );
#752 = ( LENGTH_UNIT() NAMED_UNIT(*) SI_UNIT(.MILLI.,.METRE.) );
#753 = ( NAMED_UNIT(*) PLANE_ANGLE_UNIT() SI_UNIT($,.RADIAN.) );
#754 = ( NAMED_UNIT(*) SI_UNIT($,.STERADIAN.) SOLID_ANGLE_UNIT() );
#755 = UNCERTAINTY_MEASURE_WITH_UNIT(LENGTH_MEASURE(1.E-05),#752,
  'distance_accuracy_value','confusion accuracy');
#756 = CONTEXT_DEPENDENT_SHAPE_REPRESENTATION(#757,#759);
#757 = ( REPRESENTATION_RELATIONSHIP('','',#490,#10) 
REPRESENTATION_RELATIONSHIP_WITH_TRANSFORMATION(#758) 
SHAPE_REPRESENTATION_RELATIONSHIP() );
#758 = ITEM_DEFINED_TRANSFORMATION('','',#11,#23);
#759 = PRODUCT_DEFINITION_SHAPE('Placement','Placement of an item',#760
  );
#760 = NEXT_ASSEMBLY_USAGE_OCCURRENCE('3','bolt_1','',#5,#485,$);
#761 = PRODUCT_RELATED_PRODUCT_CATEGORY('part',$,(#487));
#762 = SHAPE_DEFINITION_REPRESENTATION(#763,#769);
#763 = PRODUCT_DEFINITION_SHAPE('','',#764);
#764 = PRODUCT_DEFINITION('design','',#765,#768);
#765 = PRODUCT_DEFINITION_FORMATION('','',#766);
#766 = PRODUCT('l-bracket','l-bracket','',(#767));
#767 = PRODUCT_CONTEXT('',#2,'mechanical');
#768 = PRODUCT_DEFINITION_CONTEXT('part definition',#2,'design');
#769 = ADVANCED_BREP_SHAPE_REPRESENTATION('',(#11,#770),#1466);
#770 = MANIFOLD_SOLID_BREP('',#771);
#771 = CLOSED_SHELL('',(#772,#872,#1083,#1123,#1147,#1180,#1214,#1236,
    #1253,#1287,#1309,#1343,#1365,#1399,#1421,#1450));
#772 = ADVANCED_FACE('',(#773,#807),#867,.T.);
#773 = FACE_BOUND('',#774,.T.);
#774 = EDGE_LOOP('',(#775,#785,#793,#801));
#775 = ORIENTED_EDGE('',*,*,#776,.F.);
#776 = EDGE_CURVE('',#777,#779,#781,.T.);
#777 = VERTEX_POINT('',#778);
#778 = CARTESIAN_POINT('',(0.,0.,100.));
#779 = VERTEX_POINT('',#780);
#780 = CARTESIAN_POINT('',(0.,0.,0.));
#781 = LINE('',#782,#783);
#782 = CARTESIAN_POINT('',(0.,0.,50.));
#783 = VECTOR('',#784,1.);
#784 = DIRECTION('',(0.,0.,-1.));
#785 = ORIENTED_EDGE('',*,*,#786,.F.);
#786 = EDGE_CURVE('',#787,#777,#789,.T.);
#787 = VERTEX_POINT('',#788);
#788 = CARTESIAN_POINT('',(0.,60.,100.));
#789 = LINE('',#790,#791);
#790 = CARTESIAN_POINT('',(0.,30.,100.));
#791 = VECTOR('',#792,1.);
#792 = DIRECTION('',(0.,-1.,0.));
#793 = ORIENTED_EDGE('',*,*,#794,.T.);
#794 = EDGE_CURVE('',#787,#795,#797,.T.);
#795 = VERTEX_POINT('',#796);
#796 = CARTESIAN_POINT('',(0.,60.,0.));
#797 = LINE('',#798,#799);
#798 = CARTESIAN_POINT('',(0.,60.,50.));
#799 = VECTOR('',#800,1.);
#800 = DIRECTION('',(0.,0.,-1.));
#801 = ORIENTED_EDGE('',*,*,#802,.T.);
#802 = EDGE_CURVE('',#795,#779,#803,.T.);
#803 = LINE('',#804,#805);
#804 = CARTESIAN_POINT('',(0.,30.,0.));
#805 = VECTOR('',#806,1.);
#806 = DIRECTION('',(0.,-1.,0.));
#807 = FACE_BOUND('',#808,.T.);
#808 = EDGE_LOOP('',(#809,#840));
#809 = ORIENTED_EDGE('',*,*,#810,.T.);
#810 = EDGE_CURVE('',#811,#813,#815,.T.);
#811 = VERTEX_POINT('',#812);
#812 = CARTESIAN_POINT('',(0.,40.,45.));
#813 = VERTEX_POINT('',#814);
#814 = CARTESIAN_POINT('',(0.,40.,55.));
#815 = B_SPLINE_CURVE_WITH_KNOTS('',5,(#816,#817,#818,#819,#820,#821,
    #822,#823,#824,#825,#826,#827,#828,#829,#830,#831,#832,#833,#834,
    #835,#836,#837,#838,#839),.UNSPECIFIED.,.F.,.F.,(6,3,3,3,3,3,3,6),(
    0.,4.15513164424,7.85828164686,10.7238180515,13.5836589937,
    16.4911855013,20.3877608685,22.3658107304),.UNSPECIFIED.);
#816 = CARTESIAN_POINT('',(0.,40.,45.));
#817 = CARTESIAN_POINT('',(0.,40.4671982524,45.));
#818 = CARTESIAN_POINT('',(0.,40.967985464,45.0545696798));
#819 = CARTESIAN_POINT('',(0.,41.4911230353,45.1795822588));
#820 = CARTESIAN_POINT('',(0.,42.4800614343,45.5726861255));
#821 = CARTESIAN_POINT('',(0.,43.3809047398,46.2580146362));
#822 = CARTESIAN_POINT('',(0.,43.7686263331,46.6452361934));
#823 = CARTESIAN_POINT('',(0.,44.3620880288,47.432508626));
#824 = CARTESIAN_POINT('',(0.,44.7518403652,48.3548107374));
#825 = CARTESIAN_POINT('',(0.,44.8779193361,48.7767785569));
#826 = CARTESIAN_POINT('',(0.,45.0354809914,49.6437129631));
#827 = CARTESIAN_POINT('',(0.,45.001400762,50.5264003017));
#828 = CARTESIAN_POINT('',(0.,44.935748566,50.9630506747));
#829 = CARTESIAN_POINT('',(0.,44.7088457881,51.8186421202));
#830 = CARTESIAN_POINT('',(0.,44.3071306709,52.5957546192));
#831 = CARTESIAN_POINT('',(0.,44.0642190823,52.9603131849));
#832 = CARTESIAN_POINT('',(0.,43.416301294,53.7355490362));
#833 = CARTESIAN_POINT('',(0.,42.624655655,54.3095225982));
#834 = CARTESIAN_POINT('',(0.,42.1424481996,54.563750022));
#835 = CARTESIAN_POINT('',(0.,41.404818935,54.8362924347));
#836 = CARTESIAN_POINT('',(0.,40.688855102,54.9612187699));
#837 = CARTESIAN_POINT('',(0.,40.4524313762,54.9876332288));
#838 = CARTESIAN_POINT('',(0.,40.2224096654,55.));
#839 = CARTESIAN_POINT('',(0.,40.,55.));
#840 = ORIENTED_EDGE('',*,*,#841,.T.);
#841 = EDGE_CURVE('',#813,#811,#842,.T.);
#842 = B_SPLINE_CURVE_WITH_KNOTS('',5,(#843,#844,#845,#846,#847,#848,
    #849,#850,#851,#852,#853,#854,#855,#856,#857,#858,#859,#860,#861,
    #862,#863,#864,#865,#866),.UNSPECIFIED.,.F.,.F.,(6,3,3,3,3,3,3,6),(
    0.,4.15513164422,7.85828164677,10.7238180514,13.5836589927,
    16.4911854995,20.3877608665,22.3658107284),.UNSPECIFIED.);
#843 = CARTESIAN_POINT('',(0.,40.,55.));
#844 = CARTESIAN_POINT('',(0.,39.5328017476,55.));
#845 = CARTESIAN_POINT('',(0.,39.032014536,54.9454303202));
#846 = CARTESIAN_POINT('',(0.,38.5088769647,54.8204177412));
#847 = CARTESIAN_POINT('',(0.,37.5199385657,54.4273138745));
#848 = CARTESIAN_POINT('',(0.,36.6190952602,53.7419853638));
#849 = CARTESIAN_POINT('',(0.,36.2313736669,53.3547638066));
#850 = CARTESIAN_POINT('',(0.,35.6379119712,52.567491374));
#851 = CARTESIAN_POINT('',(0.,35.2481596348,51.6451892626));
#852 = CARTESIAN_POINT('',(0.,35.1220806639,51.2232214431));
#853 = CARTESIAN_POINT('',(0.,34.9645190086,50.356287037));
#854 = CARTESIAN_POINT('',(0.,34.998599238,49.4735996986));
#855 = CARTESIAN_POINT('',(0.,35.0642514341,49.036949325));
#856 = CARTESIAN_POINT('',(0.,35.291154212,48.1813578798));
#857 = CARTESIAN_POINT('',(0.,35.692869329,47.404245381));
#858 = CARTESIAN_POINT('',(0.,35.9357809179,47.0396868149));
#859 = CARTESIAN_POINT('',(0.,36.583698706,46.2644509637));
#860 = CARTESIAN_POINT('',(0.,37.375344345,45.6904774019));
#861 = CARTESIAN_POINT('',(0.,37.8575518004,45.436249978));
#862 = CARTESIAN_POINT('',(0.,38.595181065,45.1637075653));
#863 = CARTESIAN_POINT('',(0.,39.311144898,45.0387812301));
#864 = CARTESIAN_POINT('',(0.,39.5475686238,45.0123667712));
#865 = CARTESIAN_POINT('',(0.,39.7775903347,45.));
#866 = CARTESIAN_POINT('',(0.,40.,45.));
#867 = PLANE('',#868);
#868 = AXIS2_PLACEMENT_3D('',#869,#870,#871);
#869 = CARTESIAN_POINT('',(0.,60.,100.));
#870 = DIRECTION('',(-1.,0.,0.));
#871 = DIRECTION('',(0.,0.,1.));
#872 = ADVANCED_FACE('',(#873,#898,#958,#1018),#1078,.T.);
#873 = FACE_BOUND('',#874,.T.);
#874 = EDGE_LOOP('',(#875,#885,#891,#892));
#875 = ORIENTED_EDGE('',*,*,#876,.F.);
#876 = EDGE_CURVE('',#877,#879,#881,.T.);
#877 = VERTEX_POINT('',#878);
#878 = CARTESIAN_POINT('',(50.,0.,100.));
#879 = VERTEX_POINT('',#880);
#880 = CARTESIAN_POINT('',(50.,0.,0.));
#881 = LINE('',#882,#883);
#882 = CARTESIAN_POINT('',(50.,0.,50.));
#883 = VECTOR('',#884,1.);
#884 = DIRECTION('',(0.,0.,-1.));
#885 = ORIENTED_EDGE('',*,*,#886,.F.);
#886 = EDGE_CURVE('',#777,#877,#887,.T.);
#887 = LINE('',#888,#889);
#888 = CARTESIAN_POINT('',(25.,0.,100.));
#889 = VECTOR('',#890,1.);
#890 = DIRECTION('',(1.,0.,0.));
#891 = ORIENTED_EDGE('',*,*,#776,.T.);
#892 = ORIENTED_EDGE('',*,*,#893,.T.);
#893 = EDGE_CURVE('',#779,#879,#894,.T.);
#894 = LINE('',#895,#896);
#895 = CARTESIAN_POINT('',(25.,0.,0.));
#896 = VECTOR('',#897,1.);
#897 = DIRECTION('',(1.,0.,0.));
#898 = FACE_BOUND('',#899,.T.);
#899 = EDGE_LOOP('',(#900,#931));
#900 = ORIENTED_EDGE('',*,*,#901,.T.);
#901 = EDGE_CURVE('',#902,#904,#906,.T.);
#902 = VERTEX_POINT('',#903);
#903 = CARTESIAN_POINT('',(42.5,0.,42.0096189398));
#904 = VERTEX_POINT('',#905);
#905 = CARTESIAN_POINT('',(42.5,0.,32.0096189398));
#906 = B_SPLINE_CURVE_WITH_KNOTS('',5,(#907,#908,#909,#910,#911,#912,
    #913,#914,#915,#916,#917,#918,#919,#920,#921,#922,#923,#924,#925,
    #926,#927,#928,#929,#930),.UNSPECIFIED.,.F.,.F.,(6,3,3,3,3,3,3,6),(
    0.,4.15513165632,7.85828166598,10.7238180637,13.5836590149,
    16.4911855364,20.3877609237,22.3658108252),.UNSPECIFIED.);
#907 = CARTESIAN_POINT('',(42.5,0.,42.0096189398));
#908 = CARTESIAN_POINT('',(42.9671982537,0.,42.0096189398));
#909 = CARTESIAN_POINT('',(43.4679854668,0.,41.9550492597));
#910 = CARTESIAN_POINT('',(43.9911230323,0.,41.8300366822));
#911 = CARTESIAN_POINT('',(44.9800614342,0.,41.4369328146));
#912 = CARTESIAN_POINT('',(45.8809047407,0.,40.7516043032));
#913 = CARTESIAN_POINT('',(46.2686263317,0.,40.364382748));
#914 = CARTESIAN_POINT('',(46.8620880278,0.,39.5771103155));
#915 = CARTESIAN_POINT('',(47.2518403645,0.,38.6548082046));
#916 = CARTESIAN_POINT('',(47.3779193365,0.,38.2328403825));
#917 = CARTESIAN_POINT('',(47.5354809915,0.,37.3659059762));
#918 = CARTESIAN_POINT('',(47.501400762,0.,36.4832186373));
#919 = CARTESIAN_POINT('',(47.4357485667,0.,36.04656827));
#920 = CARTESIAN_POINT('',(47.2088457881,0.,35.1909768206));
#921 = CARTESIAN_POINT('',(46.807130669,0.,34.4138643184));
#922 = CARTESIAN_POINT('',(46.564219085,0.,34.0493057582));
#923 = CARTESIAN_POINT('',(45.916301294,0.,33.2740699026));
#924 = CARTESIAN_POINT('',(45.1246556495,0.,32.7000963378));
#925 = CARTESIAN_POINT('',(44.6424482051,0.,32.4458689217));
#926 = CARTESIAN_POINT('',(43.9048189333,0.,32.1733265057));
#927 = CARTESIAN_POINT('',(43.1888550914,0.,32.04840017));
#928 = CARTESIAN_POINT('',(42.9524313854,0.,32.0219857115));
#929 = CARTESIAN_POINT('',(42.7224096698,0.,32.0096189398));
#930 = CARTESIAN_POINT('',(42.5,0.,32.0096189398));
#931 = ORIENTED_EDGE('',*,*,#932,.T.);
#932 = EDGE_CURVE('',#904,#902,#933,.T.);
#933 = B_SPLINE_CURVE_WITH_KNOTS('',5,(#934,#935,#936,#937,#938,#939,
    #940,#941,#942,#943,#944,#945,#946,#947,#948,#949,#950,#951,#952,
    #953,#954,#955,#956,#957),.UNSPECIFIED.,.F.,.F.,(6,3,3,3,3,3,3,6),(
    0.,4.15513162148,7.85828163111,10.7238180489,13.583658992,
    16.4911855021,20.3877608676,22.3658107326),.UNSPECIFIED.);
#934 = CARTESIAN_POINT('',(42.5,0.,32.0096189398));
#935 = CARTESIAN_POINT('',(42.0328017497,0.,32.0096189398));
#936 = CARTESIAN_POINT('',(41.5320145405,0.,32.0641886193));
#937 = CARTESIAN_POINT('',(41.0088769576,0.,32.1892012003));
#938 = CARTESIAN_POINT('',(40.0199385585,0.,32.5823050688));
#939 = CARTESIAN_POINT('',(39.1190952597,0.,33.2676335757));
#940 = CARTESIAN_POINT('',(38.7313736684,0.,33.6548551346));
#941 = CARTESIAN_POINT('',(38.1379119704,0.,34.4421275707));
#942 = CARTESIAN_POINT('',(37.7481596331,0.,35.3644296843));
#943 = CARTESIAN_POINT('',(37.6220806643,0.,35.7863974929));
#944 = CARTESIAN_POINT('',(37.4645190086,0.,36.6533319007));
#945 = CARTESIAN_POINT('',(37.4985992382,0.,37.5360192423));
#946 = CARTESIAN_POINT('',(37.5642514339,0.,37.972669614));
#947 = CARTESIAN_POINT('',(37.7911542119,0.,38.8282610603));
#948 = CARTESIAN_POINT('',(38.1928693296,0.,39.6053735599));
#949 = CARTESIAN_POINT('',(38.4357809169,0.,39.9699321238));
#950 = CARTESIAN_POINT('',(39.0836987058,0.,40.7451679759));
#951 = CARTESIAN_POINT('',(39.8753443446,0.,41.3191415378));
#952 = CARTESIAN_POINT('',(40.3575518005,0.,41.5733689617));
#953 = CARTESIAN_POINT('',(41.0951810662,0.,41.8459113747));
#954 = CARTESIAN_POINT('',(41.8111448982,0.,41.9708377099));
#955 = CARTESIAN_POINT('',(42.0475686226,0.,41.9972521686));
#956 = CARTESIAN_POINT('',(42.2775903341,0.,42.0096189398));
#957 = CARTESIAN_POINT('',(42.5,0.,42.0096189398));
#958 = FACE_BOUND('',#959,.T.);
#959 = EDGE_LOOP('',(#960,#991));
#960 = ORIENTED_EDGE('',*,*,#961,.T.);
#961 = EDGE_CURVE('',#962,#964,#966,.T.);
#962 = VERTEX_POINT('',#963);
#963 = CARTESIAN_POINT('',(42.5,0.,67.9903810602));
#964 = VERTEX_POINT('',#965);
#965 = CARTESIAN_POINT('',(42.5,0.,57.9903810602));
#966 = B_SPLINE_CURVE_WITH_KNOTS('',5,(#967,#968,#969,#970,#971,#972,
    #973,#974,#975,#976,#977,#978,#979,#980,#981,#982,#983,#984,#985,
    #986,#987,#988,#989,#990),.UNSPECIFIED.,.F.,.F.,(6,3,3,3,3,3,3,6),(
    0.,4.15513162009,7.85828162953,10.7238180471,13.5836589903,
    16.4911855013,20.3877608671,22.3658107334),.UNSPECIFIED.);
#967 = CARTESIAN_POINT('',(42.5,0.,67.9903810602));
#968 = CARTESIAN_POINT('',(42.9671982501,0.,67.9903810602));
#969 = CARTESIAN_POINT('',(43.467985459,0.,67.9358113808));
#970 = CARTESIAN_POINT('',(43.9911230428,0.,67.8107987996));
#971 = CARTESIAN_POINT('',(44.9800614416,0.,67.417694931));
#972 = CARTESIAN_POINT('',(45.8809047403,0.,66.7323664244));
#973 = CARTESIAN_POINT('',(46.2686263317,0.,66.3451448654));
#974 = CARTESIAN_POINT('',(46.8620880296,0.,65.5578724293));
#975 = CARTESIAN_POINT('',(47.2518403668,0.,64.6355703158));
#976 = CARTESIAN_POINT('',(47.3779193357,0.,64.213602507));
#977 = CARTESIAN_POINT('',(47.5354809914,0.,63.3466680992));
#978 = CARTESIAN_POINT('',(47.5014007618,0.,62.4639807577));
#979 = CARTESIAN_POINT('',(47.4357485661,0.,62.027330386));
#980 = CARTESIAN_POINT('',(47.2088457881,0.,61.1717389395));
#981 = CARTESIAN_POINT('',(46.8071306702,0.,60.3946264398));
#982 = CARTESIAN_POINT('',(46.5642190833,0.,60.0300678764));
#983 = CARTESIAN_POINT('',(45.9163012943,0.,59.2548320242));
#984 = CARTESIAN_POINT('',(45.1246556554,0.,58.6808584622));
#985 = CARTESIAN_POINT('',(44.6424481995,0.,58.4266310383));
#986 = CARTESIAN_POINT('',(43.9048189337,0.,58.1540886252));
#987 = CARTESIAN_POINT('',(43.1888551014,0.,58.0291622901));
#988 = CARTESIAN_POINT('',(42.9524313776,0.,58.0027478314));
#989 = CARTESIAN_POINT('',(42.7224096661,0.,57.9903810602));
#990 = CARTESIAN_POINT('',(42.5,0.,57.9903810602));
#991 = ORIENTED_EDGE('',*,*,#992,.T.);
#992 = EDGE_CURVE('',#964,#962,#993,.T.);
#993 = B_SPLINE_CURVE_WITH_KNOTS('',5,(#994,#995,#996,#997,#998,#999,
    #1000,#1001,#1002,#1003,#1004,#1005,#1006,#1007,#1008,#1009,#1010,
    #1011,#1012,#1013,#1014,#1015,#1016,#1017),.UNSPECIFIED.,.F.,.F.,(6,
    3,3,3,3,3,3,6),(0.,4.15513165736,7.85828166679,10.7238180644,
    13.5836590156,16.491185538,20.3877609254,22.3658108266),
  .UNSPECIFIED.);
#994 = CARTESIAN_POINT('',(42.5,0.,57.9903810602));
#995 = CARTESIAN_POINT('',(42.0328017462,0.,57.9903810602));
#996 = CARTESIAN_POINT('',(41.5320145329,0.,58.0449507403));
#997 = CARTESIAN_POINT('',(41.0088769679,0.,58.1699633177));
#998 = CARTESIAN_POINT('',(40.019938566,0.,58.5630671853));
#999 = CARTESIAN_POINT('',(39.1190952593,0.,59.2483956968));
#1000 = CARTESIAN_POINT('',(38.7313736682,0.,59.635617252));
#1001 = CARTESIAN_POINT('',(38.1379119722,0.,60.4228896845));
#1002 = CARTESIAN_POINT('',(37.7481596355,0.,61.3451917954));
#1003 = CARTESIAN_POINT('',(37.6220806636,0.,61.7671596175));
#1004 = CARTESIAN_POINT('',(37.4645190085,0.,62.6340940238));
#1005 = CARTESIAN_POINT('',(37.498599238,0.,63.5167813627));
#1006 = CARTESIAN_POINT('',(37.5642514333,0.,63.95343173));
#1007 = CARTESIAN_POINT('',(37.7911542119,0.,64.8090231795));
#1008 = CARTESIAN_POINT('',(38.1928693311,0.,65.5861356819));
#1009 = CARTESIAN_POINT('',(38.4357809149,0.,65.9506942416));
#1010 = CARTESIAN_POINT('',(39.0836987059,0.,66.7259300973));
#1011 = CARTESIAN_POINT('',(39.8753443505,0.,67.2999036622));
#1012 = CARTESIAN_POINT('',(40.3575517948,0.,67.5541310783));
#1013 = CARTESIAN_POINT('',(41.0951810667,0.,67.8266734943));
#1014 = CARTESIAN_POINT('',(41.8111449084,0.,67.95159983));
#1015 = CARTESIAN_POINT('',(42.0475686146,0.,67.9780142885));
#1016 = CARTESIAN_POINT('',(42.2775903302,0.,67.9903810602));
#1017 = CARTESIAN_POINT('',(42.5,0.,67.9903810602));
#1018 = FACE_BOUND('',#1019,.T.);
#1019 = EDGE_LOOP('',(#1020,#1051));
#1020 = ORIENTED_EDGE('',*,*,#1021,.T.);
#1021 = EDGE_CURVE('',#1022,#1024,#1026,.T.);
#1022 = VERTEX_POINT('',#1023);
#1023 = CARTESIAN_POINT('',(20.,0.,55.));
#1024 = VERTEX_POINT('',#1025);
#1025 = CARTESIAN_POINT('',(20.,0.,45.));
#1026 = B_SPLINE_CURVE_WITH_KNOTS('',5,(#1027,#1028,#1029,#1030,#1031,
    #1032,#1033,#1034,#1035,#1036,#1037,#1038,#1039,#1040,#1041,#1042,
    #1043,#1044,#1045,#1046,#1047,#1048,#1049,#1050),.UNSPECIFIED.,.F.,
  .F.,(6,3,3,3,3,3,3,6),(0.,4.15513164501,7.85828164811,10.7238180535,
    13.5836589949,16.4911855021,20.3877608686,22.3658107291),
  .UNSPECIFIED.);
#1027 = CARTESIAN_POINT('',(20.,0.,55.));
#1028 = CARTESIAN_POINT('',(20.4671982525,0.,55.));
#1029 = CARTESIAN_POINT('',(20.9679854642,0.,54.9454303202));
#1030 = CARTESIAN_POINT('',(21.4911230351,0.,54.8204177413));
#1031 = CARTESIAN_POINT('',(22.4800614343,0.,54.4273138745));
#1032 = CARTESIAN_POINT('',(23.38090474,0.,53.7419853637));
#1033 = CARTESIAN_POINT('',(23.768626333,0.,53.3547638067));
#1034 = CARTESIAN_POINT('',(24.3620880288,0.,52.5674913739));
#1035 = CARTESIAN_POINT('',(24.7518403653,0.,51.6451892624));
#1036 = CARTESIAN_POINT('',(24.8779193361,0.,51.2232214433));
#1037 = CARTESIAN_POINT('',(25.0354809914,0.,50.3562870372));
#1038 = CARTESIAN_POINT('',(25.001400762,0.,49.4735996986));
#1039 = CARTESIAN_POINT('',(24.9357485659,0.,49.0369493251));
#1040 = CARTESIAN_POINT('',(24.708845788,0.,48.1813578797));
#1041 = CARTESIAN_POINT('',(24.307130671,0.,47.4042453809));
#1042 = CARTESIAN_POINT('',(24.0642190822,0.,47.039686815));
#1043 = CARTESIAN_POINT('',(23.416301294,0.,46.2644509638));
#1044 = CARTESIAN_POINT('',(22.6246556551,0.,45.6904774019));
#1045 = CARTESIAN_POINT('',(22.1424481995,0.,45.436249978));
#1046 = CARTESIAN_POINT('',(21.4048189351,0.,45.1637075654));
#1047 = CARTESIAN_POINT('',(20.6888551023,0.,45.0387812301));
#1048 = CARTESIAN_POINT('',(20.4524313759,0.,45.0123667712));
#1049 = CARTESIAN_POINT('',(20.2224096652,0.,45.));
#1050 = CARTESIAN_POINT('',(20.,0.,45.));
#1051 = ORIENTED_EDGE('',*,*,#1052,.T.);
#1052 = EDGE_CURVE('',#1024,#1022,#1053,.T.);
#1053 = B_SPLINE_CURVE_WITH_KNOTS('',5,(#1054,#1055,#1056,#1057,#1058,
    #1059,#1060,#1061,#1062,#1063,#1064,#1065,#1066,#1067,#1068,#1069,
    #1070,#1071,#1072,#1073,#1074,#1075,#1076,#1077),.UNSPECIFIED.,.F.,
  .F.,(6,3,3,3,3,3,3,6),(0.,4.15513164518,7.85828164919,10.7238180549,
    13.583658997,16.491185504,20.3877608712,22.3658107361),
  .UNSPECIFIED.);
#1054 = CARTESIAN_POINT('',(20.,0.,45.));
#1055 = CARTESIAN_POINT('',(19.5328017475,0.,45.));
#1056 = CARTESIAN_POINT('',(19.0320145358,0.,45.0545696798));
#1057 = CARTESIAN_POINT('',(18.508876965,0.,45.1795822587));
#1058 = CARTESIAN_POINT('',(17.5199385656,0.,45.5726861255));
#1059 = CARTESIAN_POINT('',(16.6190952599,0.,46.2580146364));
#1060 = CARTESIAN_POINT('',(16.2313736672,0.,46.645236193));
#1061 = CARTESIAN_POINT('',(15.6379119712,0.,47.432508626));
#1062 = CARTESIAN_POINT('',(15.2481596346,0.,48.3548107377));
#1063 = CARTESIAN_POINT('',(15.122080664,0.,48.7767785566));
#1064 = CARTESIAN_POINT('',(14.9645190086,0.,49.6437129629));
#1065 = CARTESIAN_POINT('',(14.998599238,0.,50.5264003017));
#1066 = CARTESIAN_POINT('',(15.0642514341,0.,50.9630506747));
#1067 = CARTESIAN_POINT('',(15.2911542119,0.,51.8186421202));
#1068 = CARTESIAN_POINT('',(15.692869329,0.,52.5957546191));
#1069 = CARTESIAN_POINT('',(15.9357809178,0.,52.960313185));
#1070 = CARTESIAN_POINT('',(16.583698706,0.,53.7355490363));
#1071 = CARTESIAN_POINT('',(17.3753443451,0.,54.3095225982));
#1072 = CARTESIAN_POINT('',(17.8575518004,0.,54.5637500219));
#1073 = CARTESIAN_POINT('',(18.5951810654,0.,54.8362924348));
#1074 = CARTESIAN_POINT('',(19.3111448987,0.,54.96121877));
#1075 = CARTESIAN_POINT('',(19.5475686231,0.,54.9876332288));
#1076 = CARTESIAN_POINT('',(19.7775903343,0.,55.));
#1077 = CARTESIAN_POINT('',(20.,0.,55.));
#1078 = PLANE('',#1079);
#1079 = AXIS2_PLACEMENT_3D('',#1080,#1081,#1082);
#1080 = CARTESIAN_POINT('',(0.,0.,100.));
#1081 = DIRECTION('',(0.,-1.,0.));
#1082 = DIRECTION('',(0.,0.,-1.));
#1083 = ADVANCED_FACE('',(#1084),#1118,.T.);
#1084 = FACE_BOUND('',#1085,.T.);
#1085 = EDGE_LOOP('',(#1086,#1087,#1088,#1096,#1104,#1112));
#1086 = ORIENTED_EDGE('',*,*,#786,.T.);
#1087 = ORIENTED_EDGE('',*,*,#886,.T.);
#1088 = ORIENTED_EDGE('',*,*,#1089,.T.);
#1089 = EDGE_CURVE('',#877,#1090,#1092,.T.);
#1090 = VERTEX_POINT('',#1091);
#1091 = CARTESIAN_POINT('',(50.,10.,100.));
#1092 = LINE('',#1093,#1094);
#1093 = CARTESIAN_POINT('',(50.,5.,100.));
#1094 = VECTOR('',#1095,1.);
#1095 = DIRECTION('',(0.,1.,0.));
#1096 = ORIENTED_EDGE('',*,*,#1097,.T.);
#1097 = EDGE_CURVE('',#1090,#1098,#1100,.T.);
#1098 = VERTEX_POINT('',#1099);
#1099 = CARTESIAN_POINT('',(10.,10.,100.));
#1100 = LINE('',#1101,#1102);
#1101 = CARTESIAN_POINT('',(30.,10.,100.));
#1102 = VECTOR('',#1103,1.);
#1103 = DIRECTION('',(-1.,0.,0.));
#1104 = ORIENTED_EDGE('',*,*,#1105,.T.);
#1105 = EDGE_CURVE('',#1098,#1106,#1108,.T.);
#1106 = VERTEX_POINT('',#1107);
#1107 = CARTESIAN_POINT('',(10.,60.,100.));
#1108 = LINE('',#1109,#1110);
#1109 = CARTESIAN_POINT('',(10.,35.,100.));
#1110 = VECTOR('',#1111,1.);
#1111 = DIRECTION('',(0.,1.,0.));
#1112 = ORIENTED_EDGE('',*,*,#1113,.T.);
#1113 = EDGE_CURVE('',#1106,#787,#1114,.T.);
#1114 = LINE('',#1115,#1116);
#1115 = CARTESIAN_POINT('',(5.,60.,100.));
#1116 = VECTOR('',#1117,1.);
#1117 = DIRECTION('',(-1.,0.,0.));
#1118 = PLANE('',#1119);
#1119 = AXIS2_PLACEMENT_3D('',#1120,#1121,#1122);
#1120 = CARTESIAN_POINT('',(0.,0.,100.));
#1121 = DIRECTION('',(0.,0.,1.));
#1122 = DIRECTION('',(1.,0.,-0.));
#1123 = ADVANCED_FACE('',(#1124),#1142,.T.);
#1124 = FACE_BOUND('',#1125,.T.);
#1125 = EDGE_LOOP('',(#1126,#1127,#1135,#1141));
#1126 = ORIENTED_EDGE('',*,*,#1113,.F.);
#1127 = ORIENTED_EDGE('',*,*,#1128,.T.);
#1128 = EDGE_CURVE('',#1106,#1129,#1131,.T.);
#1129 = VERTEX_POINT('',#1130);
#1130 = CARTESIAN_POINT('',(10.,60.,0.));
#1131 = LINE('',#1132,#1133);
#1132 = CARTESIAN_POINT('',(10.,60.,50.));
#1133 = VECTOR('',#1134,1.);
#1134 = DIRECTION('',(0.,0.,-1.));
#1135 = ORIENTED_EDGE('',*,*,#1136,.T.);
#1136 = EDGE_CURVE('',#1129,#795,#1137,.T.);
#1137 = LINE('',#1138,#1139);
#1138 = CARTESIAN_POINT('',(5.,60.,0.));
#1139 = VECTOR('',#1140,1.);
#1140 = DIRECTION('',(-1.,0.,0.));
#1141 = ORIENTED_EDGE('',*,*,#794,.F.);
#1142 = PLANE('',#1143);
#1143 = AXIS2_PLACEMENT_3D('',#1144,#1145,#1146);
#1144 = CARTESIAN_POINT('',(10.,60.,100.));
#1145 = DIRECTION('',(0.,1.,0.));
#1146 = DIRECTION('',(0.,-0.,1.));
#1147 = ADVANCED_FACE('',(#1148),#1175,.T.);
#1148 = FACE_BOUND('',#1149,.T.);
#1149 = EDGE_LOOP('',(#1150,#1151,#1152,#1160,#1168,#1174));
#1150 = ORIENTED_EDGE('',*,*,#802,.F.);
#1151 = ORIENTED_EDGE('',*,*,#1136,.F.);
#1152 = ORIENTED_EDGE('',*,*,#1153,.F.);
#1153 = EDGE_CURVE('',#1154,#1129,#1156,.T.);
#1154 = VERTEX_POINT('',#1155);
#1155 = CARTESIAN_POINT('',(10.,10.,0.));
#1156 = LINE('',#1157,#1158);
#1157 = CARTESIAN_POINT('',(10.,35.,0.));
#1158 = VECTOR('',#1159,1.);
#1159 = DIRECTION('',(0.,1.,0.));
#1160 = ORIENTED_EDGE('',*,*,#1161,.F.);
#1161 = EDGE_CURVE('',#1162,#1154,#1164,.T.);
#1162 = VERTEX_POINT('',#1163);
#1163 = CARTESIAN_POINT('',(50.,10.,0.));
#1164 = LINE('',#1165,#1166);
#1165 = CARTESIAN_POINT('',(30.,10.,0.));
#1166 = VECTOR('',#1167,1.);
#1167 = DIRECTION('',(-1.,0.,0.));
#1168 = ORIENTED_EDGE('',*,*,#1169,.F.);
#1169 = EDGE_CURVE('',#879,#1162,#1170,.T.);
#1170 = LINE('',#1171,#1172);
#1171 = CARTESIAN_POINT('',(50.,5.,0.));
#1172 = VECTOR('',#1173,1.);
#1173 = DIRECTION('',(0.,1.,0.));
#1174 = ORIENTED_EDGE('',*,*,#893,.F.);
#1175 = PLANE('',#1176);
#1176 = AXIS2_PLACEMENT_3D('',#1177,#1178,#1179);
#1177 = CARTESIAN_POINT('',(0.,0.,0.));
#1178 = DIRECTION('',(0.,0.,-1.));
#1179 = DIRECTION('',(-1.,0.,0.));
#1180 = ADVANCED_FACE('',(#1181),#1205,.T.);
#1181 = FACE_BOUND('',#1182,.T.);
#1182 = EDGE_LOOP('',(#1183,#1194,#1199,#1200));
#1183 = ORIENTED_EDGE('',*,*,#1184,.F.);
#1184 = EDGE_CURVE('',#1185,#1187,#1189,.T.);
#1185 = VERTEX_POINT('',#1186);
#1186 = CARTESIAN_POINT('',(10.,40.,55.));
#1187 = VERTEX_POINT('',#1188);
#1188 = CARTESIAN_POINT('',(10.,40.,45.));
#1189 = ( BOUNDED_CURVE() B_SPLINE_CURVE(3,(#1190,#1191,#1192,#1193),
.UNSPECIFIED.,.F.,.F.) B_SPLINE_CURVE_WITH_KNOTS((4,4),(0.,30.),
.PIECEWISE_BEZIER_KNOTS.) CURVE() GEOMETRIC_REPRESENTATION_ITEM() 
RATIONAL_B_SPLINE_CURVE((1.,0.33333333333,0.33333333333,1.)) 
REPRESENTATION_ITEM('') );
#1190 = CARTESIAN_POINT('',(10.,40.,55.));
#1191 = CARTESIAN_POINT('',(10.,50.,55.));
#1192 = CARTESIAN_POINT('',(10.,50.,45.));
#1193 = CARTESIAN_POINT('',(10.,40.,45.));
#1194 = ORIENTED_EDGE('',*,*,#1195,.T.);
#1195 = EDGE_CURVE('',#1185,#813,#1196,.T.);
#1196 = B_SPLINE_CURVE_WITH_KNOTS('',1,(#1197,#1198),.UNSPECIFIED.,.F.,
  .F.,(2,2),(9.9800399E-04,10.000998004),.PIECEWISE_BEZIER_KNOTS.);
#1197 = CARTESIAN_POINT('',(10.,40.,55.));
#1198 = CARTESIAN_POINT('',(0.,40.,55.));
#1199 = ORIENTED_EDGE('',*,*,#810,.F.);
#1200 = ORIENTED_EDGE('',*,*,#1201,.F.);
#1201 = EDGE_CURVE('',#1187,#811,#1202,.T.);
#1202 = B_SPLINE_CURVE_WITH_KNOTS('',1,(#1203,#1204),.UNSPECIFIED.,.F.,
  .F.,(2,2),(9.9800399E-04,10.000998004),.PIECEWISE_BEZIER_KNOTS.);
#1203 = CARTESIAN_POINT('',(10.,40.,45.));
#1204 = CARTESIAN_POINT('',(0.,40.,45.));
#1205 = ( BOUNDED_SURFACE() B_SPLINE_SURFACE(1,3,(
    (#1206,#1207,#1208,#1209)
    ,(#1210,#1211,#1212,#1213
)),.UNSPECIFIED.,.F.,.F.,.F.) B_SPLINE_SURFACE_WITH_KNOTS((2,2),(4,4),(
    9.9800399E-04,10.000998004),(0.,30.),.PIECEWISE_BEZIER_KNOTS.) 
GEOMETRIC_REPRESENTATION_ITEM() RATIONAL_B_SPLINE_SURFACE((
    (1.,0.33333333333,0.33333333333,1.)
,(1.,0.33333333333,0.33333333333,1.
  ))) REPRESENTATION_ITEM('') SURFACE() );
#1206 = CARTESIAN_POINT('',(10.,40.,55.));
#1207 = CARTESIAN_POINT('',(10.,50.,55.));
#1208 = CARTESIAN_POINT('',(10.,50.,45.));
#1209 = CARTESIAN_POINT('',(10.,40.,45.));
#1210 = CARTESIAN_POINT('',(0.,40.,55.));
#1211 = CARTESIAN_POINT('',(0.,50.,55.));
#1212 = CARTESIAN_POINT('',(0.,50.,45.));
#1213 = CARTESIAN_POINT('',(0.,40.,45.));
#1214 = ADVANCED_FACE('',(#1215),#1227,.T.);
#1215 = FACE_BOUND('',#1216,.T.);
#1216 = EDGE_LOOP('',(#1217,#1224,#1225,#1226));
#1217 = ORIENTED_EDGE('',*,*,#1218,.F.);
#1218 = EDGE_CURVE('',#1187,#1185,#1219,.T.);
#1219 = ( BOUNDED_CURVE() B_SPLINE_CURVE(3,(#1220,#1221,#1222,#1223),
.UNSPECIFIED.,.F.,.F.) B_SPLINE_CURVE_WITH_KNOTS((4,4),(0.,30.),
.PIECEWISE_BEZIER_KNOTS.) CURVE() GEOMETRIC_REPRESENTATION_ITEM() 
RATIONAL_B_SPLINE_CURVE((1.,0.33333333333,0.33333333333,1.)) 
REPRESENTATION_ITEM('') );
#1220 = CARTESIAN_POINT('',(10.,40.,45.));
#1221 = CARTESIAN_POINT('',(10.,30.,45.));
#1222 = CARTESIAN_POINT('',(10.,30.,55.));
#1223 = CARTESIAN_POINT('',(10.,40.,55.));
#1224 = ORIENTED_EDGE('',*,*,#1201,.T.);
#1225 = ORIENTED_EDGE('',*,*,#841,.F.);
#1226 = ORIENTED_EDGE('',*,*,#1195,.F.);
#1227 = ( BOUNDED_SURFACE() B_SPLINE_SURFACE(1,3,(
    (#1228,#1229,#1230,#1231)
    ,(#1232,#1233,#1234,#1235
)),.UNSPECIFIED.,.F.,.F.,.F.) B_SPLINE_SURFACE_WITH_KNOTS((2,2),(4,4),(
    9.9800399E-04,10.000998004),(0.,30.),.PIECEWISE_BEZIER_KNOTS.) 
GEOMETRIC_REPRESENTATION_ITEM() RATIONAL_B_SPLINE_SURFACE((
    (1.,0.33333333333,0.33333333333,1.)
,(1.,0.33333333333,0.33333333333,1.
  ))) REPRESENTATION_ITEM('') SURFACE() );
#1228 = CARTESIAN_POINT('',(10.,40.,45.));
#1229 = CARTESIAN_POINT('',(10.,30.,45.));
#1230 = CARTESIAN_POINT('',(10.,30.,55.));
#1231 = CARTESIAN_POINT('',(10.,40.,55.));
#1232 = CARTESIAN_POINT('',(0.,40.,45.));
#1233 = CARTESIAN_POINT('',(0.,30.,45.));
#1234 = CARTESIAN_POINT('',(0.,30.,55.));
#1235 = CARTESIAN_POINT('',(0.,40.,55.));
#1236 = ADVANCED_FACE('',(#1237),#1248,.T.);
#1237 = FACE_BOUND('',#1238,.T.);
#1238 = EDGE_LOOP('',(#1239,#1245,#1246,#1247));
#1239 = ORIENTED_EDGE('',*,*,#1240,.F.);
#1240 = EDGE_CURVE('',#1090,#1162,#1241,.T.);
#1241 = LINE('',#1242,#1243);
#1242 = CARTESIAN_POINT('',(50.,10.,50.));
#1243 = VECTOR('',#1244,1.);
#1244 = DIRECTION('',(0.,0.,-1.));
#1245 = ORIENTED_EDGE('',*,*,#1089,.F.);
#1246 = ORIENTED_EDGE('',*,*,#876,.T.);
#1247 = ORIENTED_EDGE('',*,*,#1169,.T.);
#1248 = PLANE('',#1249);
#1249 = AXIS2_PLACEMENT_3D('',#1250,#1251,#1252);
#1250 = CARTESIAN_POINT('',(50.,0.,100.));
#1251 = DIRECTION('',(1.,0.,0.));
#1252 = DIRECTION('',(0.,0.,-1.));
#1253 = ADVANCED_FACE('',(#1254),#1278,.T.);
#1254 = FACE_BOUND('',#1255,.T.);
#1255 = EDGE_LOOP('',(#1256,#1267,#1272,#1273));
#1256 = ORIENTED_EDGE('',*,*,#1257,.F.);
#1257 = EDGE_CURVE('',#1258,#1260,#1262,.T.);
#1258 = VERTEX_POINT('',#1259);
#1259 = CARTESIAN_POINT('',(42.5,10.,32.00961894));
#1260 = VERTEX_POINT('',#1261);
#1261 = CARTESIAN_POINT('',(42.5,10.,42.00961894));
#1262 = ( BOUNDED_CURVE() B_SPLINE_CURVE(3,(#1263,#1264,#1265,#1266),
.UNSPECIFIED.,.F.,.F.) B_SPLINE_CURVE_WITH_KNOTS((4,4),(0.,30.),
.PIECEWISE_BEZIER_KNOTS.) CURVE() GEOMETRIC_REPRESENTATION_ITEM() 
RATIONAL_B_SPLINE_CURVE((1.,0.33333333333,0.33333333333,1.)) 
REPRESENTATION_ITEM('') );
#1263 = CARTESIAN_POINT('',(42.5,10.,32.00961894));
#1264 = CARTESIAN_POINT('',(52.5,10.,32.00961894));
#1265 = CARTESIAN_POINT('',(52.5,10.,42.00961894));
#1266 = CARTESIAN_POINT('',(42.5,10.,42.00961894));
#1267 = ORIENTED_EDGE('',*,*,#1268,.T.);
#1268 = EDGE_CURVE('',#1258,#904,#1269,.T.);
#1269 = B_SPLINE_CURVE_WITH_KNOTS('',1,(#1270,#1271),.UNSPECIFIED.,.F.,
  .F.,(2,2),(9.9800399E-04,10.000998004),.PIECEWISE_BEZIER_KNOTS.);
#1270 = CARTESIAN_POINT('',(42.5,10.,32.00961894));
#1271 = CARTESIAN_POINT('',(42.5,0.,32.00961894));
#1272 = ORIENTED_EDGE('',*,*,#901,.F.);
#1273 = ORIENTED_EDGE('',*,*,#1274,.F.);
#1274 = EDGE_CURVE('',#1260,#902,#1275,.T.);
#1275 = B_SPLINE_CURVE_WITH_KNOTS('',1,(#1276,#1277),.UNSPECIFIED.,.F.,
  .F.,(2,2),(9.9800399E-04,10.000998004),.PIECEWISE_BEZIER_KNOTS.);
#1276 = CARTESIAN_POINT('',(42.5,10.,42.00961894));
#1277 = CARTESIAN_POINT('',(42.5,0.,42.00961894));
#1278 = ( BOUNDED_SURFACE() B_SPLINE_SURFACE(1,3,(
    (#1279,#1280,#1281,#1282)
    ,(#1283,#1284,#1285,#1286
)),.UNSPECIFIED.,.F.,.F.,.F.) B_SPLINE_SURFACE_WITH_KNOTS((2,2),(4,4),(
    9.9800399E-04,10.000998004),(0.,30.),.PIECEWISE_BEZIER_KNOTS.) 
GEOMETRIC_REPRESENTATION_ITEM() RATIONAL_B_SPLINE_SURFACE((
    (1.,0.33333333333,0.33333333333,1.)
,(1.,0.33333333333,0.33333333333,1.
  ))) REPRESENTATION_ITEM('') SURFACE() );
#1279 = CARTESIAN_POINT('',(42.5,10.,32.00961894));
#1280 = CARTESIAN_POINT('',(52.5,10.,32.00961894));
#1281 = CARTESIAN_POINT('',(52.5,10.,42.00961894));
#1282 = CARTESIAN_POINT('',(42.5,10.,42.00961894));
#1283 = CARTESIAN_POINT('',(42.5,0.,32.00961894));
#1284 = CARTESIAN_POINT('',(52.5,0.,32.00961894));
#1285 = CARTESIAN_POINT('',(52.5,0.,42.00961894));
#1286 = CARTESIAN_POINT('',(42.5,0.,42.00961894));
#1287 = ADVANCED_FACE('',(#1288),#1300,.T.);
#1288 = FACE_BOUND('',#1289,.T.);
#1289 = EDGE_LOOP('',(#1290,#1297,#1298,#1299));
#1290 = ORIENTED_EDGE('',*,*,#1291,.F.);
#1291 = EDGE_CURVE('',#1260,#1258,#1292,.T.);
#1292 = ( BOUNDED_CURVE() B_SPLINE_CURVE(3,(#1293,#1294,#1295,#1296),
.UNSPECIFIED.,.F.,.F.) B_SPLINE_CURVE_WITH_KNOTS((4,4),(0.,30.),
.PIECEWISE_BEZIER_KNOTS.) CURVE() GEOMETRIC_REPRESENTATION_ITEM() 
RATIONAL_B_SPLINE_CURVE((1.,0.33333333333,0.33333333333,1.)) 
REPRESENTATION_ITEM('') );
#1293 = CARTESIAN_POINT('',(42.5,10.,42.00961894));
#1294 = CARTESIAN_POINT('',(32.5,10.,42.00961894));
#1295 = CARTESIAN_POINT('',(32.5,10.,32.00961894));
#1296 = CARTESIAN_POINT('',(42.5,10.,32.00961894));
#1297 = ORIENTED_EDGE('',*,*,#1274,.T.);
#1298 = ORIENTED_EDGE('',*,*,#932,.F.);
#1299 = ORIENTED_EDGE('',*,*,#1268,.F.);
#1300 = ( BOUNDED_SURFACE() B_SPLINE_SURFACE(1,3,(
    (#1301,#1302,#1303,#1304)
    ,(#1305,#1306,#1307,#1308
)),.UNSPECIFIED.,.F.,.F.,.F.) B_SPLINE_SURFACE_WITH_KNOTS((2,2),(4,4),(
    9.9800399E-04,10.000998004),(0.,30.),.PIECEWISE_BEZIER_KNOTS.) 
GEOMETRIC_REPRESENTATION_ITEM() RATIONAL_B_SPLINE_SURFACE((
    (1.,0.33333333333,0.33333333333,1.)
,(1.,0.33333333333,0.33333333333,1.
  ))) REPRESENTATION_ITEM('') SURFACE() );
#1301 = CARTESIAN_POINT('',(42.5,10.,42.00961894));
#1302 = CARTESIAN_POINT('',(32.5,10.,42.00961894));
#1303 = CARTESIAN_POINT('',(32.5,10.,32.00961894));
#1304 = CARTESIAN_POINT('',(42.5,10.,32.00961894));
#1305 = CARTESIAN_POINT('',(42.5,0.,42.00961894));
#1306 = CARTESIAN_POINT('',(32.5,0.,42.00961894));
#1307 = CARTESIAN_POINT('',(32.5,0.,32.00961894));
#1308 = CARTESIAN_POINT('',(42.5,0.,32.00961894));
#1309 = ADVANCED_FACE('',(#1310),#1334,.T.);
#1310 = FACE_BOUND('',#1311,.T.);
#1311 = EDGE_LOOP('',(#1312,#1323,#1328,#1329));
#1312 = ORIENTED_EDGE('',*,*,#1313,.F.);
#1313 = EDGE_CURVE('',#1314,#1316,#1318,.T.);
#1314 = VERTEX_POINT('',#1315);
#1315 = CARTESIAN_POINT('',(42.5,10.,57.99038106));
#1316 = VERTEX_POINT('',#1317);
#1317 = CARTESIAN_POINT('',(42.5,10.,67.99038106));
#1318 = ( BOUNDED_CURVE() B_SPLINE_CURVE(3,(#1319,#1320,#1321,#1322),
.UNSPECIFIED.,.F.,.F.) B_SPLINE_CURVE_WITH_KNOTS((4,4),(0.,30.),
.PIECEWISE_BEZIER_KNOTS.) CURVE() GEOMETRIC_REPRESENTATION_ITEM() 
RATIONAL_B_SPLINE_CURVE((1.,0.33333333333,0.33333333333,1.)) 
REPRESENTATION_ITEM('') );
#1319 = CARTESIAN_POINT('',(42.5,10.,57.99038106));
#1320 = CARTESIAN_POINT('',(52.5,10.,57.99038106));
#1321 = CARTESIAN_POINT('',(52.5,10.,67.99038106));
#1322 = CARTESIAN_POINT('',(42.5,10.,67.99038106));
#1323 = ORIENTED_EDGE('',*,*,#1324,.T.);
#1324 = EDGE_CURVE('',#1314,#964,#1325,.T.);
#1325 = B_SPLINE_CURVE_WITH_KNOTS('',1,(#1326,#1327),.UNSPECIFIED.,.F.,
  .F.,(2,2),(9.9800399E-04,10.000998004),.PIECEWISE_BEZIER_KNOTS.);
#1326 = CARTESIAN_POINT('',(42.5,10.,57.99038106));
#1327 = CARTESIAN_POINT('',(42.5,0.,57.99038106));
#1328 = ORIENTED_EDGE('',*,*,#961,.F.);
#1329 = ORIENTED_EDGE('',*,*,#1330,.F.);
#1330 = EDGE_CURVE('',#1316,#962,#1331,.T.);
#1331 = B_SPLINE_CURVE_WITH_KNOTS('',1,(#1332,#1333),.UNSPECIFIED.,.F.,
  .F.,(2,2),(9.9800399E-04,10.000998004),.PIECEWISE_BEZIER_KNOTS.);
#1332 = CARTESIAN_POINT('',(42.5,10.,67.99038106));
#1333 = CARTESIAN_POINT('',(42.5,0.,67.99038106));
#1334 = ( BOUNDED_SURFACE() B_SPLINE_SURFACE(1,3,(
    (#1335,#1336,#1337,#1338)
    ,(#1339,#1340,#1341,#1342
)),.UNSPECIFIED.,.F.,.F.,.F.) B_SPLINE_SURFACE_WITH_KNOTS((2,2),(4,4),(
    9.9800399E-04,10.000998004),(0.,30.),.PIECEWISE_BEZIER_KNOTS.) 
GEOMETRIC_REPRESENTATION_ITEM() RATIONAL_B_SPLINE_SURFACE((
    (1.,0.33333333333,0.33333333333,1.)
,(1.,0.33333333333,0.33333333333,1.
  ))) REPRESENTATION_ITEM('') SURFACE() );
#1335 = CARTESIAN_POINT('',(42.5,10.,57.99038106));
#1336 = CARTESIAN_POINT('',(52.5,10.,57.99038106));
#1337 = CARTESIAN_POINT('',(52.5,10.,67.99038106));
#1338 = CARTESIAN_POINT('',(42.5,10.,67.99038106));
#1339 = CARTESIAN_POINT('',(42.5,0.,57.99038106));
#1340 = CARTESIAN_POINT('',(52.5,0.,57.99038106));
#1341 = CARTESIAN_POINT('',(52.5,0.,67.99038106));
#1342 = CARTESIAN_POINT('',(42.5,0.,67.99038106));
#1343 = ADVANCED_FACE('',(#1344),#1356,.T.);
#1344 = FACE_BOUND('',#1345,.T.);
#1345 = EDGE_LOOP('',(#1346,#1353,#1354,#1355));
#1346 = ORIENTED_EDGE('',*,*,#1347,.F.);
#1347 = EDGE_CURVE('',#1316,#1314,#1348,.T.);
#1348 = ( BOUNDED_CURVE() B_SPLINE_CURVE(3,(#1349,#1350,#1351,#1352),
.UNSPECIFIED.,.F.,.F.) B_SPLINE_CURVE_WITH_KNOTS((4,4),(0.,30.),
.PIECEWISE_BEZIER_KNOTS.) CURVE() GEOMETRIC_REPRESENTATION_ITEM() 
RATIONAL_B_SPLINE_CURVE((1.,0.33333333333,0.33333333333,1.)) 
REPRESENTATION_ITEM('') );
#1349 = CARTESIAN_POINT('',(42.5,10.,67.99038106));
#1350 = CARTESIAN_POINT('',(32.5,10.,67.99038106));
#1351 = CARTESIAN_POINT('',(32.5,10.,57.99038106));
#1352 = CARTESIAN_POINT('',(42.5,10.,57.99038106));
#1353 = ORIENTED_EDGE('',*,*,#1330,.T.);
#1354 = ORIENTED_EDGE('',*,*,#992,.F.);
#1355 = ORIENTED_EDGE('',*,*,#1324,.F.);
#1356 = ( BOUNDED_SURFACE() B_SPLINE_SURFACE(1,3,(
    (#1357,#1358,#1359,#1360)
    ,(#1361,#1362,#1363,#1364
)),.UNSPECIFIED.,.F.,.F.,.F.) B_SPLINE_SURFACE_WITH_KNOTS((2,2),(4,4),(
    9.9800399E-04,10.000998004),(0.,30.),.PIECEWISE_BEZIER_KNOTS.) 
GEOMETRIC_REPRESENTATION_ITEM() RATIONAL_B_SPLINE_SURFACE((
    (1.,0.33333333333,0.33333333333,1.)
,(1.,0.33333333333,0.33333333333,1.
  ))) REPRESENTATION_ITEM('') SURFACE() );
#1357 = CARTESIAN_POINT('',(42.5,10.,67.99038106));
#1358 = CARTESIAN_POINT('',(32.5,10.,67.99038106));
#1359 = CARTESIAN_POINT('',(32.5,10.,57.99038106));
#1360 = CARTESIAN_POINT('',(42.5,10.,57.99038106));
#1361 = CARTESIAN_POINT('',(42.5,0.,67.99038106));
#1362 = CARTESIAN_POINT('',(32.5,0.,67.99038106));
#1363 = CARTESIAN_POINT('',(32.5,0.,57.99038106));
#1364 = CARTESIAN_POINT('',(42.5,0.,57.99038106));
#1365 = ADVANCED_FACE('',(#1366),#1390,.T.);
#1366 = FACE_BOUND('',#1367,.T.);
#1367 = EDGE_LOOP('',(#1368,#1379,#1384,#1385));
#1368 = ORIENTED_EDGE('',*,*,#1369,.F.);
#1369 = EDGE_CURVE('',#1370,#1372,#1374,.T.);
#1370 = VERTEX_POINT('',#1371);
#1371 = CARTESIAN_POINT('',(20.,10.,45.));
#1372 = VERTEX_POINT('',#1373);
#1373 = CARTESIAN_POINT('',(20.,10.,55.));
#1374 = ( BOUNDED_CURVE() B_SPLINE_CURVE(3,(#1375,#1376,#1377,#1378),
.UNSPECIFIED.,.F.,.F.) B_SPLINE_CURVE_WITH_KNOTS((4,4),(0.,30.),
.PIECEWISE_BEZIER_KNOTS.) CURVE() GEOMETRIC_REPRESENTATION_ITEM() 
RATIONAL_B_SPLINE_CURVE((1.,0.33333333333,0.33333333333,1.)) 
REPRESENTATION_ITEM('') );
#1375 = CARTESIAN_POINT('',(20.,10.,45.));
#1376 = CARTESIAN_POINT('',(30.,10.,45.));
#1377 = CARTESIAN_POINT('',(30.,10.,55.));
#1378 = CARTESIAN_POINT('',(20.,10.,55.));
#1379 = ORIENTED_EDGE('',*,*,#1380,.T.);
#1380 = EDGE_CURVE('',#1370,#1024,#1381,.T.);
#1381 = B_SPLINE_CURVE_WITH_KNOTS('',1,(#1382,#1383),.UNSPECIFIED.,.F.,
  .F.,(2,2),(9.9800399E-04,10.000998004),.PIECEWISE_BEZIER_KNOTS.);
#1382 = CARTESIAN_POINT('',(20.,10.,45.));
#1383 = CARTESIAN_POINT('',(20.,0.,45.));
#1384 = ORIENTED_EDGE('',*,*,#1021,.F.);
#1385 = ORIENTED_EDGE('',*,*,#1386,.F.);
#1386 = EDGE_CURVE('',#1372,#1022,#1387,.T.);
#1387 = B_SPLINE_CURVE_WITH_KNOTS('',1,(#1388,#1389),.UNSPECIFIED.,.F.,
  .F.,(2,2),(9.9800399E-04,10.000998004),.PIECEWISE_BEZIER_KNOTS.);
#1388 = CARTESIAN_POINT('',(20.,10.,55.));
#1389 = CARTESIAN_POINT('',(20.,0.,55.));
#1390 = ( BOUNDED_SURFACE() B_SPLINE_SURFACE(1,3,(
    (#1391,#1392,#1393,#1394)
    ,(#1395,#1396,#1397,#1398
)),.UNSPECIFIED.,.F.,.F.,.F.) B_SPLINE_SURFACE_WITH_KNOTS((2,2),(4,4),(
    9.9800399E-04,10.000998004),(0.,30.),.PIECEWISE_BEZIER_KNOTS.) 
GEOMETRIC_REPRESENTATION_ITEM() RATIONAL_B_SPLINE_SURFACE((
    (1.,0.33333333333,0.33333333333,1.)
,(1.,0.33333333333,0.33333333333,1.
  ))) REPRESENTATION_ITEM('') SURFACE() );
#1391 = CARTESIAN_POINT('',(20.,10.,45.));
#1392 = CARTESIAN_POINT('',(30.,10.,45.));
#1393 = CARTESIAN_POINT('',(30.,10.,55.));
#1394 = CARTESIAN_POINT('',(20.,10.,55.));
#1395 = CARTESIAN_POINT('',(20.,0.,45.));
#1396 = CARTESIAN_POINT('',(30.,0.,45.));
#1397 = CARTESIAN_POINT('',(30.,0.,55.));
#1398 = CARTESIAN_POINT('',(20.,0.,55.));
#1399 = ADVANCED_FACE('',(#1400),#1412,.T.);
#1400 = FACE_BOUND('',#1401,.T.);
#1401 = EDGE_LOOP('',(#1402,#1409,#1410,#1411));
#1402 = ORIENTED_EDGE('',*,*,#1403,.F.);
#1403 = EDGE_CURVE('',#1372,#1370,#1404,.T.);
#1404 = ( BOUNDED_CURVE() B_SPLINE_CURVE(3,(#1405,#1406,#1407,#1408),
.UNSPECIFIED.,.F.,.F.) B_SPLINE_CURVE_WITH_KNOTS((4,4),(0.,30.),
.PIECEWISE_BEZIER_KNOTS.) CURVE() GEOMETRIC_REPRESENTATION_ITEM() 
RATIONAL_B_SPLINE_CURVE((1.,0.33333333333,0.33333333333,1.)) 
REPRESENTATION_ITEM('') );
#1405 = CARTESIAN_POINT('',(20.,10.,55.));
#1406 = CARTESIAN_POINT('',(10.,10.,55.));
#1407 = CARTESIAN_POINT('',(10.,10.,45.));
#1408 = CARTESIAN_POINT('',(20.,10.,45.));
#1409 = ORIENTED_EDGE('',*,*,#1386,.T.);
#1410 = ORIENTED_EDGE('',*,*,#1052,.F.);
#1411 = ORIENTED_EDGE('',*,*,#1380,.F.);
#1412 = ( BOUNDED_SURFACE() B_SPLINE_SURFACE(1,3,(
    (#1413,#1414,#1415,#1416)
    ,(#1417,#1418,#1419,#1420
)),.UNSPECIFIED.,.F.,.F.,.F.) B_SPLINE_SURFACE_WITH_KNOTS((2,2),(4,4),(
    9.9800399E-04,10.000998004),(0.,30.),.PIECEWISE_BEZIER_KNOTS.) 
GEOMETRIC_REPRESENTATION_ITEM() RATIONAL_B_SPLINE_SURFACE((
    (1.,0.33333333333,0.33333333333,1.)
,(1.,0.33333333333,0.33333333333,1.
  ))) REPRESENTATION_ITEM('') SURFACE() );
#1413 = CARTESIAN_POINT('',(20.,10.,55.));
#1414 = CARTESIAN_POINT('',(10.,10.,55.));
#1415 = CARTESIAN_POINT('',(10.,10.,45.));
#1416 = CARTESIAN_POINT('',(20.,10.,45.));
#1417 = CARTESIAN_POINT('',(20.,0.,55.));
#1418 = CARTESIAN_POINT('',(10.,0.,55.));
#1419 = CARTESIAN_POINT('',(10.,0.,45.));
#1420 = CARTESIAN_POINT('',(20.,0.,45.));
#1421 = ADVANCED_FACE('',(#1422,#1433,#1437,#1441),#1445,.T.);
#1422 = FACE_BOUND('',#1423,.T.);
#1423 = EDGE_LOOP('',(#1424,#1430,#1431,#1432));
#1424 = ORIENTED_EDGE('',*,*,#1425,.F.);
#1425 = EDGE_CURVE('',#1098,#1154,#1426,.T.);
#1426 = LINE('',#1427,#1428);
#1427 = CARTESIAN_POINT('',(10.,10.,50.));
#1428 = VECTOR('',#1429,1.);
#1429 = DIRECTION('',(0.,0.,-1.));
#1430 = ORIENTED_EDGE('',*,*,#1097,.F.);
#1431 = ORIENTED_EDGE('',*,*,#1240,.T.);
#1432 = ORIENTED_EDGE('',*,*,#1161,.T.);
#1433 = FACE_BOUND('',#1434,.T.);
#1434 = EDGE_LOOP('',(#1435,#1436));
#1435 = ORIENTED_EDGE('',*,*,#1257,.T.);
#1436 = ORIENTED_EDGE('',*,*,#1291,.T.);
#1437 = FACE_BOUND('',#1438,.T.);
#1438 = EDGE_LOOP('',(#1439,#1440));
#1439 = ORIENTED_EDGE('',*,*,#1313,.T.);
#1440 = ORIENTED_EDGE('',*,*,#1347,.T.);
#1441 = FACE_BOUND('',#1442,.T.);
#1442 = EDGE_LOOP('',(#1443,#1444));
#1443 = ORIENTED_EDGE('',*,*,#1369,.T.);
#1444 = ORIENTED_EDGE('',*,*,#1403,.T.);
#1445 = PLANE('',#1446);
#1446 = AXIS2_PLACEMENT_3D('',#1447,#1448,#1449);
#1447 = CARTESIAN_POINT('',(50.,10.,100.));
#1448 = DIRECTION('',(0.,1.,0.));
#1449 = DIRECTION('',(0.,-0.,1.));
#1450 = ADVANCED_FACE('',(#1451,#1457),#1461,.T.);
#1451 = FACE_BOUND('',#1452,.T.);
#1452 = EDGE_LOOP('',(#1453,#1454,#1455,#1456));
#1453 = ORIENTED_EDGE('',*,*,#1128,.F.);
#1454 = ORIENTED_EDGE('',*,*,#1105,.F.);
#1455 = ORIENTED_EDGE('',*,*,#1425,.T.);
#1456 = ORIENTED_EDGE('',*,*,#1153,.T.);
#1457 = FACE_BOUND('',#1458,.T.);
#1458 = EDGE_LOOP('',(#1459,#1460));
#1459 = ORIENTED_EDGE('',*,*,#1184,.T.);
#1460 = ORIENTED_EDGE('',*,*,#1218,.T.);
#1461 = PLANE('',#1462);
#1462 = AXIS2_PLACEMENT_3D('',#1463,#1464,#1465);
#1463 = CARTESIAN_POINT('',(10.,10.,100.));
#1464 = DIRECTION('',(1.,0.,0.));
#1465 = DIRECTION('',(0.,0.,-1.));
#1466 = ( GEOMETRIC_REPRESENTATION_CONTEXT(3) 
GLOBAL_UNCERTAINTY_ASSIGNED_CONTEXT((#1470)) 
GLOBAL_UNIT_ASSIGNED_CONTEXT((#1467,#1468,#1469)) REPRESENTATION_CONTEXT
('Context #1','3D Context with UNIT and UNCERTAINTY') );
#1467 = ( LENGTH_UNIT() NAMED_UNIT(*) SI_UNIT(.MILLI.,.METRE.) );
#1468 = ( NAMED_UNIT(*) PLANE_ANGLE_UNIT() SI_UNIT($,.RADIAN.) );
#1469 = ( NAMED_UNIT(*) SI_UNIT($,.STERADIAN.) SOLID_ANGLE_UNIT() );
#1470 = UNCERTAINTY_MEASURE_WITH_UNIT(LENGTH_MEASURE(5.E-06),#1467,
  'distance_accuracy_value','confusion accuracy');
#1471 = CONTEXT_DEPENDENT_SHAPE_REPRESENTATION(#1472,#1474);
#1472 = ( REPRESENTATION_RELATIONSHIP('','',#769,#10) 
REPRESENTATION_RELATIONSHIP_WITH_TRANSFORMATION(#1473) 
SHAPE_REPRESENTATION_RELATIONSHIP() );
#1473 = ITEM_DEFINED_TRANSFORMATION('','',#11,#27);
#1474 = PRODUCT_DEFINITION_SHAPE('Placement','Placement of an item',
  #1475);
#1475 = NEXT_ASSEMBLY_USAGE_OCCURRENCE('4','l-bracket_1','',#5,#764,$);
#1476 = PRODUCT_RELATED_PRODUCT_CATEGORY('part',$,(#766));
#1477 = SHAPE_DEFINITION_REPRESENTATION(#1478,#1484);
#1478 = PRODUCT_DEFINITION_SHAPE('','',#1479);
#1479 = PRODUCT_DEFINITION('design','',#1480,#1483);
#1480 = PRODUCT_DEFINITION_FORMATION('','',#1481);
#1481 = PRODUCT('plate','plate','',(#1482));
#1482 = PRODUCT_CONTEXT('',#2,'mechanical');
#1483 = PRODUCT_DEFINITION_CONTEXT('part definition',#2,'design');
#1484 = ADVANCED_BREP_SHAPE_REPRESENTATION('',(#11,#1485),#2355);
#1485 = MANIFOLD_SOLID_BREP('',#1486);
#1486 = CLOSED_SHELL('',(#1487,#1887,#1918,#1942,#1966,#1983,#2017,#2039
    ,#2073,#2095,#2129,#2151,#2185,#2207,#2241,#2263,#2297,#2319));
#1487 = ADVANCED_FACE('',(#1488,#1522,#1582,#1642,#1702,#1762,#1822),
  #1882,.T.);
#1488 = FACE_BOUND('',#1489,.T.);
#1489 = EDGE_LOOP('',(#1490,#1500,#1508,#1516));
#1490 = ORIENTED_EDGE('',*,*,#1491,.F.);
#1491 = EDGE_CURVE('',#1492,#1494,#1496,.T.);
#1492 = VERTEX_POINT('',#1493);
#1493 = CARTESIAN_POINT('',(180.,0.,20.));
#1494 = VERTEX_POINT('',#1495);
#1495 = CARTESIAN_POINT('',(0.,0.,20.));
#1496 = LINE('',#1497,#1498);
#1497 = CARTESIAN_POINT('',(90.,0.,20.));
#1498 = VECTOR('',#1499,1.);
#1499 = DIRECTION('',(-1.,0.,0.));
#1500 = ORIENTED_EDGE('',*,*,#1501,.F.);
#1501 = EDGE_CURVE('',#1502,#1492,#1504,.T.);
#1502 = VERTEX_POINT('',#1503);
#1503 = CARTESIAN_POINT('',(180.,150.,20.));
#1504 = LINE('',#1505,#1506);
#1505 = CARTESIAN_POINT('',(180.,75.,20.));
#1506 = VECTOR('',#1507,1.);
#1507 = DIRECTION('',(0.,-1.,0.));
#1508 = ORIENTED_EDGE('',*,*,#1509,.F.);
#1509 = EDGE_CURVE('',#1510,#1502,#1512,.T.);
#1510 = VERTEX_POINT('',#1511);
#1511 = CARTESIAN_POINT('',(0.,150.,20.));
#1512 = LINE('',#1513,#1514);
#1513 = CARTESIAN_POINT('',(90.,150.,20.));
#1514 = VECTOR('',#1515,1.);
#1515 = DIRECTION('',(1.,0.,0.));
#1516 = ORIENTED_EDGE('',*,*,#1517,.F.);
#1517 = EDGE_CURVE('',#1494,#1510,#1518,.T.);
#1518 = LINE('',#1519,#1520);
#1519 = CARTESIAN_POINT('',(0.,75.,20.));
#1520 = VECTOR('',#1521,1.);
#1521 = DIRECTION('',(0.,1.,0.));
#1522 = FACE_BOUND('',#1523,.T.);
#1523 = EDGE_LOOP('',(#1524,#1555));
#1524 = ORIENTED_EDGE('',*,*,#1525,.T.);
#1525 = EDGE_CURVE('',#1526,#1528,#1530,.T.);
#1526 = VERTEX_POINT('',#1527);
#1527 = CARTESIAN_POINT('',(42.5,87.9903810602,20.));
#1528 = VERTEX_POINT('',#1529);
#1529 = CARTESIAN_POINT('',(52.5,87.9903810602,20.));
#1530 = B_SPLINE_CURVE_WITH_KNOTS('',5,(#1531,#1532,#1533,#1534,#1535,
    #1536,#1537,#1538,#1539,#1540,#1541,#1542,#1543,#1544,#1545,#1546,
    #1547,#1548,#1549,#1550,#1551,#1552,#1553,#1554),.UNSPECIFIED.,.F.,
  .F.,(6,3,3,3,3,3,3,6),(0.,4.15513165568,7.85828166216,10.723818054,
    13.5836589983,16.4911855042,20.3877608737,22.3658107415),
  .UNSPECIFIED.);
#1531 = CARTESIAN_POINT('',(42.5,87.9903810602,20.));
#1532 = CARTESIAN_POINT('',(42.5,88.4575793138,20.));
#1533 = CARTESIAN_POINT('',(42.5545696802,88.9583665269,20.));
#1534 = CARTESIAN_POINT('',(42.6795822577,89.4815040925,20.));
#1535 = CARTESIAN_POINT('',(43.0726861246,90.4704424936,20.));
#1536 = CARTESIAN_POINT('',(43.7580146369,91.3712858011,20.));
#1537 = CARTESIAN_POINT('',(44.1452361926,91.7590073924,20.));
#1538 = CARTESIAN_POINT('',(44.9325086237,92.3524690876,20.));
#1539 = CARTESIAN_POINT('',(45.8548107341,92.742221424,20.));
#1540 = CARTESIAN_POINT('',(46.2767785587,92.8683003968,20.));
#1541 = CARTESIAN_POINT('',(47.1437129636,93.0258620516,20.));
#1542 = CARTESIAN_POINT('',(48.0264003005,92.9917818222,20.));
#1543 = CARTESIAN_POINT('',(48.4630506736,92.9261296265,20.));
#1544 = CARTESIAN_POINT('',(49.3186421197,92.6992268484,20.));
#1545 = CARTESIAN_POINT('',(50.0957546192,92.2975117311,20.));
#1546 = CARTESIAN_POINT('',(50.4603131853,92.0546001422,20.));
#1547 = CARTESIAN_POINT('',(51.2355490366,91.4066823538,20.));
#1548 = CARTESIAN_POINT('',(51.8095225986,90.6150367145,20.));
#1549 = CARTESIAN_POINT('',(52.0637500218,90.13282926,20.));
#1550 = CARTESIAN_POINT('',(52.336292435,89.3951999942,20.));
#1551 = CARTESIAN_POINT('',(52.4612187701,88.6792361613,20.));
#1552 = CARTESIAN_POINT('',(52.4876332288,88.4428124377,20.));
#1553 = CARTESIAN_POINT('',(52.5,88.2127907262,20.));
#1554 = CARTESIAN_POINT('',(52.5,87.9903810602,20.));
#1555 = ORIENTED_EDGE('',*,*,#1556,.T.);
#1556 = EDGE_CURVE('',#1528,#1526,#1557,.T.);
#1557 = B_SPLINE_CURVE_WITH_KNOTS('',5,(#1558,#1559,#1560,#1561,#1562,
    #1563,#1564,#1565,#1566,#1567,#1568,#1569,#1570,#1571,#1572,#1573,
    #1574,#1575,#1576,#1577,#1578,#1579,#1580,#1581),.UNSPECIFIED.,.F.,
  .F.,(6,3,3,3,3,3,3,6),(0.,4.15513163241,7.85828165153,10.7238180696,
    13.583659015,16.4911855247,20.3877608942,22.3658107307),
  .UNSPECIFIED.);
#1558 = CARTESIAN_POINT('',(52.5,87.9903810602,20.));
#1559 = CARTESIAN_POINT('',(52.5,87.5231828091,20.));
#1560 = CARTESIAN_POINT('',(52.4454303204,87.0223955989,20.));
#1561 = CARTESIAN_POINT('',(52.3204177402,86.4992580219,20.));
#1562 = CARTESIAN_POINT('',(51.9273138725,85.5103196223,20.));
#1563 = CARTESIAN_POINT('',(51.2419853611,84.6094763168,20.));
#1564 = CARTESIAN_POINT('',(50.8547638088,84.2217547299,20.));
#1565 = CARTESIAN_POINT('',(50.0674913726,83.6282930311,20.));
#1566 = CARTESIAN_POINT('',(49.1451892572,83.2385406935,20.));
#1567 = CARTESIAN_POINT('',(48.723221447,83.1124617246,20.));
#1568 = CARTESIAN_POINT('',(47.8562870386,82.9549000687,20.));
#1569 = CARTESIAN_POINT('',(46.9735996974,82.9889802983,20.));
#1570 = CARTESIAN_POINT('',(46.5369493258,83.0546324941,20.));
#1571 = CARTESIAN_POINT('',(45.6813578799,83.2815352719,20.));
#1572 = CARTESIAN_POINT('',(44.9042453807,83.6832503895,20.));
#1573 = CARTESIAN_POINT('',(44.5396868156,83.9261619774,20.));
#1574 = CARTESIAN_POINT('',(43.7644509637,84.5740797661,20.));
#1575 = CARTESIAN_POINT('',(43.1904774015,85.3657254057,20.));
#1576 = CARTESIAN_POINT('',(42.9362499782,85.8479328615,20.));
#1577 = CARTESIAN_POINT('',(42.6637075666,86.5855621231,20.));
#1578 = CARTESIAN_POINT('',(42.5387812311,87.3015259544,20.));
#1579 = CARTESIAN_POINT('',(42.5123667709,87.5379496899,20.));
#1580 = CARTESIAN_POINT('',(42.5,87.7679713976,20.));
#1581 = CARTESIAN_POINT('',(42.5,87.9903810602,20.));
#1582 = FACE_BOUND('',#1583,.T.);
#1583 = EDGE_LOOP('',(#1584,#1615));
#1584 = ORIENTED_EDGE('',*,*,#1585,.T.);
#1585 = EDGE_CURVE('',#1586,#1588,#1590,.T.);
#1586 = VERTEX_POINT('',#1587);
#1587 = CARTESIAN_POINT('',(42.5,62.0096189398,20.));
#1588 = VERTEX_POINT('',#1589);
#1589 = CARTESIAN_POINT('',(52.5,62.0096189398,20.));
#1590 = B_SPLINE_CURVE_WITH_KNOTS('',5,(#1591,#1592,#1593,#1594,#1595,
    #1596,#1597,#1598,#1599,#1600,#1601,#1602,#1603,#1604,#1605,#1606,
    #1607,#1608,#1609,#1610,#1611,#1612,#1613,#1614),.UNSPECIFIED.,.F.,
  .F.,(6,3,3,3,3,3,3,6),(0.,4.15513163339,7.85828165276,10.7238180712,
    13.5836590167,16.4911855274,20.3877608974,22.3658107333),
  .UNSPECIFIED.);
#1591 = CARTESIAN_POINT('',(42.5,62.0096189398,20.));
#1592 = CARTESIAN_POINT('',(42.5,62.476817191,20.));
#1593 = CARTESIAN_POINT('',(42.5545696796,62.9776044013,20.));
#1594 = CARTESIAN_POINT('',(42.6795822598,63.5007419778,20.));
#1595 = CARTESIAN_POINT('',(43.0726861274,64.4896803776,20.));
#1596 = CARTESIAN_POINT('',(43.758014639,65.3905236833,20.));
#1597 = CARTESIAN_POINT('',(44.1452361911,65.7782452701,20.));
#1598 = CARTESIAN_POINT('',(44.9325086274,66.3717069689,20.));
#1599 = CARTESIAN_POINT('',(45.8548107429,66.7614593066,20.));
#1600 = CARTESIAN_POINT('',(46.2767785529,66.8875382754,20.));
#1601 = CARTESIAN_POINT('',(47.1437129614,67.0450999313,20.));
#1602 = CARTESIAN_POINT('',(48.0264003027,67.0110197017,20.));
#1603 = CARTESIAN_POINT('',(48.4630506741,66.9453675059,20.));
#1604 = CARTESIAN_POINT('',(49.3186421203,66.718464728,20.));
#1605 = CARTESIAN_POINT('',(50.0957546196,66.3167496104,20.));
#1606 = CARTESIAN_POINT('',(50.4603131842,66.0738380227,20.));
#1607 = CARTESIAN_POINT('',(51.2355490363,65.4259202339,20.));
#1608 = CARTESIAN_POINT('',(51.8095225986,64.6342745942,20.));
#1609 = CARTESIAN_POINT('',(52.0637500217,64.1520671386,20.));
#1610 = CARTESIAN_POINT('',(52.3362924333,63.4144378771,20.));
#1611 = CARTESIAN_POINT('',(52.4612187689,62.6984740458,20.));
#1612 = CARTESIAN_POINT('',(52.4876332292,62.46205031,20.));
#1613 = CARTESIAN_POINT('',(52.5,62.2320286023,20.));
#1614 = CARTESIAN_POINT('',(52.5,62.0096189398,20.));
#1615 = ORIENTED_EDGE('',*,*,#1616,.T.);
#1616 = EDGE_CURVE('',#1588,#1586,#1617,.T.);
#1617 = B_SPLINE_CURVE_WITH_KNOTS('',5,(#1618,#1619,#1620,#1621,#1622,
    #1623,#1624,#1625,#1626,#1627,#1628,#1629,#1630,#1631,#1632,#1633,
    #1634,#1635,#1636,#1637,#1638,#1639,#1640,#1641),.UNSPECIFIED.,.F.,
  .F.,(6,3,3,3,3,3,3,6),(0.,4.15513165514,7.85828166212,10.7238180543,
    13.5836589987,16.4911855045,20.3877608737,22.3658107409),
  .UNSPECIFIED.);
#1618 = CARTESIAN_POINT('',(52.5,62.0096189398,20.));
#1619 = CARTESIAN_POINT('',(52.5,61.5424206863,20.));
#1620 = CARTESIAN_POINT('',(52.4454303198,61.0416334732,20.));
#1621 = CARTESIAN_POINT('',(52.3204177422,60.5184959073,20.));
#1622 = CARTESIAN_POINT('',(51.9273138753,59.5295575063,20.));
#1623 = CARTESIAN_POINT('',(51.241985363,58.6287141988,20.));
#1624 = CARTESIAN_POINT('',(50.8547638076,58.2409926076,20.));
#1625 = CARTESIAN_POINT('',(50.0674913763,57.6475309124,20.));
#1626 = CARTESIAN_POINT('',(49.1451892658,57.257778576,20.));
#1627 = CARTESIAN_POINT('',(48.7232214414,57.1316996033,20.));
#1628 = CARTESIAN_POINT('',(47.8562870364,56.9741379484,20.));
#1629 = CARTESIAN_POINT('',(46.9735996995,57.0082181778,20.));
#1630 = CARTESIAN_POINT('',(46.5369493264,57.0738703735,20.));
#1631 = CARTESIAN_POINT('',(45.6813578803,57.3007731516,20.));
#1632 = CARTESIAN_POINT('',(44.9042453808,57.7024882688,20.));
#1633 = CARTESIAN_POINT('',(44.5396868147,57.9453998579,20.));
#1634 = CARTESIAN_POINT('',(43.7644509634,58.5933176462,20.));
#1635 = CARTESIAN_POINT('',(43.1904774014,59.3849632855,20.));
#1636 = CARTESIAN_POINT('',(42.9362499782,59.8671707401,20.));
#1637 = CARTESIAN_POINT('',(42.6637075651,60.6048000057,20.));
#1638 = CARTESIAN_POINT('',(42.5387812299,61.3207638385,20.));
#1639 = CARTESIAN_POINT('',(42.5123667712,61.5571875624,20.));
#1640 = CARTESIAN_POINT('',(42.5,61.7872092739,20.));
#1641 = CARTESIAN_POINT('',(42.5,62.0096189398,20.));
#1642 = FACE_BOUND('',#1643,.T.);
#1643 = EDGE_LOOP('',(#1644,#1675));
#1644 = ORIENTED_EDGE('',*,*,#1645,.T.);
#1645 = EDGE_CURVE('',#1646,#1648,#1650,.T.);
#1646 = VERTEX_POINT('',#1647);
#1647 = CARTESIAN_POINT('',(127.5,62.0096189398,20.));
#1648 = VERTEX_POINT('',#1649);
#1649 = CARTESIAN_POINT('',(137.5,62.0096189398,20.));
#1650 = B_SPLINE_CURVE_WITH_KNOTS('',5,(#1651,#1652,#1653,#1654,#1655,
    #1656,#1657,#1658,#1659,#1660,#1661,#1662,#1663,#1664,#1665,#1666,
    #1667,#1668,#1669,#1670,#1671,#1672,#1673,#1674),.UNSPECIFIED.,.F.,
  .F.,(6,3,3,3,3,3,3,6),(0.,4.15513163359,7.85828165183,10.7238180689,
    13.5836590139,16.4911855248,20.3877608811,22.3658107236),
  .UNSPECIFIED.);
#1651 = CARTESIAN_POINT('',(127.5,62.0096189398,20.));
#1652 = CARTESIAN_POINT('',(127.5,62.476817191,20.));
#1653 = CARTESIAN_POINT('',(127.55456968,62.9776044013,20.));
#1654 = CARTESIAN_POINT('',(127.679582259,63.5007419779,20.));
#1655 = CARTESIAN_POINT('',(128.072686127,64.4896803774,20.));
#1656 = CARTESIAN_POINT('',(128.758014639,65.390523683,20.));
#1657 = CARTESIAN_POINT('',(129.145236192,65.7782452702,20.));
#1658 = CARTESIAN_POINT('',(129.932508627,66.3717069689,20.));
#1659 = CARTESIAN_POINT('',(130.854810743,66.7614593064,20.));
#1660 = CARTESIAN_POINT('',(131.276778553,66.8875382755,20.));
#1661 = CARTESIAN_POINT('',(132.143712962,67.0450999313,20.));
#1662 = CARTESIAN_POINT('',(133.026400303,67.0110197017,20.));
#1663 = CARTESIAN_POINT('',(133.463050674,66.9453675059,20.));
#1664 = CARTESIAN_POINT('',(134.31864212,66.718464728,20.));
#1665 = CARTESIAN_POINT('',(135.09575462,66.3167496104,20.));
#1666 = CARTESIAN_POINT('',(135.460313186,66.0738380209,20.));
#1667 = CARTESIAN_POINT('',(136.235549037,65.4259202334,20.));
#1668 = CARTESIAN_POINT('',(136.809522598,64.6342745955,20.));
#1669 = CARTESIAN_POINT('',(137.063750023,64.1520671352,20.));
#1670 = CARTESIAN_POINT('',(137.336292434,63.4144378745,20.));
#1671 = CARTESIAN_POINT('',(137.461218769,62.6984740442,20.));
#1672 = CARTESIAN_POINT('',(137.487633229,62.4620503115,20.));
#1673 = CARTESIAN_POINT('',(137.5,62.232028603,20.));
#1674 = CARTESIAN_POINT('',(137.5,62.0096189398,20.));
#1675 = ORIENTED_EDGE('',*,*,#1676,.T.);
#1676 = EDGE_CURVE('',#1648,#1646,#1677,.T.);
#1677 = B_SPLINE_CURVE_WITH_KNOTS('',5,(#1678,#1679,#1680,#1681,#1682,
    #1683,#1684,#1685,#1686,#1687,#1688,#1689,#1690,#1691,#1692,#1693,
    #1694,#1695,#1696,#1697,#1698,#1699,#1700,#1701),.UNSPECIFIED.,.F.,
  .F.,(6,3,3,3,3,3,3,6),(0.,4.15513164798,7.85828164866,10.7238180467,
    13.583658987,16.4911854966,20.3877608643,22.3658107618),
  .UNSPECIFIED.);
#1678 = CARTESIAN_POINT('',(137.5,62.0096189398,20.));
#1679 = CARTESIAN_POINT('',(137.5,61.5424206871,20.));
#1680 = CARTESIAN_POINT('',(137.44543032,61.0416334749,20.));
#1681 = CARTESIAN_POINT('',(137.320417741,60.5184959056,20.));
#1682 = CARTESIAN_POINT('',(136.927313875,59.5295575063,20.));
#1683 = CARTESIAN_POINT('',(136.241985364,58.6287142002,20.));
#1684 = CARTESIAN_POINT('',(135.854763806,58.2409926065,20.));
#1685 = CARTESIAN_POINT('',(135.067491375,57.6475309115,20.));
#1686 = CARTESIAN_POINT('',(134.145189264,57.2577785753,20.));
#1687 = CARTESIAN_POINT('',(133.723221441,57.1316996035,20.));
#1688 = CARTESIAN_POINT('',(132.856287036,56.9741379484,20.));
#1689 = CARTESIAN_POINT('',(131.973599699,57.0082181778,20.));
#1690 = CARTESIAN_POINT('',(131.536949325,57.0738703738,20.));
#1691 = CARTESIAN_POINT('',(130.681357879,57.300773152,20.));
#1692 = CARTESIAN_POINT('',(129.90424538,57.7024882694,20.));
#1693 = CARTESIAN_POINT('',(129.539686814,57.945399859,20.));
#1694 = CARTESIAN_POINT('',(128.764450962,58.5933176475,20.));
#1695 = CARTESIAN_POINT('',(128.1904774,59.3849632871,20.));
#1696 = CARTESIAN_POINT('',(127.93624998,59.8671707404,20.));
#1697 = CARTESIAN_POINT('',(127.663707566,60.6048000098,20.));
#1698 = CARTESIAN_POINT('',(127.53878123,61.3207638459,20.));
#1699 = CARTESIAN_POINT('',(127.512366772,61.5571875554,20.));
#1700 = CARTESIAN_POINT('',(127.5,61.7872092705,20.));
#1701 = CARTESIAN_POINT('',(127.5,62.0096189398,20.));
#1702 = FACE_BOUND('',#1703,.T.);
#1703 = EDGE_LOOP('',(#1704,#1735));
#1704 = ORIENTED_EDGE('',*,*,#1705,.T.);
#1705 = EDGE_CURVE('',#1706,#1708,#1710,.T.);
#1706 = VERTEX_POINT('',#1707);
#1707 = CARTESIAN_POINT('',(127.5,87.9903810602,20.));
#1708 = VERTEX_POINT('',#1709);
#1709 = CARTESIAN_POINT('',(137.5,87.9903810602,20.));
#1710 = B_SPLINE_CURVE_WITH_KNOTS('',5,(#1711,#1712,#1713,#1714,#1715,
    #1716,#1717,#1718,#1719,#1720,#1721,#1722,#1723,#1724,#1725,#1726,
    #1727,#1728,#1729,#1730,#1731,#1732,#1733,#1734),.UNSPECIFIED.,.F.,
  .F.,(6,3,3,3,3,3,3,6),(0.,4.15513164903,7.85828164914,10.7238180511,
    13.5836589913,16.4911854971,20.3877608695,22.3658107102),
  .UNSPECIFIED.);
#1711 = CARTESIAN_POINT('',(127.5,87.9903810602,20.));
#1712 = CARTESIAN_POINT('',(127.5,88.457579313,20.));
#1713 = CARTESIAN_POINT('',(127.55456968,88.9583665253,20.));
#1714 = CARTESIAN_POINT('',(127.679582259,89.4815040941,20.));
#1715 = CARTESIAN_POINT('',(128.072686125,90.4704424936,20.));
#1716 = CARTESIAN_POINT('',(128.758014636,91.3712857996,20.));
#1717 = CARTESIAN_POINT('',(129.145236194,91.7590073937,20.));
#1718 = CARTESIAN_POINT('',(129.932508626,92.3524690889,20.));
#1719 = CARTESIAN_POINT('',(130.854810737,92.7422214252,20.));
#1720 = CARTESIAN_POINT('',(131.276778557,92.8683003963,20.));
#1721 = CARTESIAN_POINT('',(132.143712963,93.0258620515,20.));
#1722 = CARTESIAN_POINT('',(133.026400301,92.9917818222,20.));
#1723 = CARTESIAN_POINT('',(133.463050675,92.9261296262,20.));
#1724 = CARTESIAN_POINT('',(134.31864212,92.6992268482,20.));
#1725 = CARTESIAN_POINT('',(135.095754619,92.2975117311,20.));
#1726 = CARTESIAN_POINT('',(135.460313185,92.0546001422,20.));
#1727 = CARTESIAN_POINT('',(136.235549037,91.4066823535,20.));
#1728 = CARTESIAN_POINT('',(136.809522599,90.6150367138,20.));
#1729 = CARTESIAN_POINT('',(137.063750022,90.1328292589,20.));
#1730 = CARTESIAN_POINT('',(137.336292433,89.3951999961,20.));
#1731 = CARTESIAN_POINT('',(137.461218769,88.679236166,20.));
#1732 = CARTESIAN_POINT('',(137.487633229,88.4428124314,20.));
#1733 = CARTESIAN_POINT('',(137.5,88.2127907231,20.));
#1734 = CARTESIAN_POINT('',(137.5,87.9903810602,20.));
#1735 = ORIENTED_EDGE('',*,*,#1736,.T.);
#1736 = EDGE_CURVE('',#1708,#1706,#1737,.T.);
#1737 = B_SPLINE_CURVE_WITH_KNOTS('',5,(#1738,#1739,#1740,#1741,#1742,
    #1743,#1744,#1745,#1746,#1747,#1748,#1749,#1750,#1751,#1752,#1753,
    #1754,#1755,#1756,#1757,#1758,#1759,#1760,#1761),.UNSPECIFIED.,.F.,
  .F.,(6,3,3,3,3,3,3,6),(0.,4.15513163251,7.85828164883,10.7238180658,
    13.583659012,16.491185527,20.3877608853,22.3658107303),
  .UNSPECIFIED.);
#1738 = CARTESIAN_POINT('',(137.5,87.9903810602,20.));
#1739 = CARTESIAN_POINT('',(137.5,87.5231828091,20.));
#1740 = CARTESIAN_POINT('',(137.44543032,87.022395599,20.));
#1741 = CARTESIAN_POINT('',(137.320417741,86.4992580219,20.));
#1742 = CARTESIAN_POINT('',(136.927313873,85.5103196227,20.));
#1743 = CARTESIAN_POINT('',(136.241985361,84.6094763174,20.));
#1744 = CARTESIAN_POINT('',(135.854763808,84.2217547294,20.));
#1745 = CARTESIAN_POINT('',(135.067491372,83.628293031,20.));
#1746 = CARTESIAN_POINT('',(134.145189257,83.2385406936,20.));
#1747 = CARTESIAN_POINT('',(133.723221447,83.1124617245,20.));
#1748 = CARTESIAN_POINT('',(132.856287038,82.9549000687,20.));
#1749 = CARTESIAN_POINT('',(131.973599697,82.9889802983,20.));
#1750 = CARTESIAN_POINT('',(131.536949326,83.0546324941,20.));
#1751 = CARTESIAN_POINT('',(130.681357879,83.2815352721,20.));
#1752 = CARTESIAN_POINT('',(129.904245379,83.6832503902,20.));
#1753 = CARTESIAN_POINT('',(129.539686815,83.9261619783,20.));
#1754 = CARTESIAN_POINT('',(128.764450964,84.5740797663,20.));
#1755 = CARTESIAN_POINT('',(128.190477401,85.365725405,20.));
#1756 = CARTESIAN_POINT('',(127.936249977,85.8479328643,20.));
#1757 = CARTESIAN_POINT('',(127.663707566,86.5855621255,20.));
#1758 = CARTESIAN_POINT('',(127.538781231,87.3015259565,20.));
#1759 = CARTESIAN_POINT('',(127.512366771,87.5379496879,20.));
#1760 = CARTESIAN_POINT('',(127.5,87.7679713967,20.));
#1761 = CARTESIAN_POINT('',(127.5,87.9903810602,20.));
#1762 = FACE_BOUND('',#1763,.T.);
#1763 = EDGE_LOOP('',(#1764,#1795));
#1764 = ORIENTED_EDGE('',*,*,#1765,.T.);
#1765 = EDGE_CURVE('',#1766,#1768,#1770,.T.);
#1766 = VERTEX_POINT('',#1767);
#1767 = CARTESIAN_POINT('',(20.,75.,20.));
#1768 = VERTEX_POINT('',#1769);
#1769 = CARTESIAN_POINT('',(30.,75.,20.));
#1770 = B_SPLINE_CURVE_WITH_KNOTS('',5,(#1771,#1772,#1773,#1774,#1775,
    #1776,#1777,#1778,#1779,#1780,#1781,#1782,#1783,#1784,#1785,#1786,
    #1787,#1788,#1789,#1790,#1791,#1792,#1793,#1794),.UNSPECIFIED.,.F.,
  .F.,(6,3,3,3,3,3,3,6),(0.,4.15513164484,7.85828164824,10.7238180433,
    13.5836589908,16.4911854976,20.3877608637,22.365810724),
  .UNSPECIFIED.);
#1771 = CARTESIAN_POINT('',(20.,75.,20.));
#1772 = CARTESIAN_POINT('',(20.,75.4671982525,20.));
#1773 = CARTESIAN_POINT('',(20.0545696798,75.9679854641,20.));
#1774 = CARTESIAN_POINT('',(20.1795822587,76.4911230351,20.));
#1775 = CARTESIAN_POINT('',(20.5726861255,77.4800614343,20.));
#1776 = CARTESIAN_POINT('',(21.2580146363,78.38090474,20.));
#1777 = CARTESIAN_POINT('',(21.6452361932,78.7686263329,20.));
#1778 = CARTESIAN_POINT('',(22.4325086248,79.3620880279,20.));
#1779 = CARTESIAN_POINT('',(23.3548107347,79.7518403641,20.));
#1780 = CARTESIAN_POINT('',(23.7767785579,79.8779193366,20.));
#1781 = CARTESIAN_POINT('',(24.6437129635,80.0354809915,20.));
#1782 = CARTESIAN_POINT('',(25.5264003015,80.0014007619,20.));
#1783 = CARTESIAN_POINT('',(25.9630506731,79.9357485663,20.));
#1784 = CARTESIAN_POINT('',(26.8186421194,79.7088457885,20.));
#1785 = CARTESIAN_POINT('',(27.595754619,79.307130671,20.));
#1786 = CARTESIAN_POINT('',(27.9603131851,79.0642190821,20.));
#1787 = CARTESIAN_POINT('',(28.7355490362,78.416301294,20.));
#1788 = CARTESIAN_POINT('',(29.309522598,77.6246556552,20.));
#1789 = CARTESIAN_POINT('',(29.5637500221,77.1424481994,20.));
#1790 = CARTESIAN_POINT('',(29.8362924346,76.4048189351,20.));
#1791 = CARTESIAN_POINT('',(29.9612187699,75.6888551024,20.));
#1792 = CARTESIAN_POINT('',(29.9876332288,75.4524313758,20.));
#1793 = CARTESIAN_POINT('',(30.,75.2224096652,20.));
#1794 = CARTESIAN_POINT('',(30.,75.,20.));
#1795 = ORIENTED_EDGE('',*,*,#1796,.T.);
#1796 = EDGE_CURVE('',#1768,#1766,#1797,.T.);
#1797 = B_SPLINE_CURVE_WITH_KNOTS('',5,(#1798,#1799,#1800,#1801,#1802,
    #1803,#1804,#1805,#1806,#1807,#1808,#1809,#1810,#1811,#1812,#1813,
    #1814,#1815,#1816,#1817,#1818,#1819,#1820,#1821),.UNSPECIFIED.,.F.,
  .F.,(6,3,3,3,3,3,3,6),(0.,4.15513164535,7.85828164977,10.7238180444,
    13.583658992,16.4911854986,20.3877608659,22.3658107305),
  .UNSPECIFIED.);
#1798 = CARTESIAN_POINT('',(30.,75.,20.));
#1799 = CARTESIAN_POINT('',(30.,74.5328017475,20.));
#1800 = CARTESIAN_POINT('',(29.9454303202,74.0320145358,20.));
#1801 = CARTESIAN_POINT('',(29.8204177413,73.5088769651,20.));
#1802 = CARTESIAN_POINT('',(29.4273138745,72.5199385656,20.));
#1803 = CARTESIAN_POINT('',(28.7419853635,71.6190952598,20.));
#1804 = CARTESIAN_POINT('',(28.354763807,71.2313736673,20.));
#1805 = CARTESIAN_POINT('',(27.5674913754,70.6379119722,20.));
#1806 = CARTESIAN_POINT('',(26.6451892654,70.2481596359,20.));
#1807 = CARTESIAN_POINT('',(26.2232214419,70.1220806634,20.));
#1808 = CARTESIAN_POINT('',(25.3562870364,69.9645190085,20.));
#1809 = CARTESIAN_POINT('',(24.4735996985,69.9985992381,20.));
#1810 = CARTESIAN_POINT('',(24.0369493269,70.0642514337,20.));
#1811 = CARTESIAN_POINT('',(23.1813578806,70.2911542115,20.));
#1812 = CARTESIAN_POINT('',(22.4042453811,70.6928693289,20.));
#1813 = CARTESIAN_POINT('',(22.0396868149,70.9357809179,20.));
#1814 = CARTESIAN_POINT('',(21.2644509637,71.5836987061,20.));
#1815 = CARTESIAN_POINT('',(20.6904774017,72.3753443451,20.));
#1816 = CARTESIAN_POINT('',(20.4362499781,72.8575518004,20.));
#1817 = CARTESIAN_POINT('',(20.1637075652,73.5951810654,20.));
#1818 = CARTESIAN_POINT('',(20.03878123,74.3111448986,20.));
#1819 = CARTESIAN_POINT('',(20.0123667712,74.5475686232,20.));
#1820 = CARTESIAN_POINT('',(20.,74.7775903343,20.));
#1821 = CARTESIAN_POINT('',(20.,75.,20.));
#1822 = FACE_BOUND('',#1823,.T.);
#1823 = EDGE_LOOP('',(#1824,#1855));
#1824 = ORIENTED_EDGE('',*,*,#1825,.T.);
#1825 = EDGE_CURVE('',#1826,#1828,#1830,.T.);
#1826 = VERTEX_POINT('',#1827);
#1827 = CARTESIAN_POINT('',(150.,75.,20.));
#1828 = VERTEX_POINT('',#1829);
#1829 = CARTESIAN_POINT('',(160.,75.,20.));
#1830 = B_SPLINE_CURVE_WITH_KNOTS('',5,(#1831,#1832,#1833,#1834,#1835,
    #1836,#1837,#1838,#1839,#1840,#1841,#1842,#1843,#1844,#1845,#1846,
    #1847,#1848,#1849,#1850,#1851,#1852,#1853,#1854),.UNSPECIFIED.,.F.,
  .F.,(6,3,3,3,3,3,3,6),(0.,4.15513164503,7.85828164656,10.7238180501,
    13.5836589945,16.4911855081,20.3877608582,22.3658107087),
  .UNSPECIFIED.);
#1831 = CARTESIAN_POINT('',(150.,75.,20.));
#1832 = CARTESIAN_POINT('',(150.,75.4671982525,20.));
#1833 = CARTESIAN_POINT('',(150.05456968,75.9679854642,20.));
#1834 = CARTESIAN_POINT('',(150.179582259,76.491123035,20.));
#1835 = CARTESIAN_POINT('',(150.572686125,77.4800614342,20.));
#1836 = CARTESIAN_POINT('',(151.258014636,78.3809047395,20.));
#1837 = CARTESIAN_POINT('',(151.645236194,78.7686263332,20.));
#1838 = CARTESIAN_POINT('',(152.432508626,79.3620880288,20.));
#1839 = CARTESIAN_POINT('',(153.354810737,79.7518403651,20.));
#1840 = CARTESIAN_POINT('',(153.776778557,79.8779193362,20.));
#1841 = CARTESIAN_POINT('',(154.643712964,80.0354809914,20.));
#1842 = CARTESIAN_POINT('',(155.526400302,80.0014007619,20.));
#1843 = CARTESIAN_POINT('',(155.963050674,79.9357485661,20.));
#1844 = CARTESIAN_POINT('',(156.818642121,79.708845788,20.));
#1845 = CARTESIAN_POINT('',(157.595754621,79.30713067,20.));
#1846 = CARTESIAN_POINT('',(157.960313185,79.0642190816,20.));
#1847 = CARTESIAN_POINT('',(158.735549036,78.4163012945,20.));
#1848 = CARTESIAN_POINT('',(159.309522597,77.624655657,20.));
#1849 = CARTESIAN_POINT('',(159.563750023,77.1424481935,20.));
#1850 = CARTESIAN_POINT('',(159.836292434,76.4048189324,20.));
#1851 = CARTESIAN_POINT('',(159.961218769,75.688855103,20.));
#1852 = CARTESIAN_POINT('',(159.987633229,75.4524313736,20.));
#1853 = CARTESIAN_POINT('',(160.,75.2224096641,20.));
#1854 = CARTESIAN_POINT('',(160.,75.,20.));
#1855 = ORIENTED_EDGE('',*,*,#1856,.T.);
#1856 = EDGE_CURVE('',#1828,#1826,#1857,.T.);
#1857 = B_SPLINE_CURVE_WITH_KNOTS('',5,(#1858,#1859,#1860,#1861,#1862,
    #1863,#1864,#1865,#1866,#1867,#1868,#1869,#1870,#1871,#1872,#1873,
    #1874,#1875,#1876,#1877,#1878,#1879,#1880,#1881),.UNSPECIFIED.,.F.,
  .F.,(6,3,3,3,3,3,3,6),(0.,4.15513164529,7.85828164788,10.7238180522,
    13.5836589941,16.4911855053,20.3877608633,22.3658107059),
  .UNSPECIFIED.);
#1858 = CARTESIAN_POINT('',(160.,75.,20.));
#1859 = CARTESIAN_POINT('',(160.,74.5328017475,20.));
#1860 = CARTESIAN_POINT('',(159.94543032,74.0320145358,20.));
#1861 = CARTESIAN_POINT('',(159.820417741,73.5088769651,20.));
#1862 = CARTESIAN_POINT('',(159.427313875,72.5199385658,20.));
#1863 = CARTESIAN_POINT('',(158.741985364,71.6190952602,20.));
#1864 = CARTESIAN_POINT('',(158.354763806,71.2313736669,20.));
#1865 = CARTESIAN_POINT('',(157.567491374,70.6379119712,20.));
#1866 = CARTESIAN_POINT('',(156.645189263,70.2481596349,20.));
#1867 = CARTESIAN_POINT('',(156.223221443,70.1220806638,20.));
#1868 = CARTESIAN_POINT('',(155.356287037,69.9645190086,20.));
#1869 = CARTESIAN_POINT('',(154.473599699,69.9985992381,20.));
#1870 = CARTESIAN_POINT('',(154.036949325,70.064251434,20.));
#1871 = CARTESIAN_POINT('',(153.181357879,70.2911542121,20.));
#1872 = CARTESIAN_POINT('',(152.40424538,70.6928693296,20.));
#1873 = CARTESIAN_POINT('',(152.039686814,70.9357809188,20.));
#1874 = CARTESIAN_POINT('',(151.264450963,71.5836987066,20.));
#1875 = CARTESIAN_POINT('',(150.690477401,72.3753443448,20.));
#1876 = CARTESIAN_POINT('',(150.436249977,72.8575518045,20.));
#1877 = CARTESIAN_POINT('',(150.163707566,73.5951810656,20.));
#1878 = CARTESIAN_POINT('',(150.038781231,74.3111448952,20.));
#1879 = CARTESIAN_POINT('',(150.012366771,74.5475686283,20.));
#1880 = CARTESIAN_POINT('',(150.,74.7775903368,20.));
#1881 = CARTESIAN_POINT('',(150.,75.,20.));
#1882 = PLANE('',#1883);
#1883 = AXIS2_PLACEMENT_3D('',#1884,#1885,#1886);
#1884 = CARTESIAN_POINT('',(90.,75.,20.));
#1885 = DIRECTION('',(0.,0.,1.));
#1886 = DIRECTION('',(1.,0.,-0.));
#1887 = ADVANCED_FACE('',(#1888),#1913,.T.);
#1888 = FACE_BOUND('',#1889,.T.);
#1889 = EDGE_LOOP('',(#1890,#1898,#1899,#1907));
#1890 = ORIENTED_EDGE('',*,*,#1891,.T.);
#1891 = EDGE_CURVE('',#1892,#1492,#1894,.T.);
#1892 = VERTEX_POINT('',#1893);
#1893 = CARTESIAN_POINT('',(180.,0.,0.));
#1894 = LINE('',#1895,#1896);
#1895 = CARTESIAN_POINT('',(180.,0.,10.));
#1896 = VECTOR('',#1897,1.);
#1897 = DIRECTION('',(0.,0.,1.));
#1898 = ORIENTED_EDGE('',*,*,#1491,.T.);
#1899 = ORIENTED_EDGE('',*,*,#1900,.F.);
#1900 = EDGE_CURVE('',#1901,#1494,#1903,.T.);
#1901 = VERTEX_POINT('',#1902);
#1902 = CARTESIAN_POINT('',(0.,0.,0.));
#1903 = LINE('',#1904,#1905);
#1904 = CARTESIAN_POINT('',(0.,0.,10.));
#1905 = VECTOR('',#1906,1.);
#1906 = DIRECTION('',(0.,0.,1.));
#1907 = ORIENTED_EDGE('',*,*,#1908,.T.);
#1908 = EDGE_CURVE('',#1901,#1892,#1909,.T.);
#1909 = LINE('',#1910,#1911);
#1910 = CARTESIAN_POINT('',(90.,0.,0.));
#1911 = VECTOR('',#1912,1.);
#1912 = DIRECTION('',(1.,0.,0.));
#1913 = PLANE('',#1914);
#1914 = AXIS2_PLACEMENT_3D('',#1915,#1916,#1917);
#1915 = CARTESIAN_POINT('',(90.,0.,0.));
#1916 = DIRECTION('',(0.,-1.,0.));
#1917 = DIRECTION('',(0.,0.,-1.));
#1918 = ADVANCED_FACE('',(#1919),#1937,.T.);
#1919 = FACE_BOUND('',#1920,.T.);
#1920 = EDGE_LOOP('',(#1921,#1929,#1935,#1936));
#1921 = ORIENTED_EDGE('',*,*,#1922,.T.);
#1922 = EDGE_CURVE('',#1892,#1923,#1925,.T.);
#1923 = VERTEX_POINT('',#1924);
#1924 = CARTESIAN_POINT('',(180.,150.,0.));
#1925 = LINE('',#1926,#1927);
#1926 = CARTESIAN_POINT('',(180.,75.,0.));
#1927 = VECTOR('',#1928,1.);
#1928 = DIRECTION('',(0.,1.,0.));
#1929 = ORIENTED_EDGE('',*,*,#1930,.T.);
#1930 = EDGE_CURVE('',#1923,#1502,#1931,.T.);
#1931 = LINE('',#1932,#1933);
#1932 = CARTESIAN_POINT('',(180.,150.,10.));
#1933 = VECTOR('',#1934,1.);
#1934 = DIRECTION('',(0.,0.,1.));
#1935 = ORIENTED_EDGE('',*,*,#1501,.T.);
#1936 = ORIENTED_EDGE('',*,*,#1891,.F.);
#1937 = PLANE('',#1938);
#1938 = AXIS2_PLACEMENT_3D('',#1939,#1940,#1941);
#1939 = CARTESIAN_POINT('',(180.,75.,0.));
#1940 = DIRECTION('',(1.,0.,0.));
#1941 = DIRECTION('',(0.,0.,-1.));
#1942 = ADVANCED_FACE('',(#1943),#1961,.T.);
#1943 = FACE_BOUND('',#1944,.T.);
#1944 = EDGE_LOOP('',(#1945,#1953,#1954,#1955));
#1945 = ORIENTED_EDGE('',*,*,#1946,.T.);
#1946 = EDGE_CURVE('',#1947,#1510,#1949,.T.);
#1947 = VERTEX_POINT('',#1948);
#1948 = CARTESIAN_POINT('',(0.,150.,0.));
#1949 = LINE('',#1950,#1951);
#1950 = CARTESIAN_POINT('',(0.,150.,10.));
#1951 = VECTOR('',#1952,1.);
#1952 = DIRECTION('',(0.,0.,1.));
#1953 = ORIENTED_EDGE('',*,*,#1509,.T.);
#1954 = ORIENTED_EDGE('',*,*,#1930,.F.);
#1955 = ORIENTED_EDGE('',*,*,#1956,.T.);
#1956 = EDGE_CURVE('',#1923,#1947,#1957,.T.);
#1957 = LINE('',#1958,#1959);
#1958 = CARTESIAN_POINT('',(90.,150.,0.));
#1959 = VECTOR('',#1960,1.);
#1960 = DIRECTION('',(-1.,0.,0.));
#1961 = PLANE('',#1962);
#1962 = AXIS2_PLACEMENT_3D('',#1963,#1964,#1965);
#1963 = CARTESIAN_POINT('',(90.,150.,0.));
#1964 = DIRECTION('',(0.,1.,0.));
#1965 = DIRECTION('',(0.,-0.,1.));
#1966 = ADVANCED_FACE('',(#1967),#1978,.T.);
#1967 = FACE_BOUND('',#1968,.T.);
#1968 = EDGE_LOOP('',(#1969,#1970,#1971,#1972));
#1969 = ORIENTED_EDGE('',*,*,#1900,.T.);
#1970 = ORIENTED_EDGE('',*,*,#1517,.T.);
#1971 = ORIENTED_EDGE('',*,*,#1946,.F.);
#1972 = ORIENTED_EDGE('',*,*,#1973,.T.);
#1973 = EDGE_CURVE('',#1947,#1901,#1974,.T.);
#1974 = LINE('',#1975,#1976);
#1975 = CARTESIAN_POINT('',(0.,75.,0.));
#1976 = VECTOR('',#1977,1.);
#1977 = DIRECTION('',(0.,-1.,0.));
#1978 = PLANE('',#1979);
#1979 = AXIS2_PLACEMENT_3D('',#1980,#1981,#1982);
#1980 = CARTESIAN_POINT('',(0.,75.,0.));
#1981 = DIRECTION('',(-1.,0.,0.));
#1982 = DIRECTION('',(0.,0.,1.));
#1983 = ADVANCED_FACE('',(#1984),#2008,.T.);
#1984 = FACE_BOUND('',#1985,.T.);
#1985 = EDGE_LOOP('',(#1986,#1997,#2002,#2003));
#1986 = ORIENTED_EDGE('',*,*,#1987,.T.);
#1987 = EDGE_CURVE('',#1988,#1990,#1992,.T.);
#1988 = VERTEX_POINT('',#1989);
#1989 = CARTESIAN_POINT('',(42.5,87.99038106,0.));
#1990 = VERTEX_POINT('',#1991);
#1991 = CARTESIAN_POINT('',(52.5,87.99038106,0.));
#1992 = ( BOUNDED_CURVE() B_SPLINE_CURVE(3,(#1993,#1994,#1995,#1996),
.UNSPECIFIED.,.F.,.F.) B_SPLINE_CURVE_WITH_KNOTS((4,4),(0.,30.),
.PIECEWISE_BEZIER_KNOTS.) CURVE() GEOMETRIC_REPRESENTATION_ITEM() 
RATIONAL_B_SPLINE_CURVE((1.,0.33333333333,0.33333333333,1.)) 
REPRESENTATION_ITEM('') );
#1993 = CARTESIAN_POINT('',(42.5,87.99038106,0.));
#1994 = CARTESIAN_POINT('',(42.5,97.99038106,0.));
#1995 = CARTESIAN_POINT('',(52.5,97.99038106,0.));
#1996 = CARTESIAN_POINT('',(52.5,87.99038106,0.));
#1997 = ORIENTED_EDGE('',*,*,#1998,.F.);
#1998 = EDGE_CURVE('',#1528,#1990,#1999,.T.);
#1999 = B_SPLINE_CURVE_WITH_KNOTS('',1,(#2000,#2001),.UNSPECIFIED.,.F.,
  .F.,(2,2),(9.9800399E-04,20.000998004),.PIECEWISE_BEZIER_KNOTS.);
#2000 = CARTESIAN_POINT('',(52.5,87.99038106,20.));
#2001 = CARTESIAN_POINT('',(52.5,87.99038106,0.));
#2002 = ORIENTED_EDGE('',*,*,#1525,.F.);
#2003 = ORIENTED_EDGE('',*,*,#2004,.T.);
#2004 = EDGE_CURVE('',#1526,#1988,#2005,.T.);
#2005 = B_SPLINE_CURVE_WITH_KNOTS('',1,(#2006,#2007),.UNSPECIFIED.,.F.,
  .F.,(2,2),(9.9800399E-04,20.000998004),.PIECEWISE_BEZIER_KNOTS.);
#2006 = CARTESIAN_POINT('',(42.5,87.99038106,20.));
#2007 = CARTESIAN_POINT('',(42.5,87.99038106,0.));
#2008 = ( BOUNDED_SURFACE() B_SPLINE_SURFACE(1,3,(
    (#2009,#2010,#2011,#2012)
    ,(#2013,#2014,#2015,#2016
)),.UNSPECIFIED.,.F.,.F.,.F.) B_SPLINE_SURFACE_WITH_KNOTS((2,2),(4,4),(
    9.9800399E-04,20.000998004),(0.,30.),.PIECEWISE_BEZIER_KNOTS.) 
GEOMETRIC_REPRESENTATION_ITEM() RATIONAL_B_SPLINE_SURFACE((
    (1.,0.33333333333,0.33333333333,1.)
,(1.,0.33333333333,0.33333333333,1.
  ))) REPRESENTATION_ITEM('') SURFACE() );
#2009 = CARTESIAN_POINT('',(42.5,87.99038106,20.));
#2010 = CARTESIAN_POINT('',(42.5,97.99038106,20.));
#2011 = CARTESIAN_POINT('',(52.5,97.99038106,20.));
#2012 = CARTESIAN_POINT('',(52.5,87.99038106,20.));
#2013 = CARTESIAN_POINT('',(42.5,87.99038106,0.));
#2014 = CARTESIAN_POINT('',(42.5,97.99038106,0.));
#2015 = CARTESIAN_POINT('',(52.5,97.99038106,0.));
#2016 = CARTESIAN_POINT('',(52.5,87.99038106,0.));
#2017 = ADVANCED_FACE('',(#2018),#2030,.T.);
#2018 = FACE_BOUND('',#2019,.T.);
#2019 = EDGE_LOOP('',(#2020,#2027,#2028,#2029));
#2020 = ORIENTED_EDGE('',*,*,#2021,.T.);
#2021 = EDGE_CURVE('',#1990,#1988,#2022,.T.);
#2022 = ( BOUNDED_CURVE() B_SPLINE_CURVE(3,(#2023,#2024,#2025,#2026),
.UNSPECIFIED.,.F.,.F.) B_SPLINE_CURVE_WITH_KNOTS((4,4),(0.,30.),
.PIECEWISE_BEZIER_KNOTS.) CURVE() GEOMETRIC_REPRESENTATION_ITEM() 
RATIONAL_B_SPLINE_CURVE((1.,0.33333333333,0.33333333333,1.)) 
REPRESENTATION_ITEM('') );
#2023 = CARTESIAN_POINT('',(52.5,87.99038106,0.));
#2024 = CARTESIAN_POINT('',(52.5,77.99038106,0.));
#2025 = CARTESIAN_POINT('',(42.5,77.99038106,0.));
#2026 = CARTESIAN_POINT('',(42.5,87.99038106,0.));
#2027 = ORIENTED_EDGE('',*,*,#2004,.F.);
#2028 = ORIENTED_EDGE('',*,*,#1556,.F.);
#2029 = ORIENTED_EDGE('',*,*,#1998,.T.);
#2030 = ( BOUNDED_SURFACE() B_SPLINE_SURFACE(1,3,(
    (#2031,#2032,#2033,#2034)
    ,(#2035,#2036,#2037,#2038
)),.UNSPECIFIED.,.F.,.F.,.F.) B_SPLINE_SURFACE_WITH_KNOTS((2,2),(4,4),(
    9.9800399E-04,20.000998004),(0.,30.),.PIECEWISE_BEZIER_KNOTS.) 
GEOMETRIC_REPRESENTATION_ITEM() RATIONAL_B_SPLINE_SURFACE((
    (1.,0.33333333333,0.33333333333,1.)
,(1.,0.33333333333,0.33333333333,1.
  ))) REPRESENTATION_ITEM('') SURFACE() );
#2031 = CARTESIAN_POINT('',(52.5,87.99038106,20.));
#2032 = CARTESIAN_POINT('',(52.5,77.99038106,20.));
#2033 = CARTESIAN_POINT('',(42.5,77.99038106,20.));
#2034 = CARTESIAN_POINT('',(42.5,87.99038106,20.));
#2035 = CARTESIAN_POINT('',(52.5,87.99038106,0.));
#2036 = CARTESIAN_POINT('',(52.5,77.99038106,0.));
#2037 = CARTESIAN_POINT('',(42.5,77.99038106,0.));
#2038 = CARTESIAN_POINT('',(42.5,87.99038106,0.));
#2039 = ADVANCED_FACE('',(#2040),#2064,.T.);
#2040 = FACE_BOUND('',#2041,.T.);
#2041 = EDGE_LOOP('',(#2042,#2053,#2058,#2059));
#2042 = ORIENTED_EDGE('',*,*,#2043,.T.);
#2043 = EDGE_CURVE('',#2044,#2046,#2048,.T.);
#2044 = VERTEX_POINT('',#2045);
#2045 = CARTESIAN_POINT('',(42.5,62.00961894,0.));
#2046 = VERTEX_POINT('',#2047);
#2047 = CARTESIAN_POINT('',(52.5,62.00961894,-1.7763568394E-15));
#2048 = ( BOUNDED_CURVE() B_SPLINE_CURVE(3,(#2049,#2050,#2051,#2052),
.UNSPECIFIED.,.F.,.F.) B_SPLINE_CURVE_WITH_KNOTS((4,4),(0.,30.),
.PIECEWISE_BEZIER_KNOTS.) CURVE() GEOMETRIC_REPRESENTATION_ITEM() 
RATIONAL_B_SPLINE_CURVE((1.,0.33333333333,0.33333333333,1.)) 
REPRESENTATION_ITEM('') );
#2049 = CARTESIAN_POINT('',(42.5,62.00961894,0.));
#2050 = CARTESIAN_POINT('',(42.5,72.00961894,0.));
#2051 = CARTESIAN_POINT('',(52.5,72.00961894,0.));
#2052 = CARTESIAN_POINT('',(52.5,62.00961894,0.));
#2053 = ORIENTED_EDGE('',*,*,#2054,.F.);
#2054 = EDGE_CURVE('',#1588,#2046,#2055,.T.);
#2055 = B_SPLINE_CURVE_WITH_KNOTS('',1,(#2056,#2057),.UNSPECIFIED.,.F.,
  .F.,(2,2),(9.9800399E-04,20.000998004),.PIECEWISE_BEZIER_KNOTS.);
#2056 = CARTESIAN_POINT('',(52.5,62.00961894,20.));
#2057 = CARTESIAN_POINT('',(52.5,62.00961894,0.));
#2058 = ORIENTED_EDGE('',*,*,#1585,.F.);
#2059 = ORIENTED_EDGE('',*,*,#2060,.T.);
#2060 = EDGE_CURVE('',#1586,#2044,#2061,.T.);
#2061 = B_SPLINE_CURVE_WITH_KNOTS('',1,(#2062,#2063),.UNSPECIFIED.,.F.,
  .F.,(2,2),(9.9800399E-04,20.000998004),.PIECEWISE_BEZIER_KNOTS.);
#2062 = CARTESIAN_POINT('',(42.5,62.00961894,20.));
#2063 = CARTESIAN_POINT('',(42.5,62.00961894,0.));
#2064 = ( BOUNDED_SURFACE() B_SPLINE_SURFACE(1,3,(
    (#2065,#2066,#2067,#2068)
    ,(#2069,#2070,#2071,#2072
)),.UNSPECIFIED.,.F.,.F.,.F.) B_SPLINE_SURFACE_WITH_KNOTS((2,2),(4,4),(
    9.9800399E-04,20.000998004),(0.,30.),.PIECEWISE_BEZIER_KNOTS.) 
GEOMETRIC_REPRESENTATION_ITEM() RATIONAL_B_SPLINE_SURFACE((
    (1.,0.33333333333,0.33333333333,1.)
,(1.,0.33333333333,0.33333333333,1.
  ))) REPRESENTATION_ITEM('') SURFACE() );
#2065 = CARTESIAN_POINT('',(42.5,62.00961894,20.));
#2066 = CARTESIAN_POINT('',(42.5,72.00961894,20.));
#2067 = CARTESIAN_POINT('',(52.5,72.00961894,20.));
#2068 = CARTESIAN_POINT('',(52.5,62.00961894,20.));
#2069 = CARTESIAN_POINT('',(42.5,62.00961894,0.));
#2070 = CARTESIAN_POINT('',(42.5,72.00961894,0.));
#2071 = CARTESIAN_POINT('',(52.5,72.00961894,0.));
#2072 = CARTESIAN_POINT('',(52.5,62.00961894,0.));
#2073 = ADVANCED_FACE('',(#2074),#2086,.T.);
#2074 = FACE_BOUND('',#2075,.T.);
#2075 = EDGE_LOOP('',(#2076,#2083,#2084,#2085));
#2076 = ORIENTED_EDGE('',*,*,#2077,.T.);
#2077 = EDGE_CURVE('',#2046,#2044,#2078,.T.);
#2078 = ( BOUNDED_CURVE() B_SPLINE_CURVE(3,(#2079,#2080,#2081,#2082),
.UNSPECIFIED.,.F.,.F.) B_SPLINE_CURVE_WITH_KNOTS((4,4),(0.,30.),
.PIECEWISE_BEZIER_KNOTS.) CURVE() GEOMETRIC_REPRESENTATION_ITEM() 
RATIONAL_B_SPLINE_CURVE((1.,0.33333333333,0.33333333333,1.)) 
REPRESENTATION_ITEM('') );
#2079 = CARTESIAN_POINT('',(52.5,62.00961894,0.));
#2080 = CARTESIAN_POINT('',(52.5,52.00961894,0.));
#2081 = CARTESIAN_POINT('',(42.5,52.00961894,0.));
#2082 = CARTESIAN_POINT('',(42.5,62.00961894,0.));
#2083 = ORIENTED_EDGE('',*,*,#2060,.F.);
#2084 = ORIENTED_EDGE('',*,*,#1616,.F.);
#2085 = ORIENTED_EDGE('',*,*,#2054,.T.);
#2086 = ( BOUNDED_SURFACE() B_SPLINE_SURFACE(1,3,(
    (#2087,#2088,#2089,#2090)
    ,(#2091,#2092,#2093,#2094
)),.UNSPECIFIED.,.F.,.F.,.F.) B_SPLINE_SURFACE_WITH_KNOTS((2,2),(4,4),(
    9.9800399E-04,20.000998004),(0.,30.),.PIECEWISE_BEZIER_KNOTS.) 
GEOMETRIC_REPRESENTATION_ITEM() RATIONAL_B_SPLINE_SURFACE((
    (1.,0.33333333333,0.33333333333,1.)
,(1.,0.33333333333,0.33333333333,1.
  ))) REPRESENTATION_ITEM('') SURFACE() );
#2087 = CARTESIAN_POINT('',(52.5,62.00961894,20.));
#2088 = CARTESIAN_POINT('',(52.5,52.00961894,20.));
#2089 = CARTESIAN_POINT('',(42.5,52.00961894,20.));
#2090 = CARTESIAN_POINT('',(42.5,62.00961894,20.));
#2091 = CARTESIAN_POINT('',(52.5,62.00961894,0.));
#2092 = CARTESIAN_POINT('',(52.5,52.00961894,0.));
#2093 = CARTESIAN_POINT('',(42.5,52.00961894,0.));
#2094 = CARTESIAN_POINT('',(42.5,62.00961894,0.));
#2095 = ADVANCED_FACE('',(#2096),#2120,.T.);
#2096 = FACE_BOUND('',#2097,.T.);
#2097 = EDGE_LOOP('',(#2098,#2109,#2114,#2115));
#2098 = ORIENTED_EDGE('',*,*,#2099,.T.);
#2099 = EDGE_CURVE('',#2100,#2102,#2104,.T.);
#2100 = VERTEX_POINT('',#2101);
#2101 = CARTESIAN_POINT('',(127.5,62.00961894,0.));
#2102 = VERTEX_POINT('',#2103);
#2103 = CARTESIAN_POINT('',(137.5,62.00961894,-1.7763568394E-15));
#2104 = ( BOUNDED_CURVE() B_SPLINE_CURVE(3,(#2105,#2106,#2107,#2108),
.UNSPECIFIED.,.F.,.F.) B_SPLINE_CURVE_WITH_KNOTS((4,4),(0.,30.),
.PIECEWISE_BEZIER_KNOTS.) CURVE() GEOMETRIC_REPRESENTATION_ITEM() 
RATIONAL_B_SPLINE_CURVE((1.,0.33333333333,0.33333333333,1.)) 
REPRESENTATION_ITEM('') );
#2105 = CARTESIAN_POINT('',(127.5,62.00961894,0.));
#2106 = CARTESIAN_POINT('',(127.5,72.00961894,0.));
#2107 = CARTESIAN_POINT('',(137.5,72.00961894,0.));
#2108 = CARTESIAN_POINT('',(137.5,62.00961894,0.));
#2109 = ORIENTED_EDGE('',*,*,#2110,.F.);
#2110 = EDGE_CURVE('',#1648,#2102,#2111,.T.);
#2111 = B_SPLINE_CURVE_WITH_KNOTS('',1,(#2112,#2113),.UNSPECIFIED.,.F.,
  .F.,(2,2),(9.9800399E-04,20.000998004),.PIECEWISE_BEZIER_KNOTS.);
#2112 = CARTESIAN_POINT('',(137.5,62.00961894,20.));
#2113 = CARTESIAN_POINT('',(137.5,62.00961894,0.));
#2114 = ORIENTED_EDGE('',*,*,#1645,.F.);
#2115 = ORIENTED_EDGE('',*,*,#2116,.T.);
#2116 = EDGE_CURVE('',#1646,#2100,#2117,.T.);
#2117 = B_SPLINE_CURVE_WITH_KNOTS('',1,(#2118,#2119),.UNSPECIFIED.,.F.,
  .F.,(2,2),(9.9800399E-04,20.000998004),.PIECEWISE_BEZIER_KNOTS.);
#2118 = CARTESIAN_POINT('',(127.5,62.00961894,20.));
#2119 = CARTESIAN_POINT('',(127.5,62.00961894,0.));
#2120 = ( BOUNDED_SURFACE() B_SPLINE_SURFACE(1,3,(
    (#2121,#2122,#2123,#2124)
    ,(#2125,#2126,#2127,#2128
)),.UNSPECIFIED.,.F.,.F.,.F.) B_SPLINE_SURFACE_WITH_KNOTS((2,2),(4,4),(
    9.9800399E-04,20.000998004),(0.,30.),.PIECEWISE_BEZIER_KNOTS.) 
GEOMETRIC_REPRESENTATION_ITEM() RATIONAL_B_SPLINE_SURFACE((
    (1.,0.33333333333,0.33333333333,1.)
,(1.,0.33333333333,0.33333333333,1.
  ))) REPRESENTATION_ITEM('') SURFACE() );
#2121 = CARTESIAN_POINT('',(127.5,62.00961894,20.));
#2122 = CARTESIAN_POINT('',(127.5,72.00961894,20.));
#2123 = CARTESIAN_POINT('',(137.5,72.00961894,20.));
#2124 = CARTESIAN_POINT('',(137.5,62.00961894,20.));
#2125 = CARTESIAN_POINT('',(127.5,62.00961894,0.));
#2126 = CARTESIAN_POINT('',(127.5,72.00961894,0.));
#2127 = CARTESIAN_POINT('',(137.5,72.00961894,0.));
#2128 = CARTESIAN_POINT('',(137.5,62.00961894,0.));
#2129 = ADVANCED_FACE('',(#2130),#2142,.T.);
#2130 = FACE_BOUND('',#2131,.T.);
#2131 = EDGE_LOOP('',(#2132,#2139,#2140,#2141));
#2132 = ORIENTED_EDGE('',*,*,#2133,.T.);
#2133 = EDGE_CURVE('',#2102,#2100,#2134,.T.);
#2134 = ( BOUNDED_CURVE() B_SPLINE_CURVE(3,(#2135,#2136,#2137,#2138),
.UNSPECIFIED.,.F.,.F.) B_SPLINE_CURVE_WITH_KNOTS((4,4),(0.,30.),
.PIECEWISE_BEZIER_KNOTS.) CURVE() GEOMETRIC_REPRESENTATION_ITEM() 
RATIONAL_B_SPLINE_CURVE((1.,0.33333333333,0.33333333333,1.)) 
REPRESENTATION_ITEM('') );
#2135 = CARTESIAN_POINT('',(137.5,62.00961894,0.));
#2136 = CARTESIAN_POINT('',(137.5,52.00961894,0.));
#2137 = CARTESIAN_POINT('',(127.5,52.00961894,0.));
#2138 = CARTESIAN_POINT('',(127.5,62.00961894,0.));
#2139 = ORIENTED_EDGE('',*,*,#2116,.F.);
#2140 = ORIENTED_EDGE('',*,*,#1676,.F.);
#2141 = ORIENTED_EDGE('',*,*,#2110,.T.);
#2142 = ( BOUNDED_SURFACE() B_SPLINE_SURFACE(1,3,(
    (#2143,#2144,#2145,#2146)
    ,(#2147,#2148,#2149,#2150
)),.UNSPECIFIED.,.F.,.F.,.F.) B_SPLINE_SURFACE_WITH_KNOTS((2,2),(4,4),(
    9.9800399E-04,20.000998004),(0.,30.),.PIECEWISE_BEZIER_KNOTS.) 
GEOMETRIC_REPRESENTATION_ITEM() RATIONAL_B_SPLINE_SURFACE((
    (1.,0.33333333333,0.33333333333,1.)
,(1.,0.33333333333,0.33333333333,1.
  ))) REPRESENTATION_ITEM('') SURFACE() );
#2143 = CARTESIAN_POINT('',(137.5,62.00961894,20.));
#2144 = CARTESIAN_POINT('',(137.5,52.00961894,20.));
#2145 = CARTESIAN_POINT('',(127.5,52.00961894,20.));
#2146 = CARTESIAN_POINT('',(127.5,62.00961894,20.));
#2147 = CARTESIAN_POINT('',(137.5,62.00961894,0.));
#2148 = CARTESIAN_POINT('',(137.5,52.00961894,0.));
#2149 = CARTESIAN_POINT('',(127.5,52.00961894,0.));
#2150 = CARTESIAN_POINT('',(127.5,62.00961894,0.));
#2151 = ADVANCED_FACE('',(#2152),#2176,.T.);
#2152 = FACE_BOUND('',#2153,.T.);
#2153 = EDGE_LOOP('',(#2154,#2165,#2170,#2171));
#2154 = ORIENTED_EDGE('',*,*,#2155,.T.);
#2155 = EDGE_CURVE('',#2156,#2158,#2160,.T.);
#2156 = VERTEX_POINT('',#2157);
#2157 = CARTESIAN_POINT('',(127.5,87.99038106,0.));
#2158 = VERTEX_POINT('',#2159);
#2159 = CARTESIAN_POINT('',(137.5,87.99038106,0.));
#2160 = ( BOUNDED_CURVE() B_SPLINE_CURVE(3,(#2161,#2162,#2163,#2164),
.UNSPECIFIED.,.F.,.F.) B_SPLINE_CURVE_WITH_KNOTS((4,4),(0.,30.),
.PIECEWISE_BEZIER_KNOTS.) CURVE() GEOMETRIC_REPRESENTATION_ITEM() 
RATIONAL_B_SPLINE_CURVE((1.,0.33333333333,0.33333333333,1.)) 
REPRESENTATION_ITEM('') );
#2161 = CARTESIAN_POINT('',(127.5,87.99038106,0.));
#2162 = CARTESIAN_POINT('',(127.5,97.99038106,0.));
#2163 = CARTESIAN_POINT('',(137.5,97.99038106,0.));
#2164 = CARTESIAN_POINT('',(137.5,87.99038106,0.));
#2165 = ORIENTED_EDGE('',*,*,#2166,.F.);
#2166 = EDGE_CURVE('',#1708,#2158,#2167,.T.);
#2167 = B_SPLINE_CURVE_WITH_KNOTS('',1,(#2168,#2169),.UNSPECIFIED.,.F.,
  .F.,(2,2),(9.9800399E-04,20.000998004),.PIECEWISE_BEZIER_KNOTS.);
#2168 = CARTESIAN_POINT('',(137.5,87.99038106,20.));
#2169 = CARTESIAN_POINT('',(137.5,87.99038106,0.));
#2170 = ORIENTED_EDGE('',*,*,#1705,.F.);
#2171 = ORIENTED_EDGE('',*,*,#2172,.T.);
#2172 = EDGE_CURVE('',#1706,#2156,#2173,.T.);
#2173 = B_SPLINE_CURVE_WITH_KNOTS('',1,(#2174,#2175),.UNSPECIFIED.,.F.,
  .F.,(2,2),(9.9800399E-04,20.000998004),.PIECEWISE_BEZIER_KNOTS.);
#2174 = CARTESIAN_POINT('',(127.5,87.99038106,20.));
#2175 = CARTESIAN_POINT('',(127.5,87.99038106,0.));
#2176 = ( BOUNDED_SURFACE() B_SPLINE_SURFACE(1,3,(
    (#2177,#2178,#2179,#2180)
    ,(#2181,#2182,#2183,#2184
)),.UNSPECIFIED.,.F.,.F.,.F.) B_SPLINE_SURFACE_WITH_KNOTS((2,2),(4,4),(
    9.9800399E-04,20.000998004),(0.,30.),.PIECEWISE_BEZIER_KNOTS.) 
GEOMETRIC_REPRESENTATION_ITEM() RATIONAL_B_SPLINE_SURFACE((
    (1.,0.33333333333,0.33333333333,1.)
,(1.,0.33333333333,0.33333333333,1.
  ))) REPRESENTATION_ITEM('') SURFACE() );
#2177 = CARTESIAN_POINT('',(127.5,87.99038106,20.));
#2178 = CARTESIAN_POINT('',(127.5,97.99038106,20.));
#2179 = CARTESIAN_POINT('',(137.5,97.99038106,20.));
#2180 = CARTESIAN_POINT('',(137.5,87.99038106,20.));
#2181 = CARTESIAN_POINT('',(127.5,87.99038106,0.));
#2182 = CARTESIAN_POINT('',(127.5,97.99038106,0.));
#2183 = CARTESIAN_POINT('',(137.5,97.99038106,0.));
#2184 = CARTESIAN_POINT('',(137.5,87.99038106,0.));
#2185 = ADVANCED_FACE('',(#2186),#2198,.T.);
#2186 = FACE_BOUND('',#2187,.T.);
#2187 = EDGE_LOOP('',(#2188,#2195,#2196,#2197));
#2188 = ORIENTED_EDGE('',*,*,#2189,.T.);
#2189 = EDGE_CURVE('',#2158,#2156,#2190,.T.);
#2190 = ( BOUNDED_CURVE() B_SPLINE_CURVE(3,(#2191,#2192,#2193,#2194),
.UNSPECIFIED.,.F.,.F.) B_SPLINE_CURVE_WITH_KNOTS((4,4),(0.,30.),
.PIECEWISE_BEZIER_KNOTS.) CURVE() GEOMETRIC_REPRESENTATION_ITEM() 
RATIONAL_B_SPLINE_CURVE((1.,0.33333333333,0.33333333333,1.)) 
REPRESENTATION_ITEM('') );
#2191 = CARTESIAN_POINT('',(137.5,87.99038106,0.));
#2192 = CARTESIAN_POINT('',(137.5,77.99038106,0.));
#2193 = CARTESIAN_POINT('',(127.5,77.99038106,0.));
#2194 = CARTESIAN_POINT('',(127.5,87.99038106,0.));
#2195 = ORIENTED_EDGE('',*,*,#2172,.F.);
#2196 = ORIENTED_EDGE('',*,*,#1736,.F.);
#2197 = ORIENTED_EDGE('',*,*,#2166,.T.);
#2198 = ( BOUNDED_SURFACE() B_SPLINE_SURFACE(1,3,(
    (#2199,#2200,#2201,#2202)
    ,(#2203,#2204,#2205,#2206
)),.UNSPECIFIED.,.F.,.F.,.F.) B_SPLINE_SURFACE_WITH_KNOTS((2,2),(4,4),(
    9.9800399E-04,20.000998004),(0.,30.),.PIECEWISE_BEZIER_KNOTS.) 
GEOMETRIC_REPRESENTATION_ITEM() RATIONAL_B_SPLINE_SURFACE((
    (1.,0.33333333333,0.33333333333,1.)
,(1.,0.33333333333,0.33333333333,1.
  ))) REPRESENTATION_ITEM('') SURFACE() );
#2199 = CARTESIAN_POINT('',(137.5,87.99038106,20.));
#2200 = CARTESIAN_POINT('',(137.5,77.99038106,20.));
#2201 = CARTESIAN_POINT('',(127.5,77.99038106,20.));
#2202 = CARTESIAN_POINT('',(127.5,87.99038106,20.));
#2203 = CARTESIAN_POINT('',(137.5,87.99038106,0.));
#2204 = CARTESIAN_POINT('',(137.5,77.99038106,0.));
#2205 = CARTESIAN_POINT('',(127.5,77.99038106,0.));
#2206 = CARTESIAN_POINT('',(127.5,87.99038106,0.));
#2207 = ADVANCED_FACE('',(#2208),#2232,.T.);
#2208 = FACE_BOUND('',#2209,.T.);
#2209 = EDGE_LOOP('',(#2210,#2221,#2226,#2227));
#2210 = ORIENTED_EDGE('',*,*,#2211,.T.);
#2211 = EDGE_CURVE('',#2212,#2214,#2216,.T.);
#2212 = VERTEX_POINT('',#2213);
#2213 = CARTESIAN_POINT('',(20.,75.,0.));
#2214 = VERTEX_POINT('',#2215);
#2215 = CARTESIAN_POINT('',(30.,75.,0.));
#2216 = ( BOUNDED_CURVE() B_SPLINE_CURVE(3,(#2217,#2218,#2219,#2220),
.UNSPECIFIED.,.F.,.F.) B_SPLINE_CURVE_WITH_KNOTS((4,4),(0.,30.),
.PIECEWISE_BEZIER_KNOTS.) CURVE() GEOMETRIC_REPRESENTATION_ITEM() 
RATIONAL_B_SPLINE_CURVE((1.,0.33333333333,0.33333333333,1.)) 
REPRESENTATION_ITEM('') );
#2217 = CARTESIAN_POINT('',(20.,75.,0.));
#2218 = CARTESIAN_POINT('',(20.,85.,0.));
#2219 = CARTESIAN_POINT('',(30.,85.,0.));
#2220 = CARTESIAN_POINT('',(30.,75.,0.));
#2221 = ORIENTED_EDGE('',*,*,#2222,.F.);
#2222 = EDGE_CURVE('',#1768,#2214,#2223,.T.);
#2223 = B_SPLINE_CURVE_WITH_KNOTS('',1,(#2224,#2225),.UNSPECIFIED.,.F.,
  .F.,(2,2),(9.9800399E-04,20.000998004),.PIECEWISE_BEZIER_KNOTS.);
#2224 = CARTESIAN_POINT('',(30.,75.,20.));
#2225 = CARTESIAN_POINT('',(30.,75.,0.));
#2226 = ORIENTED_EDGE('',*,*,#1765,.F.);
#2227 = ORIENTED_EDGE('',*,*,#2228,.T.);
#2228 = EDGE_CURVE('',#1766,#2212,#2229,.T.);
#2229 = B_SPLINE_CURVE_WITH_KNOTS('',1,(#2230,#2231),.UNSPECIFIED.,.F.,
  .F.,(2,2),(9.9800399E-04,20.000998004),.PIECEWISE_BEZIER_KNOTS.);
#2230 = CARTESIAN_POINT('',(20.,75.,20.));
#2231 = CARTESIAN_POINT('',(20.,75.,0.));
#2232 = ( BOUNDED_SURFACE() B_SPLINE_SURFACE(1,3,(
    (#2233,#2234,#2235,#2236)
    ,(#2237,#2238,#2239,#2240
)),.UNSPECIFIED.,.F.,.F.,.F.) B_SPLINE_SURFACE_WITH_KNOTS((2,2),(4,4),(
    9.9800399E-04,20.000998004),(0.,30.),.PIECEWISE_BEZIER_KNOTS.) 
GEOMETRIC_REPRESENTATION_ITEM() RATIONAL_B_SPLINE_SURFACE((
    (1.,0.33333333333,0.33333333333,1.)
,(1.,0.33333333333,0.33333333333,1.
  ))) REPRESENTATION_ITEM('') SURFACE() );
#2233 = CARTESIAN_POINT('',(20.,75.,20.));
#2234 = CARTESIAN_POINT('',(20.,85.,20.));
#2235 = CARTESIAN_POINT('',(30.,85.,20.));
#2236 = CARTESIAN_POINT('',(30.,75.,20.));
#2237 = CARTESIAN_POINT('',(20.,75.,0.));
#2238 = CARTESIAN_POINT('',(20.,85.,0.));
#2239 = CARTESIAN_POINT('',(30.,85.,0.));
#2240 = CARTESIAN_POINT('',(30.,75.,0.));
#2241 = ADVANCED_FACE('',(#2242),#2254,.T.);
#2242 = FACE_BOUND('',#2243,.T.);
#2243 = EDGE_LOOP('',(#2244,#2251,#2252,#2253));
#2244 = ORIENTED_EDGE('',*,*,#2245,.T.);
#2245 = EDGE_CURVE('',#2214,#2212,#2246,.T.);
#2246 = ( BOUNDED_CURVE() B_SPLINE_CURVE(3,(#2247,#2248,#2249,#2250),
.UNSPECIFIED.,.F.,.F.) B_SPLINE_CURVE_WITH_KNOTS((4,4),(0.,30.),
.PIECEWISE_BEZIER_KNOTS.) CURVE() GEOMETRIC_REPRESENTATION_ITEM() 
RATIONAL_B_SPLINE_CURVE((1.,0.33333333333,0.33333333333,1.)) 
REPRESENTATION_ITEM('') );
#2247 = CARTESIAN_POINT('',(30.,75.,0.));
#2248 = CARTESIAN_POINT('',(30.,65.,0.));
#2249 = CARTESIAN_POINT('',(20.,65.,0.));
#2250 = CARTESIAN_POINT('',(20.,75.,0.));
#2251 = ORIENTED_EDGE('',*,*,#2228,.F.);
#2252 = ORIENTED_EDGE('',*,*,#1796,.F.);
#2253 = ORIENTED_EDGE('',*,*,#2222,.T.);
#2254 = ( BOUNDED_SURFACE() B_SPLINE_SURFACE(1,3,(
    (#2255,#2256,#2257,#2258)
    ,(#2259,#2260,#2261,#2262
)),.UNSPECIFIED.,.F.,.F.,.F.) B_SPLINE_SURFACE_WITH_KNOTS((2,2),(4,4),(
    9.9800399E-04,20.000998004),(0.,30.),.PIECEWISE_BEZIER_KNOTS.) 
GEOMETRIC_REPRESENTATION_ITEM() RATIONAL_B_SPLINE_SURFACE((
    (1.,0.33333333333,0.33333333333,1.)
,(1.,0.33333333333,0.33333333333,1.
  ))) REPRESENTATION_ITEM('') SURFACE() );
#2255 = CARTESIAN_POINT('',(30.,75.,20.));
#2256 = CARTESIAN_POINT('',(30.,65.,20.));
#2257 = CARTESIAN_POINT('',(20.,65.,20.));
#2258 = CARTESIAN_POINT('',(20.,75.,20.));
#2259 = CARTESIAN_POINT('',(30.,75.,0.));
#2260 = CARTESIAN_POINT('',(30.,65.,0.));
#2261 = CARTESIAN_POINT('',(20.,65.,0.));
#2262 = CARTESIAN_POINT('',(20.,75.,0.));
#2263 = ADVANCED_FACE('',(#2264),#2288,.T.);
#2264 = FACE_BOUND('',#2265,.T.);
#2265 = EDGE_LOOP('',(#2266,#2277,#2282,#2283));
#2266 = ORIENTED_EDGE('',*,*,#2267,.T.);
#2267 = EDGE_CURVE('',#2268,#2270,#2272,.T.);
#2268 = VERTEX_POINT('',#2269);
#2269 = CARTESIAN_POINT('',(150.,75.,0.));
#2270 = VERTEX_POINT('',#2271);
#2271 = CARTESIAN_POINT('',(160.,75.,0.));
#2272 = ( BOUNDED_CURVE() B_SPLINE_CURVE(3,(#2273,#2274,#2275,#2276),
.UNSPECIFIED.,.F.,.F.) B_SPLINE_CURVE_WITH_KNOTS((4,4),(0.,30.),
.PIECEWISE_BEZIER_KNOTS.) CURVE() GEOMETRIC_REPRESENTATION_ITEM() 
RATIONAL_B_SPLINE_CURVE((1.,0.33333333333,0.33333333333,1.)) 
REPRESENTATION_ITEM('') );
#2273 = CARTESIAN_POINT('',(150.,75.,0.));
#2274 = CARTESIAN_POINT('',(150.,85.,0.));
#2275 = CARTESIAN_POINT('',(160.,85.,0.));
#2276 = CARTESIAN_POINT('',(160.,75.,0.));
#2277 = ORIENTED_EDGE('',*,*,#2278,.F.);
#2278 = EDGE_CURVE('',#1828,#2270,#2279,.T.);
#2279 = B_SPLINE_CURVE_WITH_KNOTS('',1,(#2280,#2281),.UNSPECIFIED.,.F.,
  .F.,(2,2),(9.9800399E-04,20.000998004),.PIECEWISE_BEZIER_KNOTS.);
#2280 = CARTESIAN_POINT('',(160.,75.,20.));
#2281 = CARTESIAN_POINT('',(160.,75.,0.));
#2282 = ORIENTED_EDGE('',*,*,#1825,.F.);
#2283 = ORIENTED_EDGE('',*,*,#2284,.T.);
#2284 = EDGE_CURVE('',#1826,#2268,#2285,.T.);
#2285 = B_SPLINE_CURVE_WITH_KNOTS('',1,(#2286,#2287),.UNSPECIFIED.,.F.,
  .F.,(2,2),(9.9800399E-04,20.000998004),.PIECEWISE_BEZIER_KNOTS.);
#2286 = CARTESIAN_POINT('',(150.,75.,20.));
#2287 = CARTESIAN_POINT('',(150.,75.,0.));
#2288 = ( BOUNDED_SURFACE() B_SPLINE_SURFACE(1,3,(
    (#2289,#2290,#2291,#2292)
    ,(#2293,#2294,#2295,#2296
)),.UNSPECIFIED.,.F.,.F.,.F.) B_SPLINE_SURFACE_WITH_KNOTS((2,2),(4,4),(
    9.9800399E-04,20.000998004),(0.,30.),.PIECEWISE_BEZIER_KNOTS.) 
GEOMETRIC_REPRESENTATION_ITEM() RATIONAL_B_SPLINE_SURFACE((
    (1.,0.33333333333,0.33333333333,1.)
,(1.,0.33333333333,0.33333333333,1.
  ))) REPRESENTATION_ITEM('') SURFACE() );
#2289 = CARTESIAN_POINT('',(150.,75.,20.));
#2290 = CARTESIAN_POINT('',(150.,85.,20.));
#2291 = CARTESIAN_POINT('',(160.,85.,20.));
#2292 = CARTESIAN_POINT('',(160.,75.,20.));
#2293 = CARTESIAN_POINT('',(150.,75.,0.));
#2294 = CARTESIAN_POINT('',(150.,85.,0.));
#2295 = CARTESIAN_POINT('',(160.,85.,0.));
#2296 = CARTESIAN_POINT('',(160.,75.,0.));
#2297 = ADVANCED_FACE('',(#2298),#2310,.T.);
#2298 = FACE_BOUND('',#2299,.T.);
#2299 = EDGE_LOOP('',(#2300,#2307,#2308,#2309));
#2300 = ORIENTED_EDGE('',*,*,#2301,.T.);
#2301 = EDGE_CURVE('',#2270,#2268,#2302,.T.);
#2302 = ( BOUNDED_CURVE() B_SPLINE_CURVE(3,(#2303,#2304,#2305,#2306),
.UNSPECIFIED.,.F.,.F.) B_SPLINE_CURVE_WITH_KNOTS((4,4),(0.,30.),
.PIECEWISE_BEZIER_KNOTS.) CURVE() GEOMETRIC_REPRESENTATION_ITEM() 
RATIONAL_B_SPLINE_CURVE((1.,0.33333333333,0.33333333333,1.)) 
REPRESENTATION_ITEM('') );
#2303 = CARTESIAN_POINT('',(160.,75.,0.));
#2304 = CARTESIAN_POINT('',(160.,65.,0.));
#2305 = CARTESIAN_POINT('',(150.,65.,0.));
#2306 = CARTESIAN_POINT('',(150.,75.,0.));
#2307 = ORIENTED_EDGE('',*,*,#2284,.F.);
#2308 = ORIENTED_EDGE('',*,*,#1856,.F.);
#2309 = ORIENTED_EDGE('',*,*,#2278,.T.);
#2310 = ( BOUNDED_SURFACE() B_SPLINE_SURFACE(1,3,(
    (#2311,#2312,#2313,#2314)
    ,(#2315,#2316,#2317,#2318
)),.UNSPECIFIED.,.F.,.F.,.F.) B_SPLINE_SURFACE_WITH_KNOTS((2,2),(4,4),(
    9.9800399E-04,20.000998004),(0.,30.),.PIECEWISE_BEZIER_KNOTS.) 
GEOMETRIC_REPRESENTATION_ITEM() RATIONAL_B_SPLINE_SURFACE((
    (1.,0.33333333333,0.33333333333,1.)
,(1.,0.33333333333,0.33333333333,1.
  ))) REPRESENTATION_ITEM('') SURFACE() );
#2311 = CARTESIAN_POINT('',(160.,75.,20.));
#2312 = CARTESIAN_POINT('',(160.,65.,20.));
#2313 = CARTESIAN_POINT('',(150.,65.,20.));
#2314 = CARTESIAN_POINT('',(150.,75.,20.));
#2315 = CARTESIAN_POINT('',(160.,75.,0.));
#2316 = CARTESIAN_POINT('',(160.,65.,0.));
#2317 = CARTESIAN_POINT('',(150.,65.,0.));
#2318 = CARTESIAN_POINT('',(150.,75.,0.));
#2319 = ADVANCED_FACE('',(#2320,#2326,#2330,#2334,#2338,#2342,#2346),
  #2350,.T.);
#2320 = FACE_BOUND('',#2321,.T.);
#2321 = EDGE_LOOP('',(#2322,#2323,#2324,#2325));
#2322 = ORIENTED_EDGE('',*,*,#1922,.F.);
#2323 = ORIENTED_EDGE('',*,*,#1908,.F.);
#2324 = ORIENTED_EDGE('',*,*,#1973,.F.);
#2325 = ORIENTED_EDGE('',*,*,#1956,.F.);
#2326 = FACE_BOUND('',#2327,.T.);
#2327 = EDGE_LOOP('',(#2328,#2329));
#2328 = ORIENTED_EDGE('',*,*,#2021,.F.);
#2329 = ORIENTED_EDGE('',*,*,#1987,.F.);
#2330 = FACE_BOUND('',#2331,.T.);
#2331 = EDGE_LOOP('',(#2332,#2333));
#2332 = ORIENTED_EDGE('',*,*,#2077,.F.);
#2333 = ORIENTED_EDGE('',*,*,#2043,.F.);
#2334 = FACE_BOUND('',#2335,.T.);
#2335 = EDGE_LOOP('',(#2336,#2337));
#2336 = ORIENTED_EDGE('',*,*,#2133,.F.);
#2337 = ORIENTED_EDGE('',*,*,#2099,.F.);
#2338 = FACE_BOUND('',#2339,.T.);
#2339 = EDGE_LOOP('',(#2340,#2341));
#2340 = ORIENTED_EDGE('',*,*,#2189,.F.);
#2341 = ORIENTED_EDGE('',*,*,#2155,.F.);
#2342 = FACE_BOUND('',#2343,.T.);
#2343 = EDGE_LOOP('',(#2344,#2345));
#2344 = ORIENTED_EDGE('',*,*,#2245,.F.);
#2345 = ORIENTED_EDGE('',*,*,#2211,.F.);
#2346 = FACE_BOUND('',#2347,.T.);
#2347 = EDGE_LOOP('',(#2348,#2349));
#2348 = ORIENTED_EDGE('',*,*,#2301,.F.);
#2349 = ORIENTED_EDGE('',*,*,#2267,.F.);
#2350 = PLANE('',#2351);
#2351 = AXIS2_PLACEMENT_3D('',#2352,#2353,#2354);
#2352 = CARTESIAN_POINT('',(90.,75.,0.));
#2353 = DIRECTION('',(0.,0.,-1.));
#2354 = DIRECTION('',(-1.,0.,0.));
#2355 = ( GEOMETRIC_REPRESENTATION_CONTEXT(3) 
GLOBAL_UNCERTAINTY_ASSIGNED_CONTEXT((#2359)) 
GLOBAL_UNIT_ASSIGNED_CONTEXT((#2356,#2357,#2358)) REPRESENTATION_CONTEXT
('Context #1','3D Context with UNIT and UNCERTAINTY') );
#2356 = ( LENGTH_UNIT() NAMED_UNIT(*) SI_UNIT(.MILLI.,.METRE.) );
#2357 = ( NAMED_UNIT(*) PLANE_ANGLE_UNIT() SI_UNIT($,.RADIAN.) );
#2358 = ( NAMED_UNIT(*) SI_UNIT($,.STERADIAN.) SOLID_ANGLE_UNIT() );
#2359 = UNCERTAINTY_MEASURE_WITH_UNIT(LENGTH_MEASURE(1.E-05),#2356,
  'distance_accuracy_value','confusion accuracy');
#2360 = CONTEXT_DEPENDENT_SHAPE_REPRESENTATION(#2361,#2363);
#2361 = ( REPRESENTATION_RELATIONSHIP('','',#1484,#10) 
REPRESENTATION_RELATIONSHIP_WITH_TRANSFORMATION(#2362) 
SHAPE_REPRESENTATION_RELATIONSHIP() );
#2362 = ITEM_DEFINED_TRANSFORMATION('','',#11,#31);
#2363 = PRODUCT_DEFINITION_SHAPE('Placement','Placement of an item',
  #2364);
#2364 = NEXT_ASSEMBLY_USAGE_OCCURRENCE('5','plate_1','',#5,#1479,$);
#2365 = PRODUCT_RELATED_PRODUCT_CATEGORY('part',$,(#1481));
#2366 = MECHANICAL_DESIGN_GEOMETRIC_PRESENTATION_REPRESENTATION('',(
    #2367),#751);
#2367 = STYLED_ITEM('color',(#2368),#491);
#2368 = PRESENTATION_STYLE_ASSIGNMENT((#2369,#2375));
#2369 = SURFACE_STYLE_USAGE(.BOTH.,#2370);
#2370 = SURFACE_SIDE_STYLE('',(#2371));
#2371 = SURFACE_STYLE_FILL_AREA(#2372);
#2372 = FILL_AREA_STYLE('',(#2373));
#2373 = FILL_AREA_STYLE_COLOUR('',#2374);
#2374 = DRAUGHTING_PRE_DEFINED_COLOUR('blue');
#2375 = CURVE_STYLE('',#2376,POSITIVE_LENGTH_MEASURE(0.1),#2374);
#2376 = DRAUGHTING_PRE_DEFINED_CURVE_FONT('continuous');
#2377 = MECHANICAL_DESIGN_GEOMETRIC_PRESENTATION_REPRESENTATION('',(
    #2378),#319);
#2378 = STYLED_ITEM('color',(#2379),#49);
#2379 = PRESENTATION_STYLE_ASSIGNMENT((#2380,#2386));
#2380 = SURFACE_STYLE_USAGE(.BOTH.,#2381);
#2381 = SURFACE_SIDE_STYLE('',(#2382));
#2382 = SURFACE_STYLE_FILL_AREA(#2383);
#2383 = FILL_AREA_STYLE('',(#2384));
#2384 = FILL_AREA_STYLE_COLOUR('',#2385);
#2385 = DRAUGHTING_PRE_DEFINED_COLOUR('red');
#2386 = CURVE_STYLE('',#2387,POSITIVE_LENGTH_MEASURE(0.1),#2385);
#2387 = DRAUGHTING_PRE_DEFINED_CURVE_FONT('continuous');
#2388 = MECHANICAL_DESIGN_GEOMETRIC_PRESENTATION_REPRESENTATION('',(
    #2389),#1466);
#2389 = STYLED_ITEM('color',(#2390),#770);
#2390 = PRESENTATION_STYLE_ASSIGNMENT((#2391,#2397));
#2391 = SURFACE_STYLE_USAGE(.BOTH.,#2392);
#2392 = SURFACE_SIDE_STYLE('',(#2393));
#2393 = SURFACE_STYLE_FILL_AREA(#2394);
#2394 = FILL_AREA_STYLE('',(#2395));
#2395 = FILL_AREA_STYLE_COLOUR('',#2396);
#2396 = DRAUGHTING_PRE_DEFINED_COLOUR('green');
#2397 = CURVE_STYLE('',#2398,POSITIVE_LENGTH_MEASURE(0.1),#2396);
#2398 = DRAUGHTING_PRE_DEFINED_CURVE_FONT('continuous');
#2399 = MECHANICAL_DESIGN_GEOMETRIC_PRESENTATION_REPRESENTATION('',(
    #2400),#2355);
#2400 = STYLED_ITEM('color',(#2401),#1485);
#2401 = PRESENTATION_STYLE_ASSIGNMENT((#2402,#2408));
#2402 = SURFACE_STYLE_USAGE(.BOTH.,#2403);
#2403 = SURFACE_SIDE_STYLE('',(#2404));
#2404 = SURFACE_STYLE_FILL_AREA(#2405);
#2405 = FILL_AREA_STYLE('',(#2406));
#2406 = FILL_AREA_STYLE_COLOUR('',#2407);
#2407 = COLOUR_RGB('',0.800000010877,1.,0.);
#2408 = CURVE_STYLE('',#2409,POSITIVE_LENGTH_MEASURE(0.1),#2407);
#2409 = DRAUGHTING_PRE_DEFINED_CURVE_FONT('continuous');
#2410 = MECHANICAL_DESIGN_GEOMETRIC_PRESENTATION_REPRESENTATION('',(
    #2411),#472);
#2411 = STYLED_ITEM('color',(#2412),#338);
#2412 = PRESENTATION_STYLE_ASSIGNMENT((#2413,#2419));
#2413 = SURFACE_STYLE_USAGE(.BOTH.,#2414);
#2414 = SURFACE_SIDE_STYLE('',(#2415));
#2415 = SURFACE_STYLE_FILL_AREA(#2416);
#2416 = FILL_AREA_STYLE('',(#2417));
#2417 = FILL_AREA_STYLE_COLOUR('',#2418);
#2418 = COLOUR_RGB('',1.,0.500000003429,0.);
#2419 = CURVE_STYLE('',#2420,POSITIVE_LENGTH_MEASURE(0.1),#2418);
#2420 = DRAUGHTING_PRE_DEFINED_CURVE_FONT('continuous');
ENDSEC;
END-ISO-10303-21;
