ISO-10303-21;
HEADER;
FILE_DESCRIPTION(('Open CASCADE Model'),'2;1');
FILE_NAME('loft-demo.stp','2026-10-08T08:47:01',('Doug Blanding'),(''),
  'Open CASCADE STEP processor 7.9','KodaCAD 2.1.2','');
FILE_SCHEMA(('AUTOMOTIVE_DESIGN { 1 0 10303 214 1 1 1 1 }'));
ENDSEC;
DATA;
#1 = APPLICATION_PROTOCOL_DEFINITION('international standard',
  'automotive_design',2000,#2);
#2 = APPLICATION_CONTEXT(
  'core data for automotive mechanical design processes');
#3 = SHAPE_DEFINITION_REPRESENTATION(#4,#10);
#4 = PRODUCT_DEFINITION_SHAPE('','',#5);
#5 = PRODUCT_DEFINITION('design','',#6,#9);
#6 = PRODUCT_DEFINITION_FORMATION('','',#7);
#7 = PRODUCT('/','/','',(#8));
#8 = PRODUCT_CONTEXT('',#2,'mechanical');
#9 = PRODUCT_DEFINITION_CONTEXT('part definition',#2,'design');
#10 = SHAPE_REPRESENTATION('',(#11,#15),#19);
#11 = AXIS2_PLACEMENT_3D('',#12,#13,#14);
#12 = CARTESIAN_POINT('',(0.,0.,0.));
#13 = DIRECTION('',(0.,0.,1.));
#14 = DIRECTION('',(1.,0.,-0.));
#15 = AXIS2_PLACEMENT_3D('',#16,#17,#18);
#16 = CARTESIAN_POINT('',(0.,0.,0.));
#17 = DIRECTION('',(0.,0.,1.));
#18 = DIRECTION('',(1.,0.,-0.));
#19 = ( GEOMETRIC_REPRESENTATION_CONTEXT(3) 
GLOBAL_UNCERTAINTY_ASSIGNED_CONTEXT((#23)) GLOBAL_UNIT_ASSIGNED_CONTEXT(
(#20,#21,#22)) REPRESENTATION_CONTEXT('Context #1',
  '3D Context with UNIT and UNCERTAINTY') );
#20 = ( LENGTH_UNIT() NAMED_UNIT(*) SI_UNIT(.MILLI.,.METRE.) );
#21 = ( NAMED_UNIT(*) PLANE_ANGLE_UNIT() SI_UNIT($,.RADIAN.) );
#22 = ( NAMED_UNIT(*) SI_UNIT($,.STERADIAN.) SOLID_ANGLE_UNIT() );
#23 = UNCERTAINTY_MEASURE_WITH_UNIT(LENGTH_MEASURE(2.E-05),#20,
  'distance_accuracy_value','confusion accuracy');
#24 = PRODUCT_RELATED_PRODUCT_CATEGORY('part',$,(#7));
#25 = SHAPE_DEFINITION_REPRESENTATION(#26,#32);
#26 = PRODUCT_DEFINITION_SHAPE('','',#27);
#27 = PRODUCT_DEFINITION('design','',#28,#31);
#28 = PRODUCT_DEFINITION_FORMATION('','',#29);
#29 = PRODUCT('outer-loft','outer-loft','',(#30));
#30 = PRODUCT_CONTEXT('',#2,'mechanical');
#31 = PRODUCT_DEFINITION_CONTEXT('part definition',#2,'design');
#32 = ADVANCED_BREP_SHAPE_REPRESENTATION('',(#11,#33),#2296);
#33 = MANIFOLD_SOLID_BREP('',#34);
#34 = CLOSED_SHELL('',(#35,#828,#900,#972,#1187,#1276,#1365,#1761,#1913,
    #1989,#2264));
#35 = ADVANCED_FACE('',(#36,#322),#52,.T.);
#36 = FACE_BOUND('',#37,.T.);
#37 = EDGE_LOOP('',(#38,#141,#231,#232));
#38 = ORIENTED_EDGE('',*,*,#39,.F.);
#39 = EDGE_CURVE('',#40,#42,#44,.T.);
#40 = VERTEX_POINT('',#41);
#41 = CARTESIAN_POINT('',(19.821206468368,-8.755721646309E-15,
    21.590231655822));
#42 = VERTEX_POINT('',#43);
#43 = CARTESIAN_POINT('',(19.821206468368,-8.755721646309E-15,
    98.409768344178));
#44 = SEAM_CURVE('',#45,(#51,#134),.PCURVE_S1.);
#45 = ( BOUNDED_CURVE() B_SPLINE_CURVE(4,(#46,#47,#48,#49,#50),
.UNSPECIFIED.,.F.,.F.) B_SPLINE_CURVE_WITH_KNOTS((5,5),(0.,1.),
.PIECEWISE_BEZIER_KNOTS.) CURVE() GEOMETRIC_REPRESENTATION_ITEM() 
RATIONAL_B_SPLINE_CURVE((1.,1.,1.,1.,1.)) REPRESENTATION_ITEM('') );
#46 = CARTESIAN_POINT('',(20.,-1.101815365161E-14,20.));
#47 = CARTESIAN_POINT('',(16.666666666667,1.915103280975E-14,40.));
#48 = CARTESIAN_POINT('',(51.111111111111,-9.732587415868E-15,60.));
#49 = CARTESIAN_POINT('',(16.666666666667,1.915103280975E-14,80.));
#50 = CARTESIAN_POINT('',(20.,-1.101815365161E-14,100.));
#51 = PCURVE('',#52,#128);
#52 = ( BOUNDED_SURFACE() B_SPLINE_SURFACE(14,4,(
    (#53,#54,#55,#56,#57)
    ,(#58,#59,#60,#61,#62)
    ,(#63,#64,#65,#66,#67)
    ,(#68,#69,#70,#71,#72)
    ,(#73,#74,#75,#76,#77)
    ,(#78,#79,#80,#81,#82)
    ,(#83,#84,#85,#86,#87)
    ,(#88,#89,#90,#91,#92)
    ,(#93,#94,#95,#96,#97)
    ,(#98,#99,#100,#101,#102)
    ,(#103,#104,#105,#106,#107)
    ,(#108,#109,#110,#111,#112)
    ,(#113,#114,#115,#116,#117)
    ,(#118,#119,#120,#121,#122)
    ,(#123,#124,#125,#126,#127
)),.UNSPECIFIED.,.T.,.F.,.F.) B_SPLINE_SURFACE_WITH_KNOTS((15,15),(5,5),
  (0.,1.),(0.,1.),.PIECEWISE_BEZIER_KNOTS.) 
GEOMETRIC_REPRESENTATION_ITEM() RATIONAL_B_SPLINE_SURFACE((
    (1.,1.,1.,1.,1.)
    ,(1.,1.,1.,1.,1.)
    ,(1.,1.,1.,1.,1.)
    ,(1.,1.,1.,1.,1.)
    ,(1.,1.,1.,1.,1.)
    ,(1.,1.,1.,1.,1.)
    ,(1.,1.,1.,1.,1.)
    ,(1.,1.,1.,1.,1.)
    ,(1.,1.,1.,1.,1.)
    ,(1.,1.,1.,1.,1.)
    ,(1.,1.,1.,1.,1.)
    ,(1.,1.,1.,1.,1.)
    ,(1.,1.,1.,1.,1.)
    ,(1.,1.,1.,1.,1.)
,(1.,1.,1.,1.,1.))) REPRESENTATION_ITEM('') SURFACE() );
#53 = CARTESIAN_POINT('',(20.,-1.101815365161E-14,20.));
#54 = CARTESIAN_POINT('',(16.666666666667,1.915103280975E-14,40.));
#55 = CARTESIAN_POINT('',(51.111111111111,-9.732587415868E-15,60.));
#56 = CARTESIAN_POINT('',(16.666666666667,1.915103280975E-14,80.));
#57 = CARTESIAN_POINT('',(20.,-1.101815365161E-14,100.));
#58 = CARTESIAN_POINT('',(20.000000000002,8.975979010263,20.));
#59 = CARTESIAN_POINT('',(16.666666666677,7.479982508551,39.99999999997)
  );
#60 = CARTESIAN_POINT('',(51.11111111111,22.938613026226,60.000000000065
    ));
#61 = CARTESIAN_POINT('',(16.666666666677,7.479982508551,79.999999999957
    ));
#62 = CARTESIAN_POINT('',(20.000000000002,8.975979010263,100.00000000001
    ));
#63 = CARTESIAN_POINT('',(15.661712776003,17.951961333747,
    20.000000000003));
#64 = CARTESIAN_POINT('',(13.051427313297,14.959967778132,
    40.000000000138));
#65 = CARTESIAN_POINT('',(40.024377094267,45.877234519586,
    59.999999999707));
#66 = CARTESIAN_POINT('',(13.051427313297,14.959967778132,
    80.000000000201));
#67 = CARTESIAN_POINT('',(15.661712776003,17.951961333747,
    99.999999999949));
#68 = CARTESIAN_POINT('',(6.985132781956,24.656386931475,19.999999999985
    ));
#69 = CARTESIAN_POINT('',(5.820943985074,20.54698910953,39.999999999614)
  );
#70 = CARTESIAN_POINT('',(17.850894887113,63.010766602635,60.00000000078
    ));
#71 = CARTESIAN_POINT('',(5.820943985074,20.54698910953,79.999999999425)
  );
#72 = CARTESIAN_POINT('',(6.985132781956,24.656386931475,100.00000000011
    ));
#73 = CARTESIAN_POINT('',(-4.732212294762,26.817951916495,
    20.000000000043));
#74 = CARTESIAN_POINT('',(-3.943510245871,22.348293263821,
    40.000000000794));
#75 = CARTESIAN_POINT('',(-12.09343141971,68.534766008869,
    59.999999998489));
#76 = CARTESIAN_POINT('',(-3.943510245871,22.348293263821,80.00000000121
    ));
#77 = CARTESIAN_POINT('',(-4.732212294762,26.817951916495,
    99.999999999818));
#78 = CARTESIAN_POINT('',(-16.89551320809,22.979537220247,
    19.999999999911));
#79 = CARTESIAN_POINT('',(-14.07959433967,19.149614350073,
    39.999999998735));
#80 = CARTESIAN_POINT('',(-43.1774226433,58.725484007214,60.000000002254
    ));
#81 = CARTESIAN_POINT('',(-14.07959433967,19.149614350073,
    79.999999998016));
#82 = CARTESIAN_POINT('',(-16.89551320809,22.979537220247,100.0000000002
    ));
#83 = CARTESIAN_POINT('',(-26.18083403312,13.317704905227,20.00000000014
    ));
#84 = CARTESIAN_POINT('',(-21.81736169482,11.098087421205,
    40.000000001608));
#85 = CARTESIAN_POINT('',(-66.90657586188,34.034134757931,
    59.999999997325));
#86 = CARTESIAN_POINT('',(-21.81736169482,11.098087421205,
    80.000000002607));
#87 = CARTESIAN_POINT('',(-26.18083403312,13.317704905227,
    99.999999999838));
#88 = CARTESIAN_POINT('',(-29.67657204102,3.323066266603E-10,
    19.99999999983));
#89 = CARTESIAN_POINT('',(-24.73047670024,7.917340856997E-11,
    39.999999998347));
#90 = CARTESIAN_POINT('',(-75.84012854989,6.742892663978E-10,
    60.000000002562));
#91 = CARTESIAN_POINT('',(-24.73047670024,7.917340856997E-11,
    79.999999997221));
#92 = CARTESIAN_POINT('',(-29.67657204102,3.323066266603E-10,
    100.00000000009));
#93 = CARTESIAN_POINT('',(-26.18083403312,-13.31770490583,
    20.000000000164));
#94 = CARTESIAN_POINT('',(-21.81736169481,-11.09808742136,
    40.000000001384));
#95 = CARTESIAN_POINT('',(-66.90657586189,-34.03413475915,
    59.999999998003));
#96 = CARTESIAN_POINT('',(-21.81736169481,-11.09808742136,
    80.000000002421));
#97 = CARTESIAN_POINT('',(-26.18083403312,-13.31770490583,
    99.999999999969));
#98 = CARTESIAN_POINT('',(-16.8955132081,-22.97953721978,19.999999999874
    ));
#99 = CARTESIAN_POINT('',(-14.07959433968,-19.14961434992,
    39.999999999057));
#100 = CARTESIAN_POINT('',(-43.17742264329,-58.72548400631,
    60.000000001261));
#101 = CARTESIAN_POINT('',(-14.07959433968,-19.14961434992,
    79.999999998283));
#102 = CARTESIAN_POINT('',(-16.8955132081,-22.97953721978,
    99.999999999997));
#103 = CARTESIAN_POINT('',(-4.732212294755,-26.81795191678,
    20.000000000077));
#104 = CARTESIAN_POINT('',(-3.943510245859,-22.34829326393,
    40.000000000518));
#105 = CARTESIAN_POINT('',(-12.09343141972,-68.5347660094,
    59.999999999362));
#106 = CARTESIAN_POINT('',(-3.943510245859,-22.34829326393,
    80.000000000983));
#107 = CARTESIAN_POINT('',(-4.732212294755,-26.81795191678,
    100.00000000001));
#108 = CARTESIAN_POINT('',(6.985132781953,-24.65638693133,
    19.999999999963));
#109 = CARTESIAN_POINT('',(5.820943985064,-20.54698910946,
    39.999999999776));
#110 = CARTESIAN_POINT('',(17.850894887128,-63.01076660238,
    60.000000000251));
#111 = CARTESIAN_POINT('',(5.820943985063,-20.54698910945,
    79.999999999559));
#112 = CARTESIAN_POINT('',(6.985132781953,-24.65638693133,
    99.999999999988));
#113 = CARTESIAN_POINT('',(15.661712776004,-17.95196133379,
    20.000000000013));
#114 = CARTESIAN_POINT('',(13.051427313303,-14.95996777816,
    40.000000000072));
#115 = CARTESIAN_POINT('',(40.024377094258,-45.87723451967,
    59.999999999927));
#116 = CARTESIAN_POINT('',(13.051427313303,-14.95996777816,
    80.000000000146));
#117 = CARTESIAN_POINT('',(15.661712776004,-17.95196133379,100.));
#118 = CARTESIAN_POINT('',(20.000000000002,-8.975979010252,
    19.999999999997));
#119 = CARTESIAN_POINT('',(16.666666666675,-7.479982508544,
    39.999999999986));
#120 = CARTESIAN_POINT('',(51.111111111113,-22.9386130262,
    60.000000000013));
#121 = CARTESIAN_POINT('',(16.666666666675,-7.479982508543,
    79.999999999971));
#122 = CARTESIAN_POINT('',(20.000000000002,-8.975979010252,
    99.999999999999));
#123 = CARTESIAN_POINT('',(20.,3.711462509945E-15,20.));
#124 = CARTESIAN_POINT('',(16.666666666667,-1.888425351413E-13,40.));
#125 = CARTESIAN_POINT('',(51.111111111111,2.647573435837E-13,60.));
#126 = CARTESIAN_POINT('',(16.666666666667,-1.888425351413E-13,80.));
#127 = CARTESIAN_POINT('',(20.,3.711462509945E-15,100.));
#128 = DEFINITIONAL_REPRESENTATION('',(#129),#133);
#129 = LINE('',#130,#131);
#130 = CARTESIAN_POINT('',(0.,0.));
#131 = VECTOR('',#132,1.);
#132 = DIRECTION('',(0.,1.));
#133 = ( GEOMETRIC_REPRESENTATION_CONTEXT(2) 
PARAMETRIC_REPRESENTATION_CONTEXT() REPRESENTATION_CONTEXT('2D SPACE',''
  ) );
#134 = PCURVE('',#52,#135);
#135 = DEFINITIONAL_REPRESENTATION('',(#136),#140);
#136 = LINE('',#137,#138);
#137 = CARTESIAN_POINT('',(1.,0.));
#138 = VECTOR('',#139,1.);
#139 = DIRECTION('',(0.,1.));
#140 = ( GEOMETRIC_REPRESENTATION_CONTEXT(2) 
PARAMETRIC_REPRESENTATION_CONTEXT() REPRESENTATION_CONTEXT('2D SPACE',''
  ) );
#141 = ORIENTED_EDGE('',*,*,#142,.T.);
#142 = EDGE_CURVE('',#40,#40,#143,.T.);
#143 = SURFACE_CURVE('',#144,(#158,#184),.PCURVE_S1.);
#144 = ( BOUNDED_CURVE() B_SPLINE_CURVE(12,(#145,#146,#147,#148,#149,
    #150,#151,#152,#153,#154,#155,#156,#157),.UNSPECIFIED.,.T.,.F.) 
B_SPLINE_CURVE_WITH_KNOTS((13,13),(-4.672998429845E-15,125.66370614595),
.PIECEWISE_BEZIER_KNOTS.) CURVE() GEOMETRIC_REPRESENTATION_ITEM() 
RATIONAL_B_SPLINE_CURVE((1.,1.,1.,1.,0.999999999999,1.000000000001,
    0.999999999999,1.000000000001,0.999999999999,1.,1.,1.,1.)) 
REPRESENTATION_ITEM('') );
#145 = CARTESIAN_POINT('',(19.821206468368,-8.755721646309E-15,
    21.590231655822));
#146 = CARTESIAN_POINT('',(19.821206468373,10.378359446876,
    21.590231655821));
#147 = CARTESIAN_POINT('',(13.893068896021,20.756505006271,
    21.590231653665));
#148 = CARTESIAN_POINT('',(2.03718191522,27.411889855562,21.590231668614
    ));
#149 = CARTESIAN_POINT('',(-13.14847850381,26.60861600536,21.59023161858
    ));
#150 = CARTESIAN_POINT('',(-26.45314865381,16.701782206913,
    21.59023172315));
#151 = CARTESIAN_POINT('',(-31.94207349355,4.505054523873E-10,
    21.590231574333));
#152 = CARTESIAN_POINT('',(-26.45314865383,-16.70178220767,
    21.59023172315));
#153 = CARTESIAN_POINT('',(-13.14847850379,-26.6086160049,21.59023161858
    ));
#154 = CARTESIAN_POINT('',(2.037181915203,-27.41188985574,
    21.590231668614));
#155 = CARTESIAN_POINT('',(13.893068896028,-20.75650500622,
    21.590231653665));
#156 = CARTESIAN_POINT('',(19.821206468371,-10.37835944687,
    21.590231655821));
#157 = CARTESIAN_POINT('',(19.821206468368,-1.06581410364E-14,
    21.590231655822));
#158 = PCURVE('',#52,#159);
#159 = DEFINITIONAL_REPRESENTATION('',(#160),#183);
#160 = B_SPLINE_CURVE_WITH_KNOTS('',11,(#161,#162,#163,#164,#165,#166,
    #167,#168,#169,#170,#171,#172,#173,#174,#175,#176,#177,#178,#179,
    #180,#181,#182),.UNSPECIFIED.,.F.,.F.,(12,10,12),(
    -4.672998429845E-15,62.831853072978,125.66370614595),.UNSPECIFIED.);
#161 = CARTESIAN_POINT('',(-7.549516567451E-15,1.987789569777E-02));
#162 = CARTESIAN_POINT('',(4.545454549462E-02,1.987789569779E-02));
#163 = CARTESIAN_POINT('',(9.090854468818E-02,1.987789568964E-02));
#164 = CARTESIAN_POINT('',(0.136365334251,1.987789571363E-02));
#165 = CARTESIAN_POINT('',(0.181815741515,1.987789569116E-02));
#166 = CARTESIAN_POINT('',(0.227274749962,1.987789569376E-02));
#167 = CARTESIAN_POINT('',(0.27272634875,1.987789569734E-02));
#168 = CARTESIAN_POINT('',(0.318181958339,1.987789570016E-02));
#169 = CARTESIAN_POINT('',(0.363636336887,1.987789569911E-02));
#170 = CARTESIAN_POINT('',(0.409090959285,1.98778956979E-02));
#171 = CARTESIAN_POINT('',(0.45454547702,1.987789569724E-02));
#172 = CARTESIAN_POINT('',(0.54545452298,1.987789569725E-02));
#173 = CARTESIAN_POINT('',(0.590909040715,1.98778956979E-02));
#174 = CARTESIAN_POINT('',(0.636363663112,1.987789569912E-02));
#175 = CARTESIAN_POINT('',(0.681818041662,1.987789570015E-02));
#176 = CARTESIAN_POINT('',(0.72727365125,1.987789569735E-02));
#177 = CARTESIAN_POINT('',(0.772725250037,1.987789569374E-02));
#178 = CARTESIAN_POINT('',(0.818184258486,1.987789569118E-02));
#179 = CARTESIAN_POINT('',(0.863634665749,1.987789571362E-02));
#180 = CARTESIAN_POINT('',(0.909091455312,1.987789568964E-02));
#181 = CARTESIAN_POINT('',(0.954545454505,1.98778956978E-02));
#182 = CARTESIAN_POINT('',(1.,1.987789569777E-02));
#183 = ( GEOMETRIC_REPRESENTATION_CONTEXT(2) 
PARAMETRIC_REPRESENTATION_CONTEXT() REPRESENTATION_CONTEXT('2D SPACE',''
  ) );
#184 = PCURVE('',#185,#225);
#185 = ( BOUNDED_SURFACE() B_SPLINE_SURFACE(2,12,(
    (#186,#187,#188,#189,#190,#191,#192,#193,#194,#195,#196,#197,#198)
    ,(#199,#200,#201,#202,#203,#204,#205,#206,#207,#208,#209,#210,#211)
    ,(#212,#213,#214,#215,#216,#217,#218,#219,#220,#221,#222,#223,#224
)),.UNSPECIFIED.,.F.,.F.,.F.) B_SPLINE_SURFACE_WITH_KNOTS((3,3),(13,13),
  (0.,125.66370614595),(-4.672998429845E-15,125.66370614595),
.PIECEWISE_BEZIER_KNOTS.) GEOMETRIC_REPRESENTATION_ITEM() 
RATIONAL_B_SPLINE_SURFACE((
    (1.,1.,1.,1.,0.999999999999,1.000000000001,0.999999999999
      ,1.000000000001,0.999999999999,1.,1.,1.,1.)
    ,(0.685509140269,0.685509140269,0.685509140793,0.685509137159
      ,0.685509149323,0.6855091239,0.685509160081,0.685509123901
      ,0.685509149323,0.68550913716,0.685509140793,0.685509140269
      ,0.685509140269)
    ,(1.,1.,1.,1.,0.999999999999,1.000000000001,0.999999999999
,1.000000000001,0.999999999999,1.,1.,1.,1.
))) REPRESENTATION_ITEM('') SURFACE() );
#186 = CARTESIAN_POINT('',(19.821206468368,-8.755721646309E-15,
    21.590231655822));
#187 = CARTESIAN_POINT('',(19.821206468373,10.378359446876,
    21.590231655821));
#188 = CARTESIAN_POINT('',(13.893068896021,20.756505006271,
    21.590231653665));
#189 = CARTESIAN_POINT('',(2.03718191522,27.411889855562,21.590231668614
    ));
#190 = CARTESIAN_POINT('',(-13.14847850381,26.60861600536,21.59023161858
    ));
#191 = CARTESIAN_POINT('',(-26.45314865381,16.701782206913,
    21.59023172315));
#192 = CARTESIAN_POINT('',(-31.94207349355,4.505054523873E-10,
    21.590231574333));
#193 = CARTESIAN_POINT('',(-26.45314865383,-16.70178220767,
    21.59023172315));
#194 = CARTESIAN_POINT('',(-13.14847850379,-26.6086160049,21.59023161858
    ));
#195 = CARTESIAN_POINT('',(2.037181915203,-27.41188985574,
    21.590231668614));
#196 = CARTESIAN_POINT('',(13.893068896028,-20.75650500622,
    21.590231653665));
#197 = CARTESIAN_POINT('',(19.821206468371,-10.37835944687,
    21.590231655821));
#198 = CARTESIAN_POINT('',(19.821206468368,-1.06581410364E-14,
    21.590231655822));
#199 = CARTESIAN_POINT('',(19.917039504423,-4.320155344573E-13,20.));
#200 = CARTESIAN_POINT('',(19.917039504425,10.428537502303,20.));
#201 = CARTESIAN_POINT('',(13.960240120401,20.856860111348,20.));
#202 = CARTESIAN_POINT('',(2.047031474559,27.544422904201,
    19.999999999999));
#203 = CARTESIAN_POINT('',(-13.21204969678,26.737265151053,
    20.000000000002));
#204 = CARTESIAN_POINT('',(-26.58104665113,16.782533452369,
    19.999999999996));
#205 = CARTESIAN_POINT('',(-32.09650882163,2.396006587579E-10,
    20.000000000005));
#206 = CARTESIAN_POINT('',(-26.58104665112,-16.78253345276,
    19.999999999996));
#207 = CARTESIAN_POINT('',(-13.21204969678,-26.73726515082,
    20.000000000003));
#208 = CARTESIAN_POINT('',(2.047031474554,-27.54442290428,
    19.999999999999));
#209 = CARTESIAN_POINT('',(13.960240120406,-20.85686011133,20.));
#210 = CARTESIAN_POINT('',(19.917039504424,-10.4285375023,20.));
#211 = CARTESIAN_POINT('',(19.917039504423,-3.731147335539E-13,20.));
#212 = CARTESIAN_POINT('',(18.323922845174,4.560121333421E-13,20.));
#213 = CARTESIAN_POINT('',(18.323922845177,9.594383651822,20.));
#214 = CARTESIAN_POINT('',(12.843593744422,19.188568947366,20.));
#215 = CARTESIAN_POINT('',(1.883293863685,25.341211343012,20.));
#216 = CARTESIAN_POINT('',(-12.15524785545,24.598612704849,
    20.000000000001));
#217 = CARTESIAN_POINT('',(-24.45489447207,15.44014020895,
    19.999999999999));
#218 = CARTESIAN_POINT('',(-29.52918223168,3.652616403782E-10,
    20.000000000001));
#219 = CARTESIAN_POINT('',(-24.45489447208,-15.44014020957,
    19.999999999999));
#220 = CARTESIAN_POINT('',(-12.15524785544,-24.59861270447,20.));
#221 = CARTESIAN_POINT('',(1.883293863672,-25.34121134316,20.));
#222 = CARTESIAN_POINT('',(12.843593744429,-19.18856894732,20.));
#223 = CARTESIAN_POINT('',(18.323922845176,-9.594383651824,20.));
#224 = CARTESIAN_POINT('',(18.323922845174,4.560121333421E-13,20.));
#225 = DEFINITIONAL_REPRESENTATION('',(#226),#230);
#226 = LINE('',#227,#228);
#227 = CARTESIAN_POINT('',(0.,0.));
#228 = VECTOR('',#229,1.);
#229 = DIRECTION('',(0.,1.));
#230 = ( GEOMETRIC_REPRESENTATION_CONTEXT(2) 
PARAMETRIC_REPRESENTATION_CONTEXT() REPRESENTATION_CONTEXT('2D SPACE',''
  ) );
#231 = ORIENTED_EDGE('',*,*,#39,.T.);
#232 = ORIENTED_EDGE('',*,*,#233,.F.);
#233 = EDGE_CURVE('',#42,#42,#234,.T.);
#234 = SURFACE_CURVE('',#235,(#249,#275),.PCURVE_S1.);
#235 = ( BOUNDED_CURVE() B_SPLINE_CURVE(12,(#236,#237,#238,#239,#240,
    #241,#242,#243,#244,#245,#246,#247,#248),.UNSPECIFIED.,.T.,.F.) 
B_SPLINE_CURVE_WITH_KNOTS((13,13),(-4.672998429822E-15,125.66370614595),
.PIECEWISE_BEZIER_KNOTS.) CURVE() GEOMETRIC_REPRESENTATION_ITEM() 
RATIONAL_B_SPLINE_CURVE((1.,1.,1.,1.,0.999999999999,1.000000000001,
    0.999999999999,1.000000000001,0.999999999999,1.,1.,1.,1.)) 
REPRESENTATION_ITEM('') );
#236 = CARTESIAN_POINT('',(19.821206468368,-8.755721646309E-15,
    98.409768344178));
#237 = CARTESIAN_POINT('',(19.821206468371,10.378359446882,
    98.40976834418));
#238 = CARTESIAN_POINT('',(13.893068896034,20.756505006228,
    98.40976834633));
#239 = CARTESIAN_POINT('',(2.03718191518,27.411889855702,98.409768331399
    ));
#240 = CARTESIAN_POINT('',(-13.14847850373,26.608616005086,
    98.409768381396));
#241 = CARTESIAN_POINT('',(-26.45314865392,16.701782207278,
    98.409768276881));
#242 = CARTESIAN_POINT('',(-31.94207349345,1.129781129761E-10,
    98.409768425638));
#243 = CARTESIAN_POINT('',(-26.4531486539,-16.70178220746,
    98.409768276869));
#244 = CARTESIAN_POINT('',(-13.14847850375,-26.60861600497,
    98.409768381412));
#245 = CARTESIAN_POINT('',(2.037181915188,-27.41188985574,
    98.409768331387));
#246 = CARTESIAN_POINT('',(13.893068896033,-20.75650500621,
    98.409768346335));
#247 = CARTESIAN_POINT('',(19.82120646837,-10.37835944688,
    98.409768344178));
#248 = CARTESIAN_POINT('',(19.821206468368,-1.06581410364E-14,
    98.409768344178));
#249 = PCURVE('',#52,#250);
#250 = DEFINITIONAL_REPRESENTATION('',(#251),#274);
#251 = B_SPLINE_CURVE_WITH_KNOTS('',11,(#252,#253,#254,#255,#256,#257,
    #258,#259,#260,#261,#262,#263,#264,#265,#266,#267,#268,#269,#270,
    #271,#272,#273),.UNSPECIFIED.,.F.,.F.,(12,10,12),(
    -4.672998429822E-15,62.831853072978,125.66370614595),.UNSPECIFIED.);
#252 = CARTESIAN_POINT('',(-1.554312234475E-15,0.980122104302));
#253 = CARTESIAN_POINT('',(4.545454549465E-02,0.980122104302));
#254 = CARTESIAN_POINT('',(9.090854468803E-02,0.98012210431));
#255 = CARTESIAN_POINT('',(0.136365334251,0.980122104287));
#256 = CARTESIAN_POINT('',(0.181815741514,0.980122104308));
#257 = CARTESIAN_POINT('',(0.227274749962,0.980122104307));
#258 = CARTESIAN_POINT('',(0.27272634875,0.980122104302));
#259 = CARTESIAN_POINT('',(0.318181958339,0.9801221043));
#260 = CARTESIAN_POINT('',(0.363636336887,0.980122104301));
#261 = CARTESIAN_POINT('',(0.409090959285,0.980122104302));
#262 = CARTESIAN_POINT('',(0.45454547702,0.980122104303));
#263 = CARTESIAN_POINT('',(0.54545452298,0.980122104303));
#264 = CARTESIAN_POINT('',(0.590909040715,0.980122104302));
#265 = CARTESIAN_POINT('',(0.636363663113,0.980122104301));
#266 = CARTESIAN_POINT('',(0.681818041661,0.9801221043));
#267 = CARTESIAN_POINT('',(0.72727365125,0.980122104303));
#268 = CARTESIAN_POINT('',(0.772725250037,0.980122104306));
#269 = CARTESIAN_POINT('',(0.818184258486,0.980122104309));
#270 = CARTESIAN_POINT('',(0.863634665749,0.980122104286));
#271 = CARTESIAN_POINT('',(0.909091455312,0.98012210431));
#272 = CARTESIAN_POINT('',(0.954545454505,0.980122104302));
#273 = CARTESIAN_POINT('',(1.,0.980122104302));
#274 = ( GEOMETRIC_REPRESENTATION_CONTEXT(2) 
PARAMETRIC_REPRESENTATION_CONTEXT() REPRESENTATION_CONTEXT('2D SPACE',''
  ) );
#275 = PCURVE('',#276,#316);
#276 = ( BOUNDED_SURFACE() B_SPLINE_SURFACE(2,12,(
    (#277,#278,#279,#280,#281,#282,#283,#284,#285,#286,#287,#288,#289)
    ,(#290,#291,#292,#293,#294,#295,#296,#297,#298,#299,#300,#301,#302)
    ,(#303,#304,#305,#306,#307,#308,#309,#310,#311,#312,#313,#314,#315
)),.UNSPECIFIED.,.F.,.F.,.F.) B_SPLINE_SURFACE_WITH_KNOTS((3,3),(13,13),
  (0.,125.66370614595),(-4.672998429822E-15,125.66370614595),
.PIECEWISE_BEZIER_KNOTS.) GEOMETRIC_REPRESENTATION_ITEM() 
RATIONAL_B_SPLINE_SURFACE((
    (1.,1.,1.,1.,0.999999999999,1.000000000001,0.999999999999
      ,1.000000000001,0.999999999999,1.,1.,1.,1.)
    ,(0.685509140269,0.68550914027,0.685509140793,0.685509137162
      ,0.68550914932,0.685509123903,0.68550916008,0.6855091239
      ,0.685509149325,0.685509137158,0.685509140794,0.685509140269
      ,0.685509140269)
    ,(1.,1.,1.,1.,0.999999999999,1.000000000001,0.999999999999
,1.000000000001,0.999999999999,1.,1.,1.,1.
))) REPRESENTATION_ITEM('') SURFACE() );
#277 = CARTESIAN_POINT('',(19.821206468368,-8.755721646309E-15,
    98.409768344178));
#278 = CARTESIAN_POINT('',(19.821206468371,10.378359446882,
    98.40976834418));
#279 = CARTESIAN_POINT('',(13.893068896034,20.756505006228,
    98.40976834633));
#280 = CARTESIAN_POINT('',(2.03718191518,27.411889855702,98.409768331399
    ));
#281 = CARTESIAN_POINT('',(-13.14847850373,26.608616005086,
    98.409768381396));
#282 = CARTESIAN_POINT('',(-26.45314865392,16.701782207278,
    98.409768276881));
#283 = CARTESIAN_POINT('',(-31.94207349345,1.129781129761E-10,
    98.409768425638));
#284 = CARTESIAN_POINT('',(-26.4531486539,-16.70178220746,
    98.409768276869));
#285 = CARTESIAN_POINT('',(-13.14847850375,-26.60861600497,
    98.409768381412));
#286 = CARTESIAN_POINT('',(2.037181915188,-27.41188985574,
    98.409768331387));
#287 = CARTESIAN_POINT('',(13.893068896033,-20.75650500621,
    98.409768346335));
#288 = CARTESIAN_POINT('',(19.82120646837,-10.37835944688,
    98.409768344178));
#289 = CARTESIAN_POINT('',(19.821206468368,-1.06581410364E-14,
    98.409768344178));
#290 = CARTESIAN_POINT('',(19.917039504423,-4.671957265501E-13,100.));
#291 = CARTESIAN_POINT('',(19.917039504424,10.4285375023,100.));
#292 = CARTESIAN_POINT('',(13.960240120398,20.856860111377,
    99.999999999999));
#293 = CARTESIAN_POINT('',(2.047031474603,27.544422904111,100.));
#294 = CARTESIAN_POINT('',(-13.21204969691,26.73726515119,
    99.999999999992));
#295 = CARTESIAN_POINT('',(-26.58104665095,16.782533452273,
    100.00000000001));
#296 = CARTESIAN_POINT('',(-32.09650882171,2.69194559005E-10,
    99.999999999985));
#297 = CARTESIAN_POINT('',(-26.58104665117,-16.78253345281,
    100.00000000001));
#298 = CARTESIAN_POINT('',(-13.21204969671,-26.73726515073,
    99.999999999995));
#299 = CARTESIAN_POINT('',(2.047031474534,-27.54442290435,100.));
#300 = CARTESIAN_POINT('',(13.960240120403,-20.8568601113,100.));
#301 = CARTESIAN_POINT('',(19.917039504426,-10.4285375023,100.));
#302 = CARTESIAN_POINT('',(19.917039504423,-3.460842723513E-13,100.));
#303 = CARTESIAN_POINT('',(18.323922845174,4.560121333421E-13,100.));
#304 = CARTESIAN_POINT('',(18.323922845177,9.594383651822,100.));
#305 = CARTESIAN_POINT('',(12.843593744423,19.188568947364,100.));
#306 = CARTESIAN_POINT('',(1.883293863684,25.341211343017,100.));
#307 = CARTESIAN_POINT('',(-12.15524785545,24.598612704838,100.));
#308 = CARTESIAN_POINT('',(-24.45489447207,15.440140208966,
    99.999999999999));
#309 = CARTESIAN_POINT('',(-29.5291822317,3.449987379112E-10,100.));
#310 = CARTESIAN_POINT('',(-24.45489447207,-15.44014020955,100.));
#311 = CARTESIAN_POINT('',(-12.15524785545,-24.59861270448,100.));
#312 = CARTESIAN_POINT('',(1.88329386368,-25.34121134315,100.));
#313 = CARTESIAN_POINT('',(12.843593744426,-19.18856894733,100.));
#314 = CARTESIAN_POINT('',(18.323922845176,-9.594383651824,100.));
#315 = CARTESIAN_POINT('',(18.323922845174,4.560121333421E-13,100.));
#316 = DEFINITIONAL_REPRESENTATION('',(#317),#321);
#317 = LINE('',#318,#319);
#318 = CARTESIAN_POINT('',(0.,0.));
#319 = VECTOR('',#320,1.);
#320 = DIRECTION('',(0.,1.));
#321 = ( GEOMETRIC_REPRESENTATION_CONTEXT(2) 
PARAMETRIC_REPRESENTATION_CONTEXT() REPRESENTATION_CONTEXT('2D SPACE',''
  ) );
#322 = FACE_BOUND('',#323,.T.);
#323 = EDGE_LOOP('',(#324));
#324 = ORIENTED_EDGE('',*,*,#325,.T.);
#325 = EDGE_CURVE('',#326,#326,#328,.T.);
#326 = VERTEX_POINT('',#327);
#327 = CARTESIAN_POINT('',(12.105263147922,-27.44927332226,60.));
#328 = SURFACE_CURVE('',#329,(#399,#613),.PCURVE_S1.);
#329 = ( BOUNDED_CURVE() B_SPLINE_CURVE(12,(#330,#331,#332,#333,#334,
    #335,#336,#337,#338,#339,#340,#341,#342,#343,#344,#345,#346,#347,
    #348,#349,#350,#351,#352,#353,#354,#355,#356,#357,#358,#359,#360,
    #361,#362,#363,#364,#365,#366,#367,#368,#369,#370,#371,#372,#373,
    #374,#375,#376,#377,#378,#379,#380,#381,#382,#383,#384,#385,#386,
    #387,#388,#389,#390,#391,#392,#393,#394,#395,#396,#397,#398),
.UNSPECIFIED.,.T.,.F.) B_SPLINE_CURVE_WITH_KNOTS((13,11,12,11,11,11,13),
  (-16.74673402308,-7.669416678156,0.,14.678699980013,23.770279374231,
32.459671330191,46.100477798548),.UNSPECIFIED.) CURVE() 
GEOMETRIC_REPRESENTATION_ITEM() RATIONAL_B_SPLINE_CURVE((1.,1.,1.,
    1.000000000001,0.999999999998,1.000000000003,0.999999999996,
    1.000000000003,0.999999999998,1.000000000001,1.,1.,1.,1.,1.,1.,
    0.999999999999,1.000000000001,0.999999999999,1.,1.,1.,1.,1.,1.,1.,
    1.000000000001,0.999999999999,1.000000000001,0.999999999999,
    1.000000000001,0.999999999999,1.,1.,1.,1.,1.,1.000000000001,
    0.999999999999,1.000000000002,0.999999999998,1.000000000002,
    0.999999999999,1.,1.,1.,1.,1.,1.000000000001,0.999999999998,
    1.000000000002,0.999999999997,1.000000000002,0.999999999998,
    1.000000000001,1.,1.,1.,1.,1.,1.000000000001,0.999999999999,
    1.000000000001,0.999999999999,1.000000000001,1.,1.,1.,1.)) 
REPRESENTATION_ITEM('') );
#330 = CARTESIAN_POINT('',(12.105263147922,-27.44927332226,60.));
#331 = CARTESIAN_POINT('',(12.105261182336,-27.44927343751,
    59.081186893299));
#332 = CARTESIAN_POINT('',(12.028283128139,-27.45387254445,
    58.162429249408));
#333 = CARTESIAN_POINT('',(11.874191836279,-27.46309701106,
    57.250924745637));
#334 = CARTESIAN_POINT('',(11.643915550187,-27.4770607129,
    56.353964189392));
#335 = CARTESIAN_POINT('',(11.338759757603,-27.49610091526,
    55.478624958129));
#336 = CARTESIAN_POINT('',(10.960629899316,-27.52062171828,
    54.631914390854));
#337 = CARTESIAN_POINT('',(10.512439085501,-27.55083531952,
    53.820859229503));
#338 = CARTESIAN_POINT('',(9.99826387541,-27.58653671127,53.052305493265
    ));
#339 = CARTESIAN_POINT('',(9.423100079188,-27.6269927933,52.332435793661
    ));
#340 = CARTESIAN_POINT('',(8.792359445571,-27.67097224472,
    51.666253720804));
#341 = CARTESIAN_POINT('',(8.111537002714,-27.71688786142,
    51.057527556834));
#342 = CARTESIAN_POINT('',(6.774410858279,-27.80190185654,
    50.047262021564));
#343 = CARTESIAN_POINT('',(6.130671075252,-27.84094643063,
    49.628187404556));
#344 = CARTESIAN_POINT('',(5.459154862482,-27.87905027604,
    49.254756931919));
#345 = CARTESIAN_POINT('',(4.763543581526,-27.91504133053,
    48.928564989335));
#346 = CARTESIAN_POINT('',(4.047540643944,-27.94773500622,
    48.650830241615));
#347 = CARTESIAN_POINT('',(3.314833715224,-27.97602506749,
    48.422465079592));
#348 = CARTESIAN_POINT('',(2.569071946254,-27.99895772558,
    48.244132032437));
#349 = CARTESIAN_POINT('',(1.813858232486,-28.01578894997,
    48.116287145228));
#350 = CARTESIAN_POINT('',(1.052756500618,-28.02602499649,
    48.039210322072));
#351 = CARTESIAN_POINT('',(0.289314022977,-28.0294461521,48.013022634385
    ));
#352 = CARTESIAN_POINT('',(-0.472901240565,-28.02611369655,
    48.03769059473));
#353 = CARTESIAN_POINT('',(-1.230248273015,-28.01636008058,48.1130173959
    ));
#354 = CARTESIAN_POINT('',(-2.679749361691,-27.99769244699,
    48.257186813396));
#355 = CARTESIAN_POINT('',(-4.11163082921,-27.95550802084,
    48.586953096667));
#356 = CARTESIAN_POINT('',(-5.500703412663,-27.89193538323,
    49.100702241809));
#357 = CARTESIAN_POINT('',(-6.821820133853,-27.81313976826,
    49.795428135241));
#358 = CARTESIAN_POINT('',(-8.049257092214,-27.72707728235,
    50.663699124416));
#359 = CARTESIAN_POINT('',(-9.156487170107,-27.64452100185,
    51.696450358995));
#360 = CARTESIAN_POINT('',(-10.11604342826,-27.57501343125,
    52.877759560202));
#361 = CARTESIAN_POINT('',(-10.90320614493,-27.52246382707,
    54.181369022221));
#362 = CARTESIAN_POINT('',(-11.50173739349,-27.48540493641,
    55.575579067538));
#363 = CARTESIAN_POINT('',(-11.90443742837,-27.46126932268,
    57.030458131234));
#364 = CARTESIAN_POINT('',(-12.10551562626,-27.44925821929,
    58.516292391165));
#365 = CARTESIAN_POINT('',(-12.1051064935,-27.44928267759,
    60.922260561603));
#366 = CARTESIAN_POINT('',(-12.0277329706,-27.45390538662,
    61.842444919214));
#367 = CARTESIAN_POINT('',(-11.87300390989,-27.46316844998,
    62.755331606285));
#368 = CARTESIAN_POINT('',(-11.64185559154,-27.47718645698,
    63.653592931444));
#369 = CARTESIAN_POINT('',(-11.33560297613,-27.49629904595,
    64.530116907902));
#370 = CARTESIAN_POINT('',(-10.95616449794,-27.5209125188,
    65.377863984388));
#371 = CARTESIAN_POINT('',(-10.50647377408,-27.55123848173,
    66.189776510538));
#372 = CARTESIAN_POINT('',(-9.990636459244,-27.58706685135,
    66.958979858988));
#373 = CARTESIAN_POINT('',(-9.413682679046,-27.62765503307,
    67.679268767139));
#374 = CARTESIAN_POINT('',(-8.781057681146,-27.67175954664,
    68.345627107783));
#375 = CARTESIAN_POINT('',(-8.098285546572,-27.7177808415,
    68.954283938088));
#376 = CARTESIAN_POINT('',(-6.676930083174,-27.80805037848,
    70.02463251288));
#377 = CARTESIAN_POINT('',(-5.942105565298,-27.85228334268,
    70.491687978862));
#378 = CARTESIAN_POINT('',(-5.172427505671,-27.89508651799,
    70.89974987648));
#379 = CARTESIAN_POINT('',(-4.373192316539,-27.93474352403,
    71.246610216961));
#380 = CARTESIAN_POINT('',(-3.549712104516,-27.96954043044,
    71.530657814157));
#381 = CARTESIAN_POINT('',(-2.707323783947,-27.99792198561,
    71.750744352518));
#382 = CARTESIAN_POINT('',(-1.851352379412,-28.01862605531,
    71.906087335595));
#383 = CARTESIAN_POINT('',(-0.987060925357,-28.03078819609,
    71.996205676574));
#384 = CARTESIAN_POINT('',(-0.119619370878,-28.03400828794,
    72.020883690781));
#385 = CARTESIAN_POINT('',(0.745875102608,-28.02837115107,
    71.980159251942));
#386 = CARTESIAN_POINT('',(1.604293942585,-28.01441307135,
    71.874331872177));
#387 = CARTESIAN_POINT('',(3.778268813739,-27.95945249488,
    71.436574349693));
#388 = CARTESIAN_POINT('',(5.075509386864,-27.90758919297,
    71.010325714885));
#389 = CARTESIAN_POINT('',(6.322554519275,-27.84086104179,
    70.426539711411));
#390 = CARTESIAN_POINT('',(7.494462429704,-27.7653845941,69.694409412403
    ));
#391 = CARTESIAN_POINT('',(8.584753378837,-27.68752080974,
    68.807772854001));
#392 = CARTESIAN_POINT('',(9.544717720828,-27.61658794949,
    67.797307971472));
#393 = CARTESIAN_POINT('',(10.386258900897,-27.55713722599,
    66.658415314086));
#394 = CARTESIAN_POINT('',(11.064748318088,-27.51252691997,
    65.423876982791));
#395 = CARTESIAN_POINT('',(11.583669664488,-27.48045914186,
    64.117647450346));
#396 = CARTESIAN_POINT('',(11.931368262731,-27.45967167245,
    62.761330643187));
#397 = CARTESIAN_POINT('',(12.10526610166,-27.44927314904,
    61.380668794531));
#398 = CARTESIAN_POINT('',(12.105263147922,-27.44927332226,60.));
#399 = PCURVE('',#52,#400);
#400 = DEFINITIONAL_REPRESENTATION('',(#401),#612);
#401 = B_SPLINE_CURVE_WITH_KNOTS('',11,(#402,#403,#404,#405,#406,#407,
    #408,#409,#410,#411,#412,#413,#414,#415,#416,#417,#418,#419,#420,
    #421,#422,#423,#424,#425,#426,#427,#428,#429,#430,#431,#432,#433,
    #434,#435,#436,#437,#438,#439,#440,#441,#442,#443,#444,#445,#446,
    #447,#448,#449,#450,#451,#452,#453,#454,#455,#456,#457,#458,#459,
    #460,#461,#462,#463,#464,#465,#466,#467,#468,#469,#470,#471,#472,
    #473,#474,#475,#476,#477,#478,#479,#480,#481,#482,#483,#484,#485,
    #486,#487,#488,#489,#490,#491,#492,#493,#494,#495,#496,#497,#498,
    #499,#500,#501,#502,#503,#504,#505,#506,#507,#508,#509,#510,#511,
    #512,#513,#514,#515,#516,#517,#518,#519,#520,#521,#522,#523,#524,
    #525,#526,#527,#528,#529,#530,#531,#532,#533,#534,#535,#536,#537,
    #538,#539,#540,#541,#542,#543,#544,#545,#546,#547,#548,#549,#550,
    #551,#552,#553,#554,#555,#556,#557,#558,#559,#560,#561,#562,#563,
    #564,#565,#566,#567,#568,#569,#570,#571,#572,#573,#574,#575,#576,
    #577,#578,#579,#580,#581,#582,#583,#584,#585,#586,#587,#588,#589,
    #590,#591,#592,#593,#594,#595,#596,#597,#598,#599,#600,#601,#602,
    #603,#604,#605,#606,#607,#608,#609,#610,#611),.UNSPECIFIED.,.F.,.F.,
  (12,11,11,11,11,11,11,11,11,11,11,11,11,11,11,11,11,11,11,12),(
    -16.74673402308,-12.81878328423,-8.890832545385,-6.926857175958,
    -4.962881806532,-1.03493106768,-5.294338296683E-02,0.929044301746,
    2.893019671172,6.820970410025,14.676871887729,22.532773365434,
    24.49674873486,26.460724104286,30.388674843139,32.352650212565,
    34.316625581991,38.244576320843,42.172527059696,46.100477798548),
  .UNSPECIFIED.);
#402 = CARTESIAN_POINT('',(0.81610475778,0.499999679236));
#403 = CARTESIAN_POINT('',(0.816104752677,0.494577987697));
#404 = CARTESIAN_POINT('',(0.816018581057,0.489156597561));
#405 = CARTESIAN_POINT('',(0.815846145147,0.483744905664));
#406 = CARTESIAN_POINT('',(0.815587519292,0.478353420785));
#407 = CARTESIAN_POINT('',(0.815242682009,0.472990634171));
#408 = CARTESIAN_POINT('',(0.814811670535,0.467666973655));
#409 = CARTESIAN_POINT('',(0.814294526594,0.462392326631));
#410 = CARTESIAN_POINT('',(0.813691314046,0.457175545708));
#411 = CARTESIAN_POINT('',(0.813002250343,0.452026861368));
#412 = CARTESIAN_POINT('',(0.812227661971,0.446955192406));
#413 = CARTESIAN_POINT('',(0.811368106705,0.441969942394));
#414 = CARTESIAN_POINT('',(0.810508550081,0.436984681175));
#415 = CARTESIAN_POINT('',(0.809564028262,0.432085823405));
#416 = CARTESIAN_POINT('',(0.808535082336,0.427282541237));
#417 = CARTESIAN_POINT('',(0.807422463799,0.422583912595));
#418 = CARTESIAN_POINT('',(0.806227169333,0.417998790465));
#419 = CARTESIAN_POINT('',(0.804950465514,0.413535690057));
#420 = CARTESIAN_POINT('',(0.80359390352,0.40920269387));
#421 = CARTESIAN_POINT('',(0.802159323774,0.405007374621));
#422 = CARTESIAN_POINT('',(0.800648850566,0.400956736073));
#423 = CARTESIAN_POINT('',(0.799064876635,0.397057171737));
#424 = CARTESIAN_POINT('',(0.797410037713,0.393314441465));
#425 = CARTESIAN_POINT('',(0.79658261989,0.39144308667));
#426 = CARTESIAN_POINT('',(0.795737480752,0.38961088754));
#427 = CARTESIAN_POINT('',(0.794874988497,0.387818932511));
#428 = CARTESIAN_POINT('',(0.79399537794,0.386066671893));
#429 = CARTESIAN_POINT('',(0.793099250097,0.384357784594));
#430 = CARTESIAN_POINT('',(0.792186650454,0.38268762131));
#431 = CARTESIAN_POINT('',(0.791258282411,0.381063502259));
#432 = CARTESIAN_POINT('',(0.79031444502,0.379480119793));
#433 = CARTESIAN_POINT('',(0.789355535578,0.377941527631));
#434 = CARTESIAN_POINT('',(0.788382035708,0.376446776597));
#435 = CARTESIAN_POINT('',(0.787394369964,0.374996743461));
#436 = CARTESIAN_POINT('',(0.786406707447,0.373546698818));
#437 = CARTESIAN_POINT('',(0.785404879321,0.372141316653));
#438 = CARTESIAN_POINT('',(0.784389337032,0.370781057555));
#439 = CARTESIAN_POINT('',(0.783360540521,0.369466355636));
#440 = CARTESIAN_POINT('',(0.782318958233,0.368197618534));
#441 = CARTESIAN_POINT('',(0.781265067101,0.366975227403));
#442 = CARTESIAN_POINT('',(0.780199352568,0.365799536925));
#443 = CARTESIAN_POINT('',(0.779122308563,0.364670875302));
#444 = CARTESIAN_POINT('',(0.778034437522,0.36358954426));
#445 = CARTESIAN_POINT('',(0.776936250374,0.362555819044));
#446 = CARTESIAN_POINT('',(0.775828266548,0.361569948426));
#447 = CARTESIAN_POINT('',(0.773612293571,0.35959821728));
#448 = CARTESIAN_POINT('',(0.771357117441,0.357817941502));
#449 = CARTESIAN_POINT('',(0.76906685815,0.356231178728));
#450 = CARTESIAN_POINT('',(0.766745733883,0.35483963803));
#451 = CARTESIAN_POINT('',(0.764398039809,0.353644717087));
#452 = CARTESIAN_POINT('',(0.762028129771,0.352647533794));
#453 = CARTESIAN_POINT('',(0.759640400929,0.351848952292));
#454 = CARTESIAN_POINT('',(0.757239281312,0.351249603439));
#455 = CARTESIAN_POINT('',(0.754829220298,0.350849899697));
#456 = CARTESIAN_POINT('',(0.752414682028,0.350650044468));
#457 = CARTESIAN_POINT('',(0.750000141735,0.35065003584));
#458 = CARTESIAN_POINT('',(0.749396506866,0.350650033696));
#459 = CARTESIAN_POINT('',(0.748792872037,0.350662521951));
#460 = CARTESIAN_POINT('',(0.748189307272,0.350687500567));
#461 = CARTESIAN_POINT('',(0.747585882631,0.35072496869));
#462 = CARTESIAN_POINT('',(0.746982668212,0.350774924662));
#463 = CARTESIAN_POINT('',(0.746379734155,0.350837366005));
#464 = CARTESIAN_POINT('',(0.745777150634,0.35091228944));
#465 = CARTESIAN_POINT('',(0.745174987864,0.350999690869));
#466 = CARTESIAN_POINT('',(0.744573316095,0.351099565388));
#467 = CARTESIAN_POINT('',(0.74397220562,0.35121190728));
#468 = CARTESIAN_POINT('',(0.743371726766,0.351336710019));
#469 = CARTESIAN_POINT('',(0.742771250019,0.351461511999));
#470 = CARTESIAN_POINT('',(0.742171402673,0.351598776319));
#471 = CARTESIAN_POINT('',(0.741572251756,0.351748495894));
#472 = CARTESIAN_POINT('',(0.740973865472,0.351910662751));
#473 = CARTESIAN_POINT('',(0.740376312872,0.352085268065));
#474 = CARTESIAN_POINT('',(0.739779663508,0.35227230218));
#475 = CARTESIAN_POINT('',(0.739183987119,0.352471754651));
#476 = CARTESIAN_POINT('',(0.738589353267,0.352683614266));
#477 = CARTESIAN_POINT('',(0.737995831032,0.352907869082));
#478 = CARTESIAN_POINT('',(0.737403488653,0.353144506457));
#479 = CARTESIAN_POINT('',(0.736812393212,0.353393513074));
#480 = CARTESIAN_POINT('',(0.735630205048,0.353891529608));
#481 = CARTESIAN_POINT('',(0.734453007301,0.354439015171));
#482 = CARTESIAN_POINT('',(0.73328135107,0.355035866588));
#483 = CARTESIAN_POINT('',(0.732115783324,0.355681962172));
#484 = CARTESIAN_POINT('',(0.73095684692,0.356377161721));
#485 = CARTESIAN_POINT('',(0.729805080574,0.357121306516));
#486 = CARTESIAN_POINT('',(0.728661018897,0.35791421933));
#487 = CARTESIAN_POINT('',(0.72752519236,0.358755704418));
#488 = CARTESIAN_POINT('',(0.72639812732,0.359645547522));
#489 = CARTESIAN_POINT('',(0.725280346004,0.360583515871));
#490 = CARTESIAN_POINT('',(0.72417236652,0.361569358178));
#491 = CARTESIAN_POINT('',(0.721956403348,0.363541033847));
#492 = CARTESIAN_POINT('',(0.719779638228,0.365704186013));
#493 = CARTESIAN_POINT('',(0.717646186169,0.36805674101));
#494 = CARTESIAN_POINT('',(0.715560074392,0.370596288915));
#495 = CARTESIAN_POINT('',(0.713525216137,0.373320027083));
#496 = CARTESIAN_POINT('',(0.711545384265,0.37622471113));
#497 = CARTESIAN_POINT('',(0.709624184684,0.379306613432));
#498 = CARTESIAN_POINT('',(0.707765029536,0.382561489057));
#499 = CARTESIAN_POINT('',(0.705971110227,0.385984549206));
#500 = CARTESIAN_POINT('',(0.704245370224,0.389570442107));
#501 = CARTESIAN_POINT('',(0.702590477673,0.393313241398));
#502 = CARTESIAN_POINT('',(0.699280695857,0.400798833268));
#503 = CARTESIAN_POINT('',(0.696254306599,0.408912136093));
#504 = CARTESIAN_POINT('',(0.693532737974,0.417605641736));
#505 = CARTESIAN_POINT('',(0.691133064999,0.426823454489));
#506 = CARTESIAN_POINT('',(0.689067626852,0.436500528068));
#507 = CARTESIAN_POINT('',(0.687343762572,0.446564620309));
#508 = CARTESIAN_POINT('',(0.685964457462,0.456939387712));
#509 = CARTESIAN_POINT('',(0.684930009496,0.467547303578));
#510 = CARTESIAN_POINT('',(0.684240142261,0.478311345368));
#511 = CARTESIAN_POINT('',(0.683895308088,0.489154658477));
#512 = CARTESIAN_POINT('',(0.683895242193,0.499997665456));
#513 = CARTESIAN_POINT('',(0.683895174543,0.510840682894));
#514 = CARTESIAN_POINT('',(0.684239765335,0.521683398126));
#515 = CARTESIAN_POINT('',(0.684929719893,0.532447766152));
#516 = CARTESIAN_POINT('',(0.685963913137,0.543055051379));
#517 = CARTESIAN_POINT('',(0.687342686552,0.553428693143));
#518 = CARTESIAN_POINT('',(0.68906625419,0.563492815461));
#519 = CARTESIAN_POINT('',(0.691131844662,0.573171486734));
#520 = CARTESIAN_POINT('',(0.693531785144,0.582391036525));
#521 = CARTESIAN_POINT('',(0.696253312286,0.591084937662));
#522 = CARTESIAN_POINT('',(0.699279473973,0.599197963355));
#523 = CARTESIAN_POINT('',(0.702589064791,0.606683530164));
#524 = CARTESIAN_POINT('',(0.703416461333,0.608554915218));
#525 = CARTESIAN_POINT('',(0.704261585047,0.61038714891));
#526 = CARTESIAN_POINT('',(0.705124027452,0.612179125555));
#527 = CARTESIAN_POINT('',(0.706003712707,0.613931420807));
#528 = CARTESIAN_POINT('',(0.706899601109,0.615640382723));
#529 = CARTESIAN_POINT('',(0.707812529871,0.617310448607));
#530 = CARTESIAN_POINT('',(0.708740492354,0.618934798323));
#531 = CARTESIAN_POINT('',(0.709684575855,0.620518072892));
#532 = CARTESIAN_POINT('',(0.710643381295,0.622056763862));
#533 = CARTESIAN_POINT('',(0.711616892836,0.623551529556));
#534 = CARTESIAN_POINT('',(0.712604537955,0.625001594971));
#535 = CARTESIAN_POINT('',(0.713592183909,0.626451669984));
#536 = CARTESIAN_POINT('',(0.714593986109,0.627857080427));
#537 = CARTESIAN_POINT('',(0.715609494372,0.629217366653));
#538 = CARTESIAN_POINT('',(0.71663825023,0.630532095435));
#539 = CARTESIAN_POINT('',(0.71767978695,0.631800859986));
#540 = CARTESIAN_POINT('',(0.718733629501,0.633023279932));
#541 = CARTESIAN_POINT('',(0.719799294596,0.634199001344));
#542 = CARTESIAN_POINT('',(0.72087629065,0.635327696706));
#543 = CARTESIAN_POINT('',(0.721964117815,0.636409064942));
#544 = CARTESIAN_POINT('',(0.723062267956,0.637442831395));
#545 = CARTESIAN_POINT('',(0.724170224664,0.638428747843));
#546 = CARTESIAN_POINT('',(0.726386138243,0.640400577819));
#547 = CARTESIAN_POINT('',(0.728641294257,0.642180949914));
#548 = CARTESIAN_POINT('',(0.730931573906,0.643767837004));
#549 = CARTESIAN_POINT('',(0.733252758121,0.645159528832));
#550 = CARTESIAN_POINT('',(0.735600544945,0.646354612985));
#551 = CARTESIAN_POINT('',(0.737970566906,0.647351955847));
#552 = CARTESIAN_POINT('',(0.740358408402,0.648150683579));
#553 = CARTESIAN_POINT('',(0.742759623072,0.648750163074));
#554 = CARTESIAN_POINT('',(0.745169751184,0.649149982931));
#555 = CARTESIAN_POINT('',(0.747584337003,0.649349934416));
#556 = CARTESIAN_POINT('',(0.749998946179,0.649349992433));
#557 = CARTESIAN_POINT('',(0.751206249792,0.649350024886));
#558 = CARTESIAN_POINT('',(0.752413555298,0.6493000892));
#559 = CARTESIAN_POINT('',(0.753620307435,0.649200185373));
#560 = CARTESIAN_POINT('',(0.754825950752,0.649050326597));
#561 = CARTESIAN_POINT('',(0.756029929631,0.648850539274));
#562 = CARTESIAN_POINT('',(0.757231688248,0.648600862986));
#563 = CARTESIAN_POINT('',(0.758430670627,0.648301350539));
#564 = CARTESIAN_POINT('',(0.759626320579,0.647952067912));
#565 = CARTESIAN_POINT('',(0.760818081758,0.647553094304));
#566 = CARTESIAN_POINT('',(0.762005397621,0.647104522101));
#567 = CARTESIAN_POINT('',(0.763187711448,0.646606456892));
#568 = CARTESIAN_POINT('',(0.764370027275,0.646108381715));
#569 = CARTESIAN_POINT('',(0.76554732455,0.645560848267));
#570 = CARTESIAN_POINT('',(0.766719064843,0.644963955884));
#571 = CARTESIAN_POINT('',(0.767884708434,0.644317804086));
#572 = CARTESIAN_POINT('',(0.7690437124,0.643622526153));
#573 = CARTESIAN_POINT('',(0.770195533019,0.642878293737));
#574 = CARTESIAN_POINT('',(0.771339630249,0.642085304739));
#575 = CARTESIAN_POINT('',(0.772475472106,0.641243766675));
#576 = CARTESIAN_POINT('',(0.773602536678,0.64035388777));
#577 = CARTESIAN_POINT('',(0.774720309602,0.639415888001));
#578 = CARTESIAN_POINT('',(0.775828274761,0.638430042335));
#579 = CARTESIAN_POINT('',(0.778044210386,0.636458341818));
#580 = CARTESIAN_POINT('',(0.78022090894,0.634295234955));
#581 = CARTESIAN_POINT('',(0.782354311759,0.631942718252));
#582 = CARTESIAN_POINT('',(0.784440419838,0.629403140621));
#583 = CARTESIAN_POINT('',(0.786475324301,0.626679274881));
#584 = CARTESIAN_POINT('',(0.788455238361,0.623774372395));
#585 = CARTESIAN_POINT('',(0.790376530886,0.620692200937));
#586 = CARTESIAN_POINT('',(0.792235761419,0.617437065663));
#587 = CARTESIAN_POINT('',(0.794029716821,0.614013813318));
#588 = CARTESIAN_POINT('',(0.795755449387,0.610427819571));
#589 = CARTESIAN_POINT('',(0.797410316536,0.606684959547));
#590 = CARTESIAN_POINT('',(0.799065180591,0.602942102167));
#591 = CARTESIAN_POINT('',(0.800649165028,0.599042398261));
#592 = CARTESIAN_POINT('',(0.802159606345,0.594991743652));
#593 = CARTESIAN_POINT('',(0.803594111834,0.590796575716));
#594 = CARTESIAN_POINT('',(0.804950572832,0.586463877002));
#595 = CARTESIAN_POINT('',(0.806227170394,0.582001159037));
#596 = CARTESIAN_POINT('',(0.807422373295,0.577416426263));
#597 = CARTESIAN_POINT('',(0.808534928494,0.572718120175));
#598 = CARTESIAN_POINT('',(0.809563843916,0.567915043587));
#599 = CARTESIAN_POINT('',(0.810508363682,0.563016265089));
#600 = CARTESIAN_POINT('',(0.811367935684,0.558031003651));
#601 = CARTESIAN_POINT('',(0.812227507144,0.553045741404));
#602 = CARTESIAN_POINT('',(0.813002125867,0.547974045702));
#603 = CARTESIAN_POINT('',(0.81369124445,0.542824989982));
#604 = CARTESIAN_POINT('',(0.814294481183,0.537608431042));
#605 = CARTESIAN_POINT('',(0.814811663852,0.532333249912));
#606 = CARTESIAN_POINT('',(0.815242686958,0.527009647332));
#607 = CARTESIAN_POINT('',(0.815587527811,0.521647012266));
#608 = CARTESIAN_POINT('',(0.815846174599,0.516254384886));
#609 = CARTESIAN_POINT('',(0.816018557731,0.510842669339));
#610 = CARTESIAN_POINT('',(0.816104762808,0.505421106145));
#611 = CARTESIAN_POINT('',(0.81610475778,0.499999679236));
#612 = ( GEOMETRIC_REPRESENTATION_CONTEXT(2) 
PARAMETRIC_REPRESENTATION_CONTEXT() REPRESENTATION_CONTEXT('2D SPACE',''
  ) );
#613 = PCURVE('',#614,#822);
#614 = ( BOUNDED_SURFACE() B_SPLINE_SURFACE(2,12,(
    (#615,#616,#617,#618,#619,#620,#621,#622,#623,#624,#625,#626,#627
      ,#628,#629,#630,#631,#632,#633,#634,#635,#636,#637,#638,#639,#640
      ,#641,#642,#643,#644,#645,#646,#647,#648,#649,#650,#651,#652,#653
      ,#654,#655,#656,#657,#658,#659,#660,#661,#662,#663,#664,#665,#666
      ,#667,#668,#669,#670,#671,#672,#673,#674,#675,#676,#677,#678,#679
      ,#680,#681,#682,#683)
    ,(#684,#685,#686,#687,#688,#689,#690,#691,#692,#693,#694,#695,#696
      ,#697,#698,#699,#700,#701,#702,#703,#704,#705,#706,#707,#708,#709
      ,#710,#711,#712,#713,#714,#715,#716,#717,#718,#719,#720,#721,#722
      ,#723,#724,#725,#726,#727,#728,#729,#730,#731,#732,#733,#734,#735
      ,#736,#737,#738,#739,#740,#741,#742,#743,#744,#745,#746,#747,#748
      ,#749,#750,#751,#752)
    ,(#753,#754,#755,#756,#757,#758,#759,#760,#761,#762,#763,#764,#765
      ,#766,#767,#768,#769,#770,#771,#772,#773,#774,#775,#776,#777,#778
      ,#779,#780,#781,#782,#783,#784,#785,#786,#787,#788,#789,#790,#791
      ,#792,#793,#794,#795,#796,#797,#798,#799,#800,#801,#802,#803,#804
      ,#805,#806,#807,#808,#809,#810,#811,#812,#813,#814,#815,#816,#817
      ,#818,#819,#820,#821
)),.UNSPECIFIED.,.F.,.T.,.F.) B_SPLINE_SURFACE_WITH_KNOTS((3,3),(13,11,
    12,11,11,11,13),(0.,62.847211821637),(-16.74673402308,
    -7.669416678156,0.,14.678699980013,23.770279374231,32.459671330191,
46.100477798548),.UNSPECIFIED.) GEOMETRIC_REPRESENTATION_ITEM() 
RATIONAL_B_SPLINE_SURFACE((
    (1.,1.,1.,1.000000000001,0.999999999998,1.000000000003
      ,0.999999999996,1.000000000003,0.999999999998,1.000000000001,1.,1.
      ,1.,1.,1.,1.,0.999999999999,1.000000000001,0.999999999999,1.,1.,1.
      ,1.,1.,1.,1.,1.000000000001,0.999999999999,1.000000000001
      ,0.999999999999,1.000000000001,0.999999999999,1.,1.,1.,1.,1.
      ,1.000000000001,0.999999999999,1.000000000002,0.999999999998
      ,1.000000000002,0.999999999999,1.,1.,1.,1.,1.,1.000000000001
      ,0.999999999998,1.000000000002,0.999999999997,1.000000000002
      ,0.999999999998,1.000000000001,1.,1.,1.,1.,1.,1.000000000001
      ,0.999999999999,1.000000000001,0.999999999999,1.000000000001,1.,1.
      ,1.,1.)
    ,(0.546118684273,0.546118691571,0.546403170258,0.546974827585
      ,0.547855327482,0.549099017639,0.550775546014,0.552940855714
      ,0.55561074661,0.55874589141,0.562251893262,0.565992671384
      ,0.573035553438,0.576314958417,0.579554529912,0.582645697241
      ,0.585476498408,0.587941133327,0.589947736422,0.591424368646
      ,0.592323228877,0.592623084721,0.59232992271,0.591475817895
      ,0.589841130341,0.58615239096,0.580613181064,0.573825199011
      ,0.566539267151,0.559793706537,0.554458464714,0.550759360123
      ,0.548357237166,0.546860731556,0.546117748979,0.5461192635
      ,0.546405200257,0.546979282061,0.54786332319,0.54911205493
      ,0.550795537085,0.552969856434,0.555650484852,0.558797276964
      ,0.562314694234,0.566065449488,0.573546091901,0.577269085351
      ,0.58092093341,0.584341909399,0.587369176791,0.589853285613
      ,0.591672205111,0.592742129178,0.593024291428,0.592527026391
      ,0.591302313665,0.586506324987,0.581997259489,0.576239242066
      ,0.569816879448,0.563342701517,0.557672929122,0.553208783123
      ,0.550119682678,0.5480489267,0.546762415246,0.546118673306
      ,0.546118684273)
    ,(1.,1.,1.,1.000000000001,0.999999999998,1.000000000003
      ,0.999999999996,1.000000000003,0.999999999998,1.000000000001,1.,1.
      ,1.,1.,1.,1.,0.999999999999,1.000000000001,0.999999999999,1.,1.,1.
      ,1.,1.,1.,1.,1.000000000001,0.999999999999,1.000000000001
      ,0.999999999999,1.000000000001,0.999999999999,1.,1.,1.,1.,1.
      ,1.000000000001,0.999999999999,1.000000000002,0.999999999998
      ,1.000000000002,0.999999999999,1.,1.,1.,1.,1.,1.000000000001
      ,0.999999999998,1.000000000002,0.999999999997,1.000000000002
      ,0.999999999998,1.000000000001,1.,1.,1.,1.,1.,1.000000000001
      ,0.999999999999,1.000000000001,0.999999999999,1.000000000001,1.,1.
,1.,1.))) REPRESENTATION_ITEM('') SURFACE() );
#615 = CARTESIAN_POINT('',(12.105263147922,-27.44927332226,60.));
#616 = CARTESIAN_POINT('',(12.105261182336,-27.44927343751,
    59.081186893299));
#617 = CARTESIAN_POINT('',(12.028283128139,-27.45387254445,
    58.162429249408));
#618 = CARTESIAN_POINT('',(11.874191836279,-27.46309701106,
    57.250924745637));
#619 = CARTESIAN_POINT('',(11.643915550187,-27.4770607129,
    56.353964189392));
#620 = CARTESIAN_POINT('',(11.338759757603,-27.49610091526,
    55.478624958129));
#621 = CARTESIAN_POINT('',(10.960629899316,-27.52062171828,
    54.631914390854));
#622 = CARTESIAN_POINT('',(10.512439085501,-27.55083531952,
    53.820859229503));
#623 = CARTESIAN_POINT('',(9.99826387541,-27.58653671127,53.052305493265
    ));
#624 = CARTESIAN_POINT('',(9.423100079188,-27.6269927933,52.332435793661
    ));
#625 = CARTESIAN_POINT('',(8.792359445571,-27.67097224472,
    51.666253720804));
#626 = CARTESIAN_POINT('',(8.111537002714,-27.71688786142,
    51.057527556834));
#627 = CARTESIAN_POINT('',(6.774410858279,-27.80190185654,
    50.047262021564));
#628 = CARTESIAN_POINT('',(6.130671075252,-27.84094643063,
    49.628187404556));
#629 = CARTESIAN_POINT('',(5.459154862482,-27.87905027604,
    49.254756931919));
#630 = CARTESIAN_POINT('',(4.763543581526,-27.91504133053,
    48.928564989335));
#631 = CARTESIAN_POINT('',(4.047540643944,-27.94773500622,
    48.650830241615));
#632 = CARTESIAN_POINT('',(3.314833715224,-27.97602506749,
    48.422465079592));
#633 = CARTESIAN_POINT('',(2.569071946254,-27.99895772558,
    48.244132032437));
#634 = CARTESIAN_POINT('',(1.813858232486,-28.01578894997,
    48.116287145228));
#635 = CARTESIAN_POINT('',(1.052756500618,-28.02602499649,
    48.039210322072));
#636 = CARTESIAN_POINT('',(0.289314022977,-28.0294461521,48.013022634385
    ));
#637 = CARTESIAN_POINT('',(-0.472901240565,-28.02611369655,
    48.03769059473));
#638 = CARTESIAN_POINT('',(-1.230248273015,-28.01636008058,48.1130173959
    ));
#639 = CARTESIAN_POINT('',(-2.679749361691,-27.99769244699,
    48.257186813396));
#640 = CARTESIAN_POINT('',(-4.11163082921,-27.95550802084,
    48.586953096667));
#641 = CARTESIAN_POINT('',(-5.500703412663,-27.89193538323,
    49.100702241809));
#642 = CARTESIAN_POINT('',(-6.821820133853,-27.81313976826,
    49.795428135241));
#643 = CARTESIAN_POINT('',(-8.049257092214,-27.72707728235,
    50.663699124416));
#644 = CARTESIAN_POINT('',(-9.156487170107,-27.64452100185,
    51.696450358995));
#645 = CARTESIAN_POINT('',(-10.11604342826,-27.57501343125,
    52.877759560202));
#646 = CARTESIAN_POINT('',(-10.90320614493,-27.52246382707,
    54.181369022221));
#647 = CARTESIAN_POINT('',(-11.50173739349,-27.48540493641,
    55.575579067538));
#648 = CARTESIAN_POINT('',(-11.90443742837,-27.46126932268,
    57.030458131234));
#649 = CARTESIAN_POINT('',(-12.10551562626,-27.44925821929,
    58.516292391165));
#650 = CARTESIAN_POINT('',(-12.1051064935,-27.44928267759,
    60.922260561603));
#651 = CARTESIAN_POINT('',(-12.0277329706,-27.45390538662,
    61.842444919214));
#652 = CARTESIAN_POINT('',(-11.87300390989,-27.46316844998,
    62.755331606285));
#653 = CARTESIAN_POINT('',(-11.64185559154,-27.47718645698,
    63.653592931444));
#654 = CARTESIAN_POINT('',(-11.33560297613,-27.49629904595,
    64.530116907902));
#655 = CARTESIAN_POINT('',(-10.95616449794,-27.5209125188,
    65.377863984388));
#656 = CARTESIAN_POINT('',(-10.50647377408,-27.55123848173,
    66.189776510538));
#657 = CARTESIAN_POINT('',(-9.990636459244,-27.58706685135,
    66.958979858988));
#658 = CARTESIAN_POINT('',(-9.413682679046,-27.62765503307,
    67.679268767139));
#659 = CARTESIAN_POINT('',(-8.781057681146,-27.67175954664,
    68.345627107783));
#660 = CARTESIAN_POINT('',(-8.098285546572,-27.7177808415,
    68.954283938088));
#661 = CARTESIAN_POINT('',(-6.676930083174,-27.80805037848,
    70.02463251288));
#662 = CARTESIAN_POINT('',(-5.942105565298,-27.85228334268,
    70.491687978862));
#663 = CARTESIAN_POINT('',(-5.172427505671,-27.89508651799,
    70.89974987648));
#664 = CARTESIAN_POINT('',(-4.373192316539,-27.93474352403,
    71.246610216961));
#665 = CARTESIAN_POINT('',(-3.549712104516,-27.96954043044,
    71.530657814157));
#666 = CARTESIAN_POINT('',(-2.707323783947,-27.99792198561,
    71.750744352518));
#667 = CARTESIAN_POINT('',(-1.851352379412,-28.01862605531,
    71.906087335595));
#668 = CARTESIAN_POINT('',(-0.987060925357,-28.03078819609,
    71.996205676574));
#669 = CARTESIAN_POINT('',(-0.119619370878,-28.03400828794,
    72.020883690781));
#670 = CARTESIAN_POINT('',(0.745875102608,-28.02837115107,
    71.980159251942));
#671 = CARTESIAN_POINT('',(1.604293942585,-28.01441307135,
    71.874331872177));
#672 = CARTESIAN_POINT('',(3.778268813739,-27.95945249488,
    71.436574349693));
#673 = CARTESIAN_POINT('',(5.075509386864,-27.90758919297,
    71.010325714885));
#674 = CARTESIAN_POINT('',(6.322554519275,-27.84086104179,
    70.426539711411));
#675 = CARTESIAN_POINT('',(7.494462429704,-27.7653845941,69.694409412403
    ));
#676 = CARTESIAN_POINT('',(8.584753378837,-27.68752080974,
    68.807772854001));
#677 = CARTESIAN_POINT('',(9.544717720828,-27.61658794949,
    67.797307971472));
#678 = CARTESIAN_POINT('',(10.386258900897,-27.55713722599,
    66.658415314086));
#679 = CARTESIAN_POINT('',(11.064748318088,-27.51252691997,
    65.423876982791));
#680 = CARTESIAN_POINT('',(11.583669664488,-27.48045914186,
    64.117647450346));
#681 = CARTESIAN_POINT('',(11.931368262731,-27.45967167245,
    62.761330643187));
#682 = CARTESIAN_POINT('',(12.10526610166,-27.44927314904,
    61.380668794531));
#683 = CARTESIAN_POINT('',(12.105263147922,-27.44927332226,60.));
#684 = CARTESIAN_POINT('',(10.,-28.37770460217,60.000000074862));
#685 = CARTESIAN_POINT('',(10.000000007082,-28.37770457946,
    59.24364087109));
#686 = CARTESIAN_POINT('',(9.937643926307,-28.38018479838,
    58.488094815958));
#687 = CARTESIAN_POINT('',(9.813070051075,-28.38513575367,
    57.738711609192));
#688 = CARTESIAN_POINT('',(9.627056808265,-28.39252917731,57.00124182833
    ));
#689 = CARTESIAN_POINT('',(9.380900152299,-28.40230332485,
    56.281112542141));
#690 = CARTESIAN_POINT('',(9.076291569418,-28.41436474321,
    55.583332651151));
#691 = CARTESIAN_POINT('',(8.715238377461,-28.42858362712,
    54.912609587135));
#692 = CARTESIAN_POINT('',(8.300036520794,-28.44477270748,
    54.273478536606));
#693 = CARTESIAN_POINT('',(7.833311033779,-28.46265093628,53.67038815373
    ));
#694 = CARTESIAN_POINT('',(7.318150124211,-28.48180379577,
    53.107749613207));
#695 = CARTESIAN_POINT('',(6.758348129225,-28.50166249984,
    52.589945812663));
#696 = CARTESIAN_POINT('',(5.658319013694,-28.53811994449,
    51.730080214395));
#697 = CARTESIAN_POINT('',(5.130357051034,-28.55469437279,
    51.373277841557));
#698 = CARTESIAN_POINT('',(4.577010138575,-28.57091723554,
    51.052647686076));
#699 = CARTESIAN_POINT('',(4.000759811582,-28.58633379461,
    50.770178167758));
#700 = CARTESIAN_POINT('',(3.404420909294,-28.6004405005,50.527795531094
    ));
#701 = CARTESIAN_POINT('',(2.791152124578,-28.61273795321,
    50.327217059284));
#702 = CARTESIAN_POINT('',(2.164445814434,-28.62277385586,
    50.169859612605));
#703 = CARTESIAN_POINT('',(1.528090399033,-28.63017788509,50.05678193808
    ));
#704 = CARTESIAN_POINT('',(0.88609416398,-28.63469063555,49.988642734314
    ));
#705 = CARTESIAN_POINT('',(0.242554876751,-28.63618867961,
    49.965660727436));
#706 = CARTESIAN_POINT('',(-0.398544452266,-28.63470737419,
    49.987567665896));
#707 = CARTESIAN_POINT('',(-1.033636735927,-28.6304624206,
    50.053550001139));
#708 = CARTESIAN_POINT('',(-2.254281101813,-28.62230363878,
    50.180367737319));
#709 = CARTESIAN_POINT('',(-3.465797070574,-28.6037545546,
    50.471973340323));
#710 = CARTESIAN_POINT('',(-4.638990449929,-28.57587015503,
    50.928304340212));
#711 = CARTESIAN_POINT('',(-5.744738977666,-28.54122196325,
    51.542251107401));
#712 = CARTESIAN_POINT('',(-6.752020220261,-28.50484614739,
    52.298720724104));
#713 = CARTESIAN_POINT('',(-7.641458623498,-28.47082415979,
    53.175226137599));
#714 = CARTESIAN_POINT('',(-8.403892799234,-28.44105190731,
    54.153158474527));
#715 = CARTESIAN_POINT('',(-9.03165218947,-28.41621956287,
    55.221566002056));
#716 = CARTESIAN_POINT('',(-9.513356772656,-28.39702237469,
    56.365732374578));
#717 = CARTESIAN_POINT('',(-9.837372684346,-28.38417977825,
    57.558690090519));
#718 = CARTESIAN_POINT('',(-10.00020204285,-28.37769659976,
    58.778567143991));
#719 = CARTESIAN_POINT('',(-9.999874639339,-28.37770955982,
    60.75919668632));
#720 = CARTESIAN_POINT('',(-9.937198370678,-28.38020252168,
    61.515913020648));
#721 = CARTESIAN_POINT('',(-9.812110313747,-28.38517388432,
    62.266429289369));
#722 = CARTESIAN_POINT('',(-9.625395056512,-28.39259519129,
    63.004965425816));
#723 = CARTESIAN_POINT('',(-9.378358160686,-28.40240421332,
    63.726068700347));
#724 = CARTESIAN_POINT('',(-9.072702386297,-28.41450678836,
    64.424709134057));
#725 = CARTESIAN_POINT('',(-8.71044715432,-28.4287721659,65.096160659557
    ));
#726 = CARTESIAN_POINT('',(-8.293901705053,-28.44501164912,
    65.735869773702));
#727 = CARTESIAN_POINT('',(-7.825707125423,-28.46294184409,
    66.339368569886));
#728 = CARTESIAN_POINT('',(-7.308972809036,-28.48214457662,
    66.902225544364));
#729 = CARTESIAN_POINT('',(-6.747521197154,-28.50204617374,
    67.42003821276));
#730 = CARTESIAN_POINT('',(-5.578973130443,-28.54072569097,
    68.330476750643));
#731 = CARTESIAN_POINT('',(-4.976427911465,-28.55949516715,
    68.72837811596));
#732 = CARTESIAN_POINT('',(-4.341923509547,-28.57770746601,
    69.079458286847));
#733 = CARTESIAN_POINT('',(-3.678861134684,-28.59472131343,
    69.380961722376));
#734 = CARTESIAN_POINT('',(-2.991247695835,-28.60981683442,
    69.63021627938));
#735 = CARTESIAN_POINT('',(-2.28385711725,-28.62226269855,69.82479448927
    ));
#736 = CARTESIAN_POINT('',(-1.562131265368,-28.63141031382,
    69.962726664237));
#737 = CARTESIAN_POINT('',(-0.831936999457,-28.63679007479,
    70.042714876274));
#738 = CARTESIAN_POINT('',(-9.926868584277E-02,-28.63818693625,
    70.064296169106));
#739 = CARTESIAN_POINT('',(0.630037109052,-28.63567255552,
    70.027894522042));
#740 = CARTESIAN_POINT('',(1.350522758768,-28.62956869049,69.93468358357
    ));
#741 = CARTESIAN_POINT('',(3.175681612741,-28.60566182174,
    69.551090580989));
#742 = CARTESIAN_POINT('',(4.269507273876,-28.58298476726,
    69.175273077051));
#743 = CARTESIAN_POINT('',(5.315938231931,-28.55389717723,68.66132086231
    ));
#744 = CARTESIAN_POINT('',(6.288215525158,-28.52139428325,
    68.021263088918));
#745 = CARTESIAN_POINT('',(7.177402139876,-28.48846524048,
    67.260348166076));
#746 = CARTESIAN_POINT('',(7.947248079438,-28.45890591325,
    66.409594242594));
#747 = CARTESIAN_POINT('',(8.618644832882,-28.43254734148,
    65.468823741052));
#748 = CARTESIAN_POINT('',(9.161333811023,-28.41102269558,
    64.455583230188));
#749 = CARTESIAN_POINT('',(9.578932875816,-28.39444904869,
    63.383428236455));
#750 = CARTESIAN_POINT('',(9.85922538421,-28.38330182858,62.270518268069
    ));
#751 = CARTESIAN_POINT('',(9.999999989359,-28.37770463631,
    61.136607893256));
#752 = CARTESIAN_POINT('',(10.,-28.37770460217,60.000000074862));
#753 = CARTESIAN_POINT('',(10.,-26.07680965364,60.));
#754 = CARTESIAN_POINT('',(9.999999864861,-26.07680968091,
    59.235942534473));
#755 = CARTESIAN_POINT('',(9.936334867586,-26.08102588526,
    58.471894528271));
#756 = CARTESIAN_POINT('',(9.808912217481,-26.0894793943,57.713675773332
    ));
#757 = CARTESIAN_POINT('',(9.618478858068,-26.10225923075,
    56.967194227412));
#758 = CARTESIAN_POINT('',(9.366191658625,-26.11962965684,
    56.238206947584));
#759 = CARTESIAN_POINT('',(9.053746213391,-26.14190130074,55.53240937968
    ));
#760 = CARTESIAN_POINT('',(8.683620302697,-26.16921799871,
    54.855504980703));
#761 = CARTESIAN_POINT('',(8.259162143585,-26.20136875143,
    54.213078371775));
#762 = CARTESIAN_POINT('',(7.784427632866,-26.2376916594,53.610264668754
    ));
#763 = CARTESIAN_POINT('',(7.26384485835,-26.2770941669,53.051377089158)
  );
#764 = CARTESIAN_POINT('',(6.701958229583,-26.31817141019,
    52.539824384313));
#765 = CARTESIAN_POINT('',(5.598192814147,-26.39416376171,
    51.689316172793));
#766 = CARTESIAN_POINT('',(5.06672497079,-26.42903920187,51.335876201191
    ));
#767 = CARTESIAN_POINT('',(4.512224774212,-26.46306095809,
    51.020356110243));
#768 = CARTESIAN_POINT('',(3.937695214647,-26.49519179925,
    50.744265459619));
#769 = CARTESIAN_POINT('',(3.346164271215,-26.52438015076,
    50.508814242192));
#770 = CARTESIAN_POINT('',(2.740664003287,-26.54964112393,
    50.314952565144));
#771 = CARTESIAN_POINT('',(2.124217082502,-26.57012298018,
    50.163402209758));
#772 = CARTESIAN_POINT('',(1.499830765712,-26.58515903011,
    50.054680070122));
#773 = CARTESIAN_POINT('',(0.87049830852,-26.59430496724,49.989113470549
    ));
#774 = CARTESIAN_POINT('',(0.23920781977,-26.5973616367,49.966847361836)
  );
#775 = CARTESIAN_POINT('',(-0.391041443354,-26.59438323864,
    49.987843396327));
#776 = CARTESIAN_POINT('',(-1.017215339332,-26.58567096648,
    50.051870881747));
#777 = CARTESIAN_POINT('',(-2.215661770555,-26.56899637956,
    50.174414334764));
#778 = CARTESIAN_POINT('',(-3.399318965655,-26.53131638748,
    50.45460959394));
#779 = CARTESIAN_POINT('',(-4.547142527881,-26.47455406684,
    50.890775471553));
#780 = CARTESIAN_POINT('',(-5.637947452287,-26.40419691197,
    51.479086657401));
#781 = CARTESIAN_POINT('',(-6.650854868024,-26.32742512916,
    52.212223213194));
#782 = CARTESIAN_POINT('',(-7.564212871294,-26.25371776365,
    53.08071065631));
#783 = CARTESIAN_POINT('',(-8.355821982627,-26.19134894826,
    54.069900352576));
#784 = CARTESIAN_POINT('',(-9.005929936934,-26.14376776046,
    55.158140482957));
#785 = CARTESIAN_POINT('',(-9.500959616449,-26.1099180709,
    56.319899258952));
#786 = CARTESIAN_POINT('',(-9.833889213861,-26.08780846558,
    57.530532214511));
#787 = CARTESIAN_POINT('',(-10.00020642434,-26.07679593515,
    58.766142184167));
#788 = CARTESIAN_POINT('',(-9.999871920169,-26.07681815141,
    60.766924662911));
#789 = CARTESIAN_POINT('',(-9.935879699138,-26.08105600355,
    61.532159416128));
#790 = CARTESIAN_POINT('',(-9.807930029397,-26.08954482233,
    62.291528245102));
#791 = CARTESIAN_POINT('',(-9.616775836573,-26.10237420477,
    63.039094755871));
#792 = CARTESIAN_POINT('',(-9.363582224034,-26.1198102755,
    63.769073931504));
#793 = CARTESIAN_POINT('',(-9.05005650187,-26.14216530413,
    64.475743233089));
#794 = CARTESIAN_POINT('',(-8.678693774662,-26.16958240281,
    65.153373260473));
#795 = CARTESIAN_POINT('',(-8.2528655811,-26.20184607649,65.796355825075
    ));
#796 = CARTESIAN_POINT('',(-7.776654954367,-26.23828616682,
    66.39953679034));
#797 = CARTESIAN_POINT('',(-7.254517151397,-26.27779949785,
    66.958590539684));
#798 = CARTESIAN_POINT('',(-6.691021175199,-26.31897030012,
    67.470102434748));
#799 = CARTESIAN_POINT('',(-5.517723800787,-26.39965911535,
    68.371225346226));
#800 = CARTESIAN_POINT('',(-4.911073501017,-26.4391650634,
    68.765243514701));
#801 = CARTESIAN_POINT('',(-4.275472627628,-26.47737751342,
    69.110228836415));
#802 = CARTESIAN_POINT('',(-3.615260636152,-26.51277906959,
    69.404070504667));
#803 = CARTESIAN_POINT('',(-2.934818289048,-26.54384801513,
    69.64513154046));
#804 = CARTESIAN_POINT('',(-2.238557742437,-26.56919662626,
    69.832177578557));
#805 = CARTESIAN_POINT('',(-1.530895215092,-26.58769342054,
    69.964327231553));
#806 = CARTESIAN_POINT('',(-0.816221020238,-26.59856044678,
    70.041020656986));
#807 = CARTESIAN_POINT('',(-9.88817413309E-02,-26.60143672372,
    70.06200295402));
#808 = CARTESIAN_POINT('',(0.616810667895,-26.59639893509,
    70.027319014644));
#809 = CARTESIAN_POINT('',(1.326528077827,-26.58393048796,
    69.937316455749));
#810 = CARTESIAN_POINT('',(3.123581623503,-26.53484572438,
    69.565557655955));
#811 = CARTESIAN_POINT('',(4.195605739612,-26.48853284203,
    69.203868646964));
#812 = CARTESIAN_POINT('',(5.225810880365,-26.42895346096,
    68.709336854793));
#813 = CARTESIAN_POINT('',(6.192795285016,-26.36158674976,
    68.090440110005));
#814 = CARTESIAN_POINT('',(7.092698112967,-26.29207660012,
    67.344095458267));
#815 = CARTESIAN_POINT('',(7.884322988586,-26.22862789859,
    66.495557168806));
#816 = CARTESIAN_POINT('',(8.579317564185,-26.17514473328,
    65.542858386017));
#817 = CARTESIAN_POINT('',(9.139394545856,-26.13468449877,
    64.513028098154));
#818 = CARTESIAN_POINT('',(9.568712619124,-26.10539350945,63.42485672037
    ));
#819 = CARTESIAN_POINT('',(9.856170920474,-26.08634146152,
    62.296309854038));
#820 = CARTESIAN_POINT('',(10.000000203078,-26.07680961267,
    61.148171804541));
#821 = CARTESIAN_POINT('',(10.,-26.07680965364,60.));
#822 = DEFINITIONAL_REPRESENTATION('',(#823),#827);
#823 = LINE('',#824,#825);
#824 = CARTESIAN_POINT('',(0.,0.));
#825 = VECTOR('',#826,1.);
#826 = DIRECTION('',(0.,1.));
#827 = ( GEOMETRIC_REPRESENTATION_CONTEXT(2) 
PARAMETRIC_REPRESENTATION_CONTEXT() REPRESENTATION_CONTEXT('2D SPACE',''
  ) );
#828 = ADVANCED_FACE('',(#829),#185,.T.);
#829 = FACE_BOUND('',#830,.T.);
#830 = EDGE_LOOP('',(#831,#852,#898,#899));
#831 = ORIENTED_EDGE('',*,*,#832,.T.);
#832 = EDGE_CURVE('',#40,#833,#835,.T.);
#833 = VERTEX_POINT('',#834);
#834 = CARTESIAN_POINT('',(18.323922845174,4.560121333421E-13,20.));
#835 = SEAM_CURVE('',#836,(#840,#846),.PCURVE_S1.);
#836 = ( BOUNDED_CURVE() B_SPLINE_CURVE(2,(#837,#838,#839),
.UNSPECIFIED.,.F.,.F.) B_SPLINE_CURVE_WITH_KNOTS((3,3),(0.,
125.66370614595),.PIECEWISE_BEZIER_KNOTS.) CURVE() 
GEOMETRIC_REPRESENTATION_ITEM() RATIONAL_B_SPLINE_CURVE((1.,
0.685509140269,1.)) REPRESENTATION_ITEM('') );
#837 = CARTESIAN_POINT('',(19.821206468368,-8.755721646309E-15,
    21.590231655822));
#838 = CARTESIAN_POINT('',(19.917039504423,-4.320155344573E-13,20.));
#839 = CARTESIAN_POINT('',(18.323922845174,4.560121333421E-13,20.));
#840 = PCURVE('',#185,#841);
#841 = DEFINITIONAL_REPRESENTATION('',(#842),#845);
#842 = B_SPLINE_CURVE_WITH_KNOTS('',1,(#843,#844),.UNSPECIFIED.,.F.,.F.,
  (2,2),(0.,125.66370614595),.PIECEWISE_BEZIER_KNOTS.);
#843 = CARTESIAN_POINT('',(0.,-4.672998429845E-15));
#844 = CARTESIAN_POINT('',(125.66370614595,-4.672998429845E-15));
#845 = ( GEOMETRIC_REPRESENTATION_CONTEXT(2) 
PARAMETRIC_REPRESENTATION_CONTEXT() REPRESENTATION_CONTEXT('2D SPACE',''
  ) );
#846 = PCURVE('',#185,#847);
#847 = DEFINITIONAL_REPRESENTATION('',(#848),#851);
#848 = B_SPLINE_CURVE_WITH_KNOTS('',1,(#849,#850),.UNSPECIFIED.,.F.,.F.,
  (2,2),(0.,125.66370614595),.PIECEWISE_BEZIER_KNOTS.);
#849 = CARTESIAN_POINT('',(0.,125.66370614595));
#850 = CARTESIAN_POINT('',(125.66370614595,125.66370614595));
#851 = ( GEOMETRIC_REPRESENTATION_CONTEXT(2) 
PARAMETRIC_REPRESENTATION_CONTEXT() REPRESENTATION_CONTEXT('2D SPACE',''
  ) );
#852 = ORIENTED_EDGE('',*,*,#853,.T.);
#853 = EDGE_CURVE('',#833,#833,#854,.T.);
#854 = SURFACE_CURVE('',#855,(#869,#876),.PCURVE_S1.);
#855 = ( BOUNDED_CURVE() B_SPLINE_CURVE(12,(#856,#857,#858,#859,#860,
    #861,#862,#863,#864,#865,#866,#867,#868),.UNSPECIFIED.,.T.,.F.) 
B_SPLINE_CURVE_WITH_KNOTS((13,13),(-4.672998429845E-15,125.66370614595),
.PIECEWISE_BEZIER_KNOTS.) CURVE() GEOMETRIC_REPRESENTATION_ITEM() 
RATIONAL_B_SPLINE_CURVE((1.,1.,1.,1.,0.999999999999,1.000000000001,
    0.999999999999,1.000000000001,0.999999999999,1.,1.,1.,1.)) 
REPRESENTATION_ITEM('') );
#856 = CARTESIAN_POINT('',(18.323922845174,4.560121333421E-13,20.));
#857 = CARTESIAN_POINT('',(18.323922845177,9.594383651822,20.));
#858 = CARTESIAN_POINT('',(12.843593744422,19.188568947366,20.));
#859 = CARTESIAN_POINT('',(1.883293863685,25.341211343012,20.));
#860 = CARTESIAN_POINT('',(-12.15524785545,24.598612704849,
    20.000000000001));
#861 = CARTESIAN_POINT('',(-24.45489447207,15.44014020895,
    19.999999999999));
#862 = CARTESIAN_POINT('',(-29.52918223168,3.652616403782E-10,
    20.000000000001));
#863 = CARTESIAN_POINT('',(-24.45489447208,-15.44014020957,
    19.999999999999));
#864 = CARTESIAN_POINT('',(-12.15524785544,-24.59861270447,20.));
#865 = CARTESIAN_POINT('',(1.883293863672,-25.34121134316,20.));
#866 = CARTESIAN_POINT('',(12.843593744429,-19.18856894732,20.));
#867 = CARTESIAN_POINT('',(18.323922845176,-9.594383651824,20.));
#868 = CARTESIAN_POINT('',(18.323922845174,4.560121333421E-13,20.));
#869 = PCURVE('',#185,#870);
#870 = DEFINITIONAL_REPRESENTATION('',(#871),#875);
#871 = LINE('',#872,#873);
#872 = CARTESIAN_POINT('',(125.66370614595,0.));
#873 = VECTOR('',#874,1.);
#874 = DIRECTION('',(0.,1.));
#875 = ( GEOMETRIC_REPRESENTATION_CONTEXT(2) 
PARAMETRIC_REPRESENTATION_CONTEXT() REPRESENTATION_CONTEXT('2D SPACE',''
  ) );
#876 = PCURVE('',#877,#882);
#877 = PLANE('',#878);
#878 = AXIS2_PLACEMENT_3D('',#879,#880,#881);
#879 = CARTESIAN_POINT('',(20.,-1.101815365161E-14,20.));
#880 = DIRECTION('',(-8.88178419759E-17,-1.113740511619E-16,-1.));
#881 = DIRECTION('',(-1.,3.864761437783E-16,8.88178419759E-17));
#882 = DEFINITIONAL_REPRESENTATION('',(#883),#897);
#883 = B_SPLINE_CURVE_WITH_KNOTS('',12,(#884,#885,#886,#887,#888,#889,
    #890,#891,#892,#893,#894,#895,#896),.UNSPECIFIED.,.F.,.F.,(13,13),(
    -4.672998429845E-15,125.66370614595),.PIECEWISE_BEZIER_KNOTS.);
#884 = CARTESIAN_POINT('',(1.676077154826,-8.432021852789E-13));
#885 = CARTESIAN_POINT('',(1.676077154823,9.594383651822));
#886 = CARTESIAN_POINT('',(7.156406255576,19.188568947364));
#887 = CARTESIAN_POINT('',(18.116706136323,25.341211343021));
#888 = CARTESIAN_POINT('',(32.155247855435,24.59861270483));
#889 = CARTESIAN_POINT('',(44.454894472127,15.440140208972));
#890 = CARTESIAN_POINT('',(49.529182231627,3.541344995028E-10));
#891 = CARTESIAN_POINT('',(44.454894472142,-15.44014020957));
#892 = CARTESIAN_POINT('',(32.155247855415,-24.59861270446));
#893 = CARTESIAN_POINT('',(18.116706136337,-25.34121134317));
#894 = CARTESIAN_POINT('',(7.15640625557,-19.18856894732));
#895 = CARTESIAN_POINT('',(1.676077154824,-9.594383651824));
#896 = CARTESIAN_POINT('',(1.676077154826,-7.750050476037E-13));
#897 = ( GEOMETRIC_REPRESENTATION_CONTEXT(2) 
PARAMETRIC_REPRESENTATION_CONTEXT() REPRESENTATION_CONTEXT('2D SPACE',''
  ) );
#898 = ORIENTED_EDGE('',*,*,#832,.F.);
#899 = ORIENTED_EDGE('',*,*,#142,.F.);
#900 = ADVANCED_FACE('',(#901),#276,.F.);
#901 = FACE_BOUND('',#902,.F.);
#902 = EDGE_LOOP('',(#903,#924,#970,#971));
#903 = ORIENTED_EDGE('',*,*,#904,.T.);
#904 = EDGE_CURVE('',#42,#905,#907,.T.);
#905 = VERTEX_POINT('',#906);
#906 = CARTESIAN_POINT('',(18.323922845174,4.560121333421E-13,100.));
#907 = SEAM_CURVE('',#908,(#912,#918),.PCURVE_S1.);
#908 = ( BOUNDED_CURVE() B_SPLINE_CURVE(2,(#909,#910,#911),
.UNSPECIFIED.,.F.,.F.) B_SPLINE_CURVE_WITH_KNOTS((3,3),(0.,
125.66370614595),.PIECEWISE_BEZIER_KNOTS.) CURVE() 
GEOMETRIC_REPRESENTATION_ITEM() RATIONAL_B_SPLINE_CURVE((1.,
0.685509140269,1.)) REPRESENTATION_ITEM('') );
#909 = CARTESIAN_POINT('',(19.821206468368,-8.755721646309E-15,
    98.409768344178));
#910 = CARTESIAN_POINT('',(19.917039504423,-4.671957265501E-13,100.));
#911 = CARTESIAN_POINT('',(18.323922845174,4.560121333421E-13,100.));
#912 = PCURVE('',#276,#913);
#913 = DEFINITIONAL_REPRESENTATION('',(#914),#917);
#914 = B_SPLINE_CURVE_WITH_KNOTS('',1,(#915,#916),.UNSPECIFIED.,.F.,.F.,
  (2,2),(0.,125.66370614595),.PIECEWISE_BEZIER_KNOTS.);
#915 = CARTESIAN_POINT('',(0.,-4.672998429822E-15));
#916 = CARTESIAN_POINT('',(125.66370614595,-4.672998429822E-15));
#917 = ( GEOMETRIC_REPRESENTATION_CONTEXT(2) 
PARAMETRIC_REPRESENTATION_CONTEXT() REPRESENTATION_CONTEXT('2D SPACE',''
  ) );
#918 = PCURVE('',#276,#919);
#919 = DEFINITIONAL_REPRESENTATION('',(#920),#923);
#920 = B_SPLINE_CURVE_WITH_KNOTS('',1,(#921,#922),.UNSPECIFIED.,.F.,.F.,
  (2,2),(0.,125.66370614595),.PIECEWISE_BEZIER_KNOTS.);
#921 = CARTESIAN_POINT('',(0.,125.66370614595));
#922 = CARTESIAN_POINT('',(125.66370614595,125.66370614595));
#923 = ( GEOMETRIC_REPRESENTATION_CONTEXT(2) 
PARAMETRIC_REPRESENTATION_CONTEXT() REPRESENTATION_CONTEXT('2D SPACE',''
  ) );
#924 = ORIENTED_EDGE('',*,*,#925,.T.);
#925 = EDGE_CURVE('',#905,#905,#926,.T.);
#926 = SURFACE_CURVE('',#927,(#941,#948),.PCURVE_S1.);
#927 = ( BOUNDED_CURVE() B_SPLINE_CURVE(12,(#928,#929,#930,#931,#932,
    #933,#934,#935,#936,#937,#938,#939,#940),.UNSPECIFIED.,.T.,.F.) 
B_SPLINE_CURVE_WITH_KNOTS((13,13),(-4.672998429822E-15,125.66370614595),
.PIECEWISE_BEZIER_KNOTS.) CURVE() GEOMETRIC_REPRESENTATION_ITEM() 
RATIONAL_B_SPLINE_CURVE((1.,1.,1.,1.,0.999999999999,1.000000000001,
    0.999999999999,1.000000000001,0.999999999999,1.,1.,1.,1.)) 
REPRESENTATION_ITEM('') );
#928 = CARTESIAN_POINT('',(18.323922845174,4.560121333421E-13,100.));
#929 = CARTESIAN_POINT('',(18.323922845177,9.594383651822,100.));
#930 = CARTESIAN_POINT('',(12.843593744423,19.188568947364,100.));
#931 = CARTESIAN_POINT('',(1.883293863684,25.341211343017,100.));
#932 = CARTESIAN_POINT('',(-12.15524785545,24.598612704838,100.));
#933 = CARTESIAN_POINT('',(-24.45489447207,15.440140208966,
    99.999999999999));
#934 = CARTESIAN_POINT('',(-29.5291822317,3.449987379112E-10,100.));
#935 = CARTESIAN_POINT('',(-24.45489447207,-15.44014020955,100.));
#936 = CARTESIAN_POINT('',(-12.15524785545,-24.59861270448,100.));
#937 = CARTESIAN_POINT('',(1.88329386368,-25.34121134315,100.));
#938 = CARTESIAN_POINT('',(12.843593744426,-19.18856894733,100.));
#939 = CARTESIAN_POINT('',(18.323922845176,-9.594383651824,100.));
#940 = CARTESIAN_POINT('',(18.323922845174,4.560121333421E-13,100.));
#941 = PCURVE('',#276,#942);
#942 = DEFINITIONAL_REPRESENTATION('',(#943),#947);
#943 = LINE('',#944,#945);
#944 = CARTESIAN_POINT('',(125.66370614595,0.));
#945 = VECTOR('',#946,1.);
#946 = DIRECTION('',(0.,1.));
#947 = ( GEOMETRIC_REPRESENTATION_CONTEXT(2) 
PARAMETRIC_REPRESENTATION_CONTEXT() REPRESENTATION_CONTEXT('2D SPACE',''
  ) );
#948 = PCURVE('',#949,#954);
#949 = PLANE('',#950);
#950 = AXIS2_PLACEMENT_3D('',#951,#952,#953);
#951 = CARTESIAN_POINT('',(20.,-1.101815365161E-14,100.));
#952 = DIRECTION('',(-2.816698683188E-31,-7.288156665122E-16,-1.));
#953 = DIRECTION('',(-1.,3.864761437783E-16,0.));
#954 = DEFINITIONAL_REPRESENTATION('',(#955),#969);
#955 = B_SPLINE_CURVE_WITH_KNOTS('',12,(#956,#957,#958,#959,#960,#961,
    #962,#963,#964,#965,#966,#967,#968),.UNSPECIFIED.,.F.,.F.,(13,13),(
    -4.672998429822E-15,125.66370614595),.PIECEWISE_BEZIER_KNOTS.);
#956 = CARTESIAN_POINT('',(1.676077154826,-8.572914316687E-13));
#957 = CARTESIAN_POINT('',(1.676077154824,9.594383651822));
#958 = CARTESIAN_POINT('',(7.156406255573,19.188568947364));
#959 = CARTESIAN_POINT('',(18.11670613633,25.341211343018));
#960 = CARTESIAN_POINT('',(32.155247855423,24.598612704836));
#961 = CARTESIAN_POINT('',(44.454894472139,15.440140208962));
#962 = CARTESIAN_POINT('',(49.529182231617,3.664837322503E-10));
#963 = CARTESIAN_POINT('',(44.454894472147,-15.44014020958));
#964 = CARTESIAN_POINT('',(32.155247855413,-24.59861270445));
#965 = CARTESIAN_POINT('',(18.116706136338,-25.34121134317));
#966 = CARTESIAN_POINT('',(7.156406255569,-19.18856894732));
#967 = CARTESIAN_POINT('',(1.676077154824,-9.594383651825));
#968 = CARTESIAN_POINT('',(1.676077154826,-7.748834392783E-13));
#969 = ( GEOMETRIC_REPRESENTATION_CONTEXT(2) 
PARAMETRIC_REPRESENTATION_CONTEXT() REPRESENTATION_CONTEXT('2D SPACE',''
  ) );
#970 = ORIENTED_EDGE('',*,*,#904,.F.);
#971 = ORIENTED_EDGE('',*,*,#233,.F.);
#972 = ADVANCED_FACE('',(#973),#614,.T.);
#973 = FACE_BOUND('',#974,.T.);
#974 = EDGE_LOOP('',(#975,#996,#1185,#1186));
#975 = ORIENTED_EDGE('',*,*,#976,.T.);
#976 = EDGE_CURVE('',#326,#977,#979,.T.);
#977 = VERTEX_POINT('',#978);
#978 = CARTESIAN_POINT('',(10.,-26.07680965364,60.));
#979 = SEAM_CURVE('',#980,(#984,#990),.PCURVE_S1.);
#980 = ( BOUNDED_CURVE() B_SPLINE_CURVE(2,(#981,#982,#983),
.UNSPECIFIED.,.F.,.F.) B_SPLINE_CURVE_WITH_KNOTS((3,3),(0.,
62.847211821637),.PIECEWISE_BEZIER_KNOTS.) CURVE() 
GEOMETRIC_REPRESENTATION_ITEM() RATIONAL_B_SPLINE_CURVE((1.,
0.546118684273,1.)) REPRESENTATION_ITEM('') );
#981 = CARTESIAN_POINT('',(12.105263147922,-27.44927332226,60.));
#982 = CARTESIAN_POINT('',(10.,-28.37770460217,60.000000074862));
#983 = CARTESIAN_POINT('',(10.,-26.07680965364,60.));
#984 = PCURVE('',#614,#985);
#985 = DEFINITIONAL_REPRESENTATION('',(#986),#989);
#986 = B_SPLINE_CURVE_WITH_KNOTS('',1,(#987,#988),.UNSPECIFIED.,.F.,.F.,
  (2,2),(0.,62.847211821637),.PIECEWISE_BEZIER_KNOTS.);
#987 = CARTESIAN_POINT('',(0.,-16.74673402308));
#988 = CARTESIAN_POINT('',(62.847211821637,-16.74673402308));
#989 = ( GEOMETRIC_REPRESENTATION_CONTEXT(2) 
PARAMETRIC_REPRESENTATION_CONTEXT() REPRESENTATION_CONTEXT('2D SPACE',''
  ) );
#990 = PCURVE('',#614,#991);
#991 = DEFINITIONAL_REPRESENTATION('',(#992),#995);
#992 = B_SPLINE_CURVE_WITH_KNOTS('',1,(#993,#994),.UNSPECIFIED.,.F.,.F.,
  (2,2),(0.,62.847211821637),.PIECEWISE_BEZIER_KNOTS.);
#993 = CARTESIAN_POINT('',(0.,46.100477798548));
#994 = CARTESIAN_POINT('',(62.847211821637,46.100477798548));
#995 = ( GEOMETRIC_REPRESENTATION_CONTEXT(2) 
PARAMETRIC_REPRESENTATION_CONTEXT() REPRESENTATION_CONTEXT('2D SPACE',''
  ) );
#996 = ORIENTED_EDGE('',*,*,#997,.T.);
#997 = EDGE_CURVE('',#977,#977,#998,.T.);
#998 = SURFACE_CURVE('',#999,(#1069,#1076),.PCURVE_S1.);
#999 = ( BOUNDED_CURVE() B_SPLINE_CURVE(12,(#1000,#1001,#1002,#1003,
    #1004,#1005,#1006,#1007,#1008,#1009,#1010,#1011,#1012,#1013,#1014,
    #1015,#1016,#1017,#1018,#1019,#1020,#1021,#1022,#1023,#1024,#1025,
    #1026,#1027,#1028,#1029,#1030,#1031,#1032,#1033,#1034,#1035,#1036,
    #1037,#1038,#1039,#1040,#1041,#1042,#1043,#1044,#1045,#1046,#1047,
    #1048,#1049,#1050,#1051,#1052,#1053,#1054,#1055,#1056,#1057,#1058,
    #1059,#1060,#1061,#1062,#1063,#1064,#1065,#1066,#1067,#1068),
.UNSPECIFIED.,.T.,.F.) B_SPLINE_CURVE_WITH_KNOTS((13,11,12,11,11,11,13),
  (-16.74673402308,-7.669416678156,0.,14.678699980013,23.770279374231,
32.459671330191,46.100477798548),.UNSPECIFIED.) CURVE() 
GEOMETRIC_REPRESENTATION_ITEM() RATIONAL_B_SPLINE_CURVE((1.,1.,1.,
    1.000000000001,0.999999999998,1.000000000003,0.999999999996,
    1.000000000003,0.999999999998,1.000000000001,1.,1.,1.,1.,1.,1.,
    0.999999999999,1.000000000001,0.999999999999,1.,1.,1.,1.,1.,1.,1.,
    1.000000000001,0.999999999999,1.000000000001,0.999999999999,
    1.000000000001,0.999999999999,1.,1.,1.,1.,1.,1.000000000001,
    0.999999999999,1.000000000002,0.999999999998,1.000000000002,
    0.999999999999,1.,1.,1.,1.,1.,1.000000000001,0.999999999998,
    1.000000000002,0.999999999997,1.000000000002,0.999999999998,
    1.000000000001,1.,1.,1.,1.,1.,1.000000000001,0.999999999999,
    1.000000000001,0.999999999999,1.000000000001,1.,1.,1.,1.)) 
REPRESENTATION_ITEM('') );
#1000 = CARTESIAN_POINT('',(10.,-26.07680965364,60.));
#1001 = CARTESIAN_POINT('',(9.999999864861,-26.07680968091,
    59.235942534473));
#1002 = CARTESIAN_POINT('',(9.936334867586,-26.08102588526,
    58.471894528271));
#1003 = CARTESIAN_POINT('',(9.808912217481,-26.0894793943,
    57.713675773332));
#1004 = CARTESIAN_POINT('',(9.618478858068,-26.10225923075,
    56.967194227412));
#1005 = CARTESIAN_POINT('',(9.366191658625,-26.11962965684,
    56.238206947584));
#1006 = CARTESIAN_POINT('',(9.053746213391,-26.14190130074,
    55.53240937968));
#1007 = CARTESIAN_POINT('',(8.683620302697,-26.16921799871,
    54.855504980703));
#1008 = CARTESIAN_POINT('',(8.259162143585,-26.20136875143,
    54.213078371775));
#1009 = CARTESIAN_POINT('',(7.784427632866,-26.2376916594,
    53.610264668754));
#1010 = CARTESIAN_POINT('',(7.26384485835,-26.2770941669,53.051377089158
    ));
#1011 = CARTESIAN_POINT('',(6.701958229583,-26.31817141019,
    52.539824384313));
#1012 = CARTESIAN_POINT('',(5.598192814147,-26.39416376171,
    51.689316172793));
#1013 = CARTESIAN_POINT('',(5.06672497079,-26.42903920187,
    51.335876201191));
#1014 = CARTESIAN_POINT('',(4.512224774212,-26.46306095809,
    51.020356110243));
#1015 = CARTESIAN_POINT('',(3.937695214647,-26.49519179925,
    50.744265459619));
#1016 = CARTESIAN_POINT('',(3.346164271215,-26.52438015076,
    50.508814242192));
#1017 = CARTESIAN_POINT('',(2.740664003287,-26.54964112393,
    50.314952565144));
#1018 = CARTESIAN_POINT('',(2.124217082502,-26.57012298018,
    50.163402209758));
#1019 = CARTESIAN_POINT('',(1.499830765712,-26.58515903011,
    50.054680070122));
#1020 = CARTESIAN_POINT('',(0.87049830852,-26.59430496724,
    49.989113470549));
#1021 = CARTESIAN_POINT('',(0.23920781977,-26.5973616367,49.966847361836
    ));
#1022 = CARTESIAN_POINT('',(-0.391041443354,-26.59438323864,
    49.987843396327));
#1023 = CARTESIAN_POINT('',(-1.017215339332,-26.58567096648,
    50.051870881747));
#1024 = CARTESIAN_POINT('',(-2.215661770555,-26.56899637956,
    50.174414334764));
#1025 = CARTESIAN_POINT('',(-3.399318965655,-26.53131638748,
    50.45460959394));
#1026 = CARTESIAN_POINT('',(-4.547142527881,-26.47455406684,
    50.890775471553));
#1027 = CARTESIAN_POINT('',(-5.637947452287,-26.40419691197,
    51.479086657401));
#1028 = CARTESIAN_POINT('',(-6.650854868024,-26.32742512916,
    52.212223213194));
#1029 = CARTESIAN_POINT('',(-7.564212871294,-26.25371776365,
    53.08071065631));
#1030 = CARTESIAN_POINT('',(-8.355821982627,-26.19134894826,
    54.069900352576));
#1031 = CARTESIAN_POINT('',(-9.005929936934,-26.14376776046,
    55.158140482957));
#1032 = CARTESIAN_POINT('',(-9.500959616449,-26.1099180709,
    56.319899258952));
#1033 = CARTESIAN_POINT('',(-9.833889213861,-26.08780846558,
    57.530532214511));
#1034 = CARTESIAN_POINT('',(-10.00020642434,-26.07679593515,
    58.766142184167));
#1035 = CARTESIAN_POINT('',(-9.999871920169,-26.07681815141,
    60.766924662911));
#1036 = CARTESIAN_POINT('',(-9.935879699138,-26.08105600355,
    61.532159416128));
#1037 = CARTESIAN_POINT('',(-9.807930029397,-26.08954482233,
    62.291528245102));
#1038 = CARTESIAN_POINT('',(-9.616775836573,-26.10237420477,
    63.039094755871));
#1039 = CARTESIAN_POINT('',(-9.363582224034,-26.1198102755,
    63.769073931504));
#1040 = CARTESIAN_POINT('',(-9.05005650187,-26.14216530413,
    64.475743233089));
#1041 = CARTESIAN_POINT('',(-8.678693774662,-26.16958240281,
    65.153373260473));
#1042 = CARTESIAN_POINT('',(-8.2528655811,-26.20184607649,
    65.796355825075));
#1043 = CARTESIAN_POINT('',(-7.776654954367,-26.23828616682,
    66.39953679034));
#1044 = CARTESIAN_POINT('',(-7.254517151397,-26.27779949785,
    66.958590539684));
#1045 = CARTESIAN_POINT('',(-6.691021175199,-26.31897030012,
    67.470102434748));
#1046 = CARTESIAN_POINT('',(-5.517723800787,-26.39965911535,
    68.371225346226));
#1047 = CARTESIAN_POINT('',(-4.911073501017,-26.4391650634,
    68.765243514701));
#1048 = CARTESIAN_POINT('',(-4.275472627628,-26.47737751342,
    69.110228836415));
#1049 = CARTESIAN_POINT('',(-3.615260636152,-26.51277906959,
    69.404070504667));
#1050 = CARTESIAN_POINT('',(-2.934818289048,-26.54384801513,
    69.64513154046));
#1051 = CARTESIAN_POINT('',(-2.238557742437,-26.56919662626,
    69.832177578557));
#1052 = CARTESIAN_POINT('',(-1.530895215092,-26.58769342054,
    69.964327231553));
#1053 = CARTESIAN_POINT('',(-0.816221020238,-26.59856044678,
    70.041020656986));
#1054 = CARTESIAN_POINT('',(-9.88817413309E-02,-26.60143672372,
    70.06200295402));
#1055 = CARTESIAN_POINT('',(0.616810667895,-26.59639893509,
    70.027319014644));
#1056 = CARTESIAN_POINT('',(1.326528077827,-26.58393048796,
    69.937316455749));
#1057 = CARTESIAN_POINT('',(3.123581623503,-26.53484572438,
    69.565557655955));
#1058 = CARTESIAN_POINT('',(4.195605739612,-26.48853284203,
    69.203868646964));
#1059 = CARTESIAN_POINT('',(5.225810880365,-26.42895346096,
    68.709336854793));
#1060 = CARTESIAN_POINT('',(6.192795285016,-26.36158674976,
    68.090440110005));
#1061 = CARTESIAN_POINT('',(7.092698112967,-26.29207660012,
    67.344095458267));
#1062 = CARTESIAN_POINT('',(7.884322988586,-26.22862789859,
    66.495557168806));
#1063 = CARTESIAN_POINT('',(8.579317564185,-26.17514473328,
    65.542858386017));
#1064 = CARTESIAN_POINT('',(9.139394545856,-26.13468449877,
    64.513028098154));
#1065 = CARTESIAN_POINT('',(9.568712619124,-26.10539350945,
    63.42485672037));
#1066 = CARTESIAN_POINT('',(9.856170920474,-26.08634146152,
    62.296309854038));
#1067 = CARTESIAN_POINT('',(10.000000203078,-26.07680961267,
    61.148171804541));
#1068 = CARTESIAN_POINT('',(10.,-26.07680965364,60.));
#1069 = PCURVE('',#614,#1070);
#1070 = DEFINITIONAL_REPRESENTATION('',(#1071),#1075);
#1071 = LINE('',#1072,#1073);
#1072 = CARTESIAN_POINT('',(62.847211821637,0.));
#1073 = VECTOR('',#1074,1.);
#1074 = DIRECTION('',(0.,1.));
#1075 = ( GEOMETRIC_REPRESENTATION_CONTEXT(2) 
PARAMETRIC_REPRESENTATION_CONTEXT() REPRESENTATION_CONTEXT('2D SPACE',''
  ) );
#1076 = PCURVE('',#1077,#1082);
#1077 = CYLINDRICAL_SURFACE('',#1078,10.);
#1078 = AXIS2_PLACEMENT_3D('',#1079,#1080,#1081);
#1079 = CARTESIAN_POINT('',(3.673940397442E-15,-6.748919021978E-31,60.)
  );
#1080 = DIRECTION('',(1.836970198721E-16,1.,-0.));
#1081 = DIRECTION('',(1.,-1.836970198721E-16,0.));
#1082 = DEFINITIONAL_REPRESENTATION('',(#1083),#1184);
#1083 = B_SPLINE_CURVE_WITH_KNOTS('',11,(#1084,#1085,#1086,#1087,#1088,
    #1089,#1090,#1091,#1092,#1093,#1094,#1095,#1096,#1097,#1098,#1099,
    #1100,#1101,#1102,#1103,#1104,#1105,#1106,#1107,#1108,#1109,#1110,
    #1111,#1112,#1113,#1114,#1115,#1116,#1117,#1118,#1119,#1120,#1121,
    #1122,#1123,#1124,#1125,#1126,#1127,#1128,#1129,#1130,#1131,#1132,
    #1133,#1134,#1135,#1136,#1137,#1138,#1139,#1140,#1141,#1142,#1143,
    #1144,#1145,#1146,#1147,#1148,#1149,#1150,#1151,#1152,#1153,#1154,
    #1155,#1156,#1157,#1158,#1159,#1160,#1161,#1162,#1163,#1164,#1165,
    #1166,#1167,#1168,#1169,#1170,#1171,#1172,#1173,#1174,#1175,#1176,
    #1177,#1178,#1179,#1180,#1181,#1182,#1183),.UNSPECIFIED.,.F.,.F.,(12
    ,11,11,11,11,11,11,11,11,12),(-16.74673402308,-8.890832545385,
    -1.03493106768,6.820970410025,14.676871887729,22.532773365434,
    30.388674843139,34.316625581991,38.244576320843,46.100477798548),
  .UNSPECIFIED.);
#1084 = CARTESIAN_POINT('',(-6.283185130309,-26.07680965364));
#1085 = CARTESIAN_POINT('',(-6.211048953739,-26.07680967003));
#1086 = CARTESIAN_POINT('',(-6.138914709757,-26.08059921412));
#1087 = CARTESIAN_POINT('',(-6.066776835939,-26.0881963153));
#1088 = CARTESIAN_POINT('',(-5.994645702594,-26.09967662887));
#1089 = CARTESIAN_POINT('',(-5.922520345603,-26.11526201016));
#1090 = CARTESIAN_POINT('',(-5.850403082241,-26.13521147757));
#1091 = CARTESIAN_POINT('',(-5.778317164664,-26.15964641683));
#1092 = CARTESIAN_POINT('',(-5.706307023387,-26.18840207516));
#1093 = CARTESIAN_POINT('',(-5.634419051735,-26.22095759294));
#1094 = CARTESIAN_POINT('',(-5.562679279938,-26.25645701744));
#1095 = CARTESIAN_POINT('',(-5.491102686016,-26.29379394125));
#1096 = CARTESIAN_POINT('',(-5.419526695509,-26.33112928735));
#1097 = CARTESIAN_POINT('',(-5.348111122236,-26.37031151361));
#1098 = CARTESIAN_POINT('',(-5.276875517134,-26.41020495862));
#1099 = CARTESIAN_POINT('',(-5.205836095264,-26.44948414567));
#1100 = CARTESIAN_POINT('',(-5.134988044308,-26.48661901268));
#1101 = CARTESIAN_POINT('',(-5.064310466071,-26.5200381797));
#1102 = CARTESIAN_POINT('',(-4.993775746731,-26.54832150913));
#1103 = CARTESIAN_POINT('',(-4.923353638329,-26.5703361436));
#1104 = CARTESIAN_POINT('',(-4.853008822067,-26.58529314731));
#1105 = CARTESIAN_POINT('',(-4.782699210783,-26.59276480611));
#1106 = CARTESIAN_POINT('',(-4.712390735819,-26.59276558125));
#1107 = CARTESIAN_POINT('',(-4.642082876493,-26.59276715869));
#1108 = CARTESIAN_POINT('',(-4.571767283608,-26.58528079877));
#1109 = CARTESIAN_POINT('',(-4.501454631,-26.57036097374));
#1110 = CARTESIAN_POINT('',(-4.430977176376,-26.54833446938));
#1111 = CARTESIAN_POINT('',(-4.360513768592,-26.51999455067));
#1112 = CARTESIAN_POINT('',(-4.289776986912,-26.48666246002));
#1113 = CARTESIAN_POINT('',(-4.218964948095,-26.44946932871));
#1114 = CARTESIAN_POINT('',(-4.147906551231,-26.41023105645));
#1115 = CARTESIAN_POINT('',(-4.076679905011,-26.37030812348));
#1116 = CARTESIAN_POINT('',(-4.005263334355,-26.33113677049));
#1117 = CARTESIAN_POINT('',(-3.933685160046,-26.29379887531));
#1118 = CARTESIAN_POINT('',(-3.862106868306,-26.25645951247));
#1119 = CARTESIAN_POINT('',(-3.790365385003,-26.22096735817));
#1120 = CARTESIAN_POINT('',(-3.718480660538,-26.18840384064));
#1121 = CARTESIAN_POINT('',(-3.646481292754,-26.15964958798));
#1122 = CARTESIAN_POINT('',(-3.574403092424,-26.13522258028));
#1123 = CARTESIAN_POINT('',(-3.502282474225,-26.11527231592));
#1124 = CARTESIAN_POINT('',(-3.430148217569,-26.09967748089));
#1125 = CARTESIAN_POINT('',(-3.358015141169,-26.08819460457));
#1126 = CARTESIAN_POINT('',(-3.285883235715,-26.08060519137));
#1127 = CARTESIAN_POINT('',(-3.213745798616,-26.07680881241));
#1128 = CARTESIAN_POINT('',(-3.141610115065,-26.07680964499));
#1129 = CARTESIAN_POINT('',(-3.069474462431,-26.07680882203));
#1130 = CARTESIAN_POINT('',(-2.99734008343,-26.08059742075));
#1131 = CARTESIAN_POINT('',(-2.925202463906,-26.0881937234));
#1132 = CARTESIAN_POINT('',(-2.853071604907,-26.09967309214));
#1133 = CARTESIAN_POINT('',(-2.780946348796,-26.11525736095));
#1134 = CARTESIAN_POINT('',(-2.708829142265,-26.13520571313));
#1135 = CARTESIAN_POINT('',(-2.636743368754,-26.15963961865));
#1136 = CARTESIAN_POINT('',(-2.564733394966,-26.18839426952));
#1137 = CARTESIAN_POINT('',(-2.49284548842,-26.22094880519));
#1138 = CARTESIAN_POINT('',(-2.421105775214,-26.25644748493));
#1139 = CARTESIAN_POINT('',(-2.349529419395,-26.29378381885));
#1140 = CARTESIAN_POINT('',(-2.277952944374,-26.33111980003));
#1141 = CARTESIAN_POINT('',(-2.206541881008,-26.37029501442));
#1142 = CARTESIAN_POINT('',(-2.135297155418,-26.41020035853));
#1143 = CARTESIAN_POINT('',(-2.064266099872,-26.44947822363));
#1144 = CARTESIAN_POINT('',(-1.993425534562,-26.48660139475));
#1145 = CARTESIAN_POINT('',(-1.922743870949,-26.52001881972));
#1146 = CARTESIAN_POINT('',(-1.852205441995,-26.54831402239));
#1147 = CARTESIAN_POINT('',(-1.781783560128,-26.57033703166));
#1148 = CARTESIAN_POINT('',(-1.711431468018,-26.58528932925));
#1149 = CARTESIAN_POINT('',(-1.64112237899,-26.59276346202));
#1150 = CARTESIAN_POINT('',(-1.57081120441,-26.59276464015));
#1151 = CARTESIAN_POINT('',(-1.53565544048,-26.59276507512));
#1152 = CARTESIAN_POINT('',(-1.500501882226,-26.59089717325));
#1153 = CARTESIAN_POINT('',(-1.465334419493,-26.58716052422));
#1154 = CARTESIAN_POINT('',(-1.430176708291,-26.58157941172));
#1155 = CARTESIAN_POINT('',(-1.394979193647,-26.57420922417));
#1156 = CARTESIAN_POINT('',(-1.359774739295,-26.56511556712));
#1157 = CARTESIAN_POINT('',(-1.324561272262,-26.55439801918));
#1158 = CARTESIAN_POINT('',(-1.289296524118,-26.54218162108));
#1159 = CARTESIAN_POINT('',(-1.254016796172,-26.5285905801));
#1160 = CARTESIAN_POINT('',(-1.218698095636,-26.51378549913));
#1161 = CARTESIAN_POINT('',(-1.183343386405,-26.49792289803));
#1162 = CARTESIAN_POINT('',(-1.147988406005,-26.48206046684));
#1163 = CARTESIAN_POINT('',(-1.112596863755,-26.46514170931));
#1164 = CARTESIAN_POINT('',(-1.077164531873,-26.447327628));
#1165 = CARTESIAN_POINT('',(-1.041688375821,-26.42879076202));
#1166 = CARTESIAN_POINT('',(-1.006166452018,-26.40971103166));
#1167 = CARTESIAN_POINT('',(-0.970597805489,-26.39027158111));
#1168 = CARTESIAN_POINT('',(-0.934982367614,-26.37065462394));
#1169 = CARTESIAN_POINT('',(-0.899320853754,-26.35103728524));
#1170 = CARTESIAN_POINT('',(-0.863614660997,-26.33158744709));
#1171 = CARTESIAN_POINT('',(-0.827865765811,-26.31245959133));
#1172 = CARTESIAN_POINT('',(-0.792076621753,-26.29379064408));
#1173 = CARTESIAN_POINT('',(-0.720498489864,-26.25645293141));
#1174 = CARTESIAN_POINT('',(-0.648757159506,-26.2209559115));
#1175 = CARTESIAN_POINT('',(-0.576877183071,-26.18840041382));
#1176 = CARTESIAN_POINT('',(-0.504875509751,-26.15964804686));
#1177 = CARTESIAN_POINT('',(-0.432791773279,-26.13521657778));
#1178 = CARTESIAN_POINT('',(-0.360671083039,-26.11526564569));
#1179 = CARTESIAN_POINT('',(-0.288541559252,-26.09967540668));
#1180 = CARTESIAN_POINT('',(-0.216409019951,-26.08819370987));
#1181 = CARTESIAN_POINT('',(-0.14427139438,-26.08060039659));
#1182 = CARTESIAN_POINT('',(-7.213560449355E-02,-26.07681031727));
#1183 = CARTESIAN_POINT('',(1.768703422056E-07,-26.07680965364));
#1184 = ( GEOMETRIC_REPRESENTATION_CONTEXT(2) 
PARAMETRIC_REPRESENTATION_CONTEXT() REPRESENTATION_CONTEXT('2D SPACE',''
  ) );
#1185 = ORIENTED_EDGE('',*,*,#976,.F.);
#1186 = ORIENTED_EDGE('',*,*,#325,.F.);
#1187 = ADVANCED_FACE('',(#1188,#1273),#877,.T.);
#1188 = FACE_BOUND('',#1189,.T.);
#1189 = EDGE_LOOP('',(#1190));
#1190 = ORIENTED_EDGE('',*,*,#1191,.T.);
#1191 = EDGE_CURVE('',#1192,#1192,#1194,.T.);
#1192 = VERTEX_POINT('',#1193);
#1193 = CARTESIAN_POINT('',(16.330504778931,-4.744895989522E-13,20.));
#1194 = SURFACE_CURVE('',#1195,(#1209,#1226),.PCURVE_S1.);
#1195 = ( BOUNDED_CURVE() B_SPLINE_CURVE(12,(#1196,#1197,#1198,#1199,
    #1200,#1201,#1202,#1203,#1204,#1205,#1206,#1207,#1208),
.UNSPECIFIED.,.T.,.F.) B_SPLINE_CURVE_WITH_KNOTS((13,13),(
4.006224121437E-14,94.247779609468),.PIECEWISE_BEZIER_KNOTS.) CURVE() 
GEOMETRIC_REPRESENTATION_ITEM() RATIONAL_B_SPLINE_CURVE((1.,1.,
    1.000000000001,0.999999999998,1.000000000003,0.999999999995,
    1.000000000005,0.999999999995,1.000000000003,0.999999999998,
1.000000000001,1.,1.)) REPRESENTATION_ITEM('') );
#1196 = CARTESIAN_POINT('',(16.330504778931,-4.744895989522E-13,20.));
#1197 = CARTESIAN_POINT('',(16.330504778939,8.550632238937,20.));
#1198 = CARTESIAN_POINT('',(11.446368187063,17.101088870161,20.));
#1199 = CARTESIAN_POINT('',(1.678415318297,22.584395765677,20.));
#1200 = CARTESIAN_POINT('',(-10.83290863363,21.922589627082,
    19.999999999999));
#1201 = CARTESIAN_POINT('',(-21.79449645619,13.760438696959,
    20.000000000001));
#1202 = CARTESIAN_POINT('',(-26.31677620394,2.162284622187E-10,
    19.999999999998));
#1203 = CARTESIAN_POINT('',(-21.7944964562,-13.76043869732,
    20.000000000002));
#1204 = CARTESIAN_POINT('',(-10.83290863362,-21.92258962686,
    19.999999999999));
#1205 = CARTESIAN_POINT('',(1.678415318291,-22.58439576576,
    20.000000000001));
#1206 = CARTESIAN_POINT('',(11.446368187065,-17.10108887014,20.));
#1207 = CARTESIAN_POINT('',(16.330504778939,-8.550632238937,20.));
#1208 = CARTESIAN_POINT('',(16.330504778931,-4.744895989522E-13,20.));
#1209 = PCURVE('',#877,#1210);
#1210 = DEFINITIONAL_REPRESENTATION('',(#1211),#1225);
#1211 = B_SPLINE_CURVE_WITH_KNOTS('',12,(#1212,#1213,#1214,#1215,#1216,
    #1217,#1218,#1219,#1220,#1221,#1222,#1223,#1224),.UNSPECIFIED.,.F.,
  .F.,(13,13),(4.006224121437E-14,94.247779609468),
  .PIECEWISE_BEZIER_KNOTS.);
#1212 = CARTESIAN_POINT('',(3.669495221069,-4.290206678625E-13));
#1213 = CARTESIAN_POINT('',(3.669495221061,8.550632238936));
#1214 = CARTESIAN_POINT('',(8.553631812943,17.101088870172));
#1215 = CARTESIAN_POINT('',(18.321584681672,22.584395765639));
#1216 = CARTESIAN_POINT('',(30.83290863373,21.92258962715));
#1217 = CARTESIAN_POINT('',(41.794496455999,13.760438696897));
#1218 = CARTESIAN_POINT('',(46.316776204188,2.146194333363E-10));
#1219 = CARTESIAN_POINT('',(41.794496456,-13.76043869726));
#1220 = CARTESIAN_POINT('',(30.832908633729,-21.92258962693));
#1221 = CARTESIAN_POINT('',(18.321584681673,-22.58439576572));
#1222 = CARTESIAN_POINT('',(8.553631812943,-17.10108887015));
#1223 = CARTESIAN_POINT('',(3.66949522106,-8.550632238936));
#1224 = CARTESIAN_POINT('',(3.669495221069,-3.934935310745E-13));
#1225 = ( GEOMETRIC_REPRESENTATION_CONTEXT(2) 
PARAMETRIC_REPRESENTATION_CONTEXT() REPRESENTATION_CONTEXT('2D SPACE',''
  ) );
#1226 = PCURVE('',#1227,#1267);
#1227 = ( BOUNDED_SURFACE() B_SPLINE_SURFACE(2,12,(
    (#1228,#1229,#1230,#1231,#1232,#1233,#1234,#1235,#1236,#1237,#1238
      ,#1239,#1240)
    ,(#1241,#1242,#1243,#1244,#1245,#1246,#1247,#1248,#1249,#1250,#1251
      ,#1252,#1253)
    ,(#1254,#1255,#1256,#1257,#1258,#1259,#1260,#1261,#1262,#1263,#1264
      ,#1265,#1266
)),.UNSPECIFIED.,.F.,.F.,.F.) B_SPLINE_SURFACE_WITH_KNOTS((3,3),(13,13),
  (0.,94.247779609468),(4.006224121437E-14,94.247779609468),
.PIECEWISE_BEZIER_KNOTS.) GEOMETRIC_REPRESENTATION_ITEM() 
RATIONAL_B_SPLINE_SURFACE((
    (1.,1.,1.000000000001,0.999999999998,1.000000000003,0.999999999995
      ,1.000000000005,0.999999999995,1.000000000003,0.999999999998
      ,1.000000000001,1.,1.)
    ,(0.732370036108,0.732370036108,0.732370035391,0.732370040361
      ,0.73237002373,0.732370058484,0.732370009027,0.732370058484
      ,0.732370023731,0.73237004036,0.732370035391,0.732370036108
      ,0.732370036108)
    ,(1.,1.,1.000000000001,0.999999999998,1.000000000003,0.999999999995
      ,1.000000000005,0.999999999995,1.000000000003,0.999999999998
,1.000000000001,1.,1.))) REPRESENTATION_ITEM('') SURFACE() );
#1228 = CARTESIAN_POINT('',(16.330504778931,-4.744895989522E-13,20.));
#1229 = CARTESIAN_POINT('',(16.330504778939,8.550632238937,20.));
#1230 = CARTESIAN_POINT('',(11.446368187063,17.101088870161,20.));
#1231 = CARTESIAN_POINT('',(1.678415318297,22.584395765677,20.));
#1232 = CARTESIAN_POINT('',(-10.83290863363,21.922589627082,
    19.999999999999));
#1233 = CARTESIAN_POINT('',(-21.79449645619,13.760438696959,
    20.000000000001));
#1234 = CARTESIAN_POINT('',(-26.31677620394,2.162284622187E-10,
    19.999999999998));
#1235 = CARTESIAN_POINT('',(-21.7944964562,-13.76043869732,
    20.000000000002));
#1236 = CARTESIAN_POINT('',(-10.83290863362,-21.92258962686,
    19.999999999999));
#1237 = CARTESIAN_POINT('',(1.678415318291,-22.58439576576,
    20.000000000001));
#1238 = CARTESIAN_POINT('',(11.446368187065,-17.10108887014,20.));
#1239 = CARTESIAN_POINT('',(16.330504778939,-8.550632238937,20.));
#1240 = CARTESIAN_POINT('',(16.330504778931,-4.744895989522E-13,20.));
#1241 = CARTESIAN_POINT('',(14.935908856585,1.09690034833E-13,20.));
#1242 = CARTESIAN_POINT('',(14.935908856592,7.820423593047,20.));
#1243 = CARTESIAN_POINT('',(10.468868848091,15.640686053945,20.));
#1244 = CARTESIAN_POINT('',(1.535081300785,20.655729813061,20.));
#1245 = CARTESIAN_POINT('',(-9.907796504044,20.050437985163,
    19.999999999999));
#1246 = CARTESIAN_POINT('',(-19.93328738782,12.58532314481,
    20.000000000001));
#1247 = CARTESIAN_POINT('',(-24.0693681804,5.524795898548E-11,20.));
#1248 = CARTESIAN_POINT('',(-19.93328738786,-12.58532314491,20.));
#1249 = CARTESIAN_POINT('',(-9.907796504008,-20.05043798508,20.));
#1250 = CARTESIAN_POINT('',(1.53508130077,-20.65572981309,20.));
#1251 = CARTESIAN_POINT('',(10.468868848094,-15.64068605393,20.));
#1252 = CARTESIAN_POINT('',(14.935908856592,-7.820423593047,20.));
#1253 = CARTESIAN_POINT('',(14.935908856585,2.234323837058E-14,20.));
#1254 = CARTESIAN_POINT('',(14.834477469144,-2.44800932713E-15,
    21.390902390632));
#1255 = CARTESIAN_POINT('',(14.834477469151,7.767314247977,
    21.390902390632));
#1256 = CARTESIAN_POINT('',(10.397773609913,15.534468406397,
    21.390902393788));
#1257 = CARTESIAN_POINT('',(1.524656388287,20.5154546804,21.390902371939
    ));
#1258 = CARTESIAN_POINT('',(-9.840511366823,19.914272843089,
    21.390902445036));
#1259 = CARTESIAN_POINT('',(-19.79791893379,12.499855294918,
    21.390902292292));
#1260 = CARTESIAN_POINT('',(-23.90590950591,1.54432959476E-11,
    21.39090250965));
#1261 = CARTESIAN_POINT('',(-19.79791893379,-12.49985529494,
    21.390902292295));
#1262 = CARTESIAN_POINT('',(-9.840511366823,-19.91427284308,
    21.390902445032));
#1263 = CARTESIAN_POINT('',(1.524656388287,-20.51545468039,
    21.390902371942));
#1264 = CARTESIAN_POINT('',(10.397773609913,-15.5344684064,
    21.390902393787));
#1265 = CARTESIAN_POINT('',(14.834477469151,-7.767314247976,
    21.390902390632));
#1266 = CARTESIAN_POINT('',(14.834477469144,9.769962616701E-15,
    21.390902390632));
#1267 = DEFINITIONAL_REPRESENTATION('',(#1268),#1272);
#1268 = LINE('',#1269,#1270);
#1269 = CARTESIAN_POINT('',(0.,0.));
#1270 = VECTOR('',#1271,1.);
#1271 = DIRECTION('',(0.,1.));
#1272 = ( GEOMETRIC_REPRESENTATION_CONTEXT(2) 
PARAMETRIC_REPRESENTATION_CONTEXT() REPRESENTATION_CONTEXT('2D SPACE',''
  ) );
#1273 = FACE_BOUND('',#1274,.T.);
#1274 = EDGE_LOOP('',(#1275));
#1275 = ORIENTED_EDGE('',*,*,#853,.F.);
#1276 = ADVANCED_FACE('',(#1277,#1362),#949,.F.);
#1277 = FACE_BOUND('',#1278,.F.);
#1278 = EDGE_LOOP('',(#1279));
#1279 = ORIENTED_EDGE('',*,*,#1280,.T.);
#1280 = EDGE_CURVE('',#1281,#1281,#1283,.T.);
#1281 = VERTEX_POINT('',#1282);
#1282 = CARTESIAN_POINT('',(16.330504778931,-4.744895989522E-13,100.));
#1283 = SURFACE_CURVE('',#1284,(#1298,#1315),.PCURVE_S1.);
#1284 = ( BOUNDED_CURVE() B_SPLINE_CURVE(12,(#1285,#1286,#1287,#1288,
    #1289,#1290,#1291,#1292,#1293,#1294,#1295,#1296,#1297),
.UNSPECIFIED.,.T.,.F.) B_SPLINE_CURVE_WITH_KNOTS((13,13),(
4.00622412143E-14,94.247779609468),.PIECEWISE_BEZIER_KNOTS.) CURVE() 
GEOMETRIC_REPRESENTATION_ITEM() RATIONAL_B_SPLINE_CURVE((1.,1.,
    1.000000000001,0.999999999998,1.000000000003,0.999999999995,
    1.000000000005,0.999999999995,1.000000000003,0.999999999998,
1.000000000001,1.,1.)) REPRESENTATION_ITEM('') );
#1285 = CARTESIAN_POINT('',(16.330504778931,-4.744895989522E-13,100.));
#1286 = CARTESIAN_POINT('',(16.330504778939,8.550632238937,100.));
#1287 = CARTESIAN_POINT('',(11.446368187064,17.101088870163,100.));
#1288 = CARTESIAN_POINT('',(1.678415318295,22.584395765672,100.));
#1289 = CARTESIAN_POINT('',(-10.83290863362,21.922589627089,100.));
#1290 = CARTESIAN_POINT('',(-21.79449645619,13.76043869695,
    99.999999999999));
#1291 = CARTESIAN_POINT('',(-26.31677620394,2.22861378657E-10,100.));
#1292 = CARTESIAN_POINT('',(-21.79449645619,-13.76043869733,
    99.999999999999));
#1293 = CARTESIAN_POINT('',(-10.83290863362,-21.92258962686,100.));
#1294 = CARTESIAN_POINT('',(1.678415318296,-22.58439576576,100.));
#1295 = CARTESIAN_POINT('',(11.446368187063,-17.10108887014,100.));
#1296 = CARTESIAN_POINT('',(16.330504778939,-8.550632238938,100.));
#1297 = CARTESIAN_POINT('',(16.330504778931,-4.744895989522E-13,100.));
#1298 = PCURVE('',#949,#1299);
#1299 = DEFINITIONAL_REPRESENTATION('',(#1300),#1314);
#1300 = B_SPLINE_CURVE_WITH_KNOTS('',12,(#1301,#1302,#1303,#1304,#1305,
    #1306,#1307,#1308,#1309,#1310,#1311,#1312,#1313),.UNSPECIFIED.,.F.,
  .F.,(13,13),(4.00622412143E-14,94.247779609468),
  .PIECEWISE_BEZIER_KNOTS.);
#1301 = CARTESIAN_POINT('',(3.669495221068,-4.246967608465E-13));
#1302 = CARTESIAN_POINT('',(3.66949522106,8.550632238936));
#1303 = CARTESIAN_POINT('',(8.553631812945,17.101088870172));
#1304 = CARTESIAN_POINT('',(18.321584681665,22.584395765639));
#1305 = CARTESIAN_POINT('',(30.832908633745,21.92258962715));
#1306 = CARTESIAN_POINT('',(41.794496455976,13.760438696898));
#1307 = CARTESIAN_POINT('',(46.316776204216,2.114717290169E-10));
#1308 = CARTESIAN_POINT('',(41.794496455973,-13.76043869725));
#1309 = CARTESIAN_POINT('',(30.832908633749,-21.92258962693));
#1310 = CARTESIAN_POINT('',(18.321584681661,-22.58439576572));
#1311 = CARTESIAN_POINT('',(8.553631812948,-17.10108887015));
#1312 = CARTESIAN_POINT('',(3.669495221059,-8.550632238936));
#1313 = CARTESIAN_POINT('',(3.669495221069,-4.246967608465E-13));
#1314 = ( GEOMETRIC_REPRESENTATION_CONTEXT(2) 
PARAMETRIC_REPRESENTATION_CONTEXT() REPRESENTATION_CONTEXT('2D SPACE',''
  ) );
#1315 = PCURVE('',#1316,#1356);
#1316 = ( BOUNDED_SURFACE() B_SPLINE_SURFACE(2,12,(
    (#1317,#1318,#1319,#1320,#1321,#1322,#1323,#1324,#1325,#1326,#1327
      ,#1328,#1329)
    ,(#1330,#1331,#1332,#1333,#1334,#1335,#1336,#1337,#1338,#1339,#1340
      ,#1341,#1342)
    ,(#1343,#1344,#1345,#1346,#1347,#1348,#1349,#1350,#1351,#1352,#1353
      ,#1354,#1355
)),.UNSPECIFIED.,.F.,.F.,.F.) B_SPLINE_SURFACE_WITH_KNOTS((3,3),(13,13),
  (0.,94.247779609468),(4.00622412143E-14,94.247779609468),
.PIECEWISE_BEZIER_KNOTS.) GEOMETRIC_REPRESENTATION_ITEM() 
RATIONAL_B_SPLINE_SURFACE((
    (1.,1.,1.000000000001,0.999999999998,1.000000000003,0.999999999995
      ,1.000000000005,0.999999999995,1.000000000003,0.999999999998
      ,1.000000000001,1.,1.)
    ,(0.732370036108,0.732370036108,0.732370035392,0.732370040357
      ,0.732370023736,0.732370058478,0.732370009032,0.732370058481
      ,0.732370023731,0.732370040361,0.732370035391,0.732370036108
      ,0.732370036108)
    ,(1.,1.,1.000000000001,0.999999999998,1.000000000003,0.999999999995
      ,1.000000000005,0.999999999995,1.000000000003,0.999999999998
,1.000000000001,1.,1.))) REPRESENTATION_ITEM('') SURFACE() );
#1317 = CARTESIAN_POINT('',(16.330504778931,-4.744895989522E-13,100.));
#1318 = CARTESIAN_POINT('',(16.330504778939,8.550632238937,100.));
#1319 = CARTESIAN_POINT('',(11.446368187064,17.101088870163,100.));
#1320 = CARTESIAN_POINT('',(1.678415318295,22.584395765672,100.));
#1321 = CARTESIAN_POINT('',(-10.83290863362,21.922589627089,100.));
#1322 = CARTESIAN_POINT('',(-21.79449645619,13.76043869695,
    99.999999999999));
#1323 = CARTESIAN_POINT('',(-26.31677620394,2.22861378657E-10,100.));
#1324 = CARTESIAN_POINT('',(-21.79449645619,-13.76043869733,
    99.999999999999));
#1325 = CARTESIAN_POINT('',(-10.83290863362,-21.92258962686,100.));
#1326 = CARTESIAN_POINT('',(1.678415318296,-22.58439576576,100.));
#1327 = CARTESIAN_POINT('',(11.446368187063,-17.10108887014,100.));
#1328 = CARTESIAN_POINT('',(16.330504778939,-8.550632238938,100.));
#1329 = CARTESIAN_POINT('',(16.330504778931,-4.744895989522E-13,100.));
#1330 = CARTESIAN_POINT('',(14.935908856585,9.196809980239E-14,100.));
#1331 = CARTESIAN_POINT('',(14.935908856591,7.820423593051,100.));
#1332 = CARTESIAN_POINT('',(10.468868848108,15.640686053912,100.));
#1333 = CARTESIAN_POINT('',(1.535081300703,20.655729813173,
    99.999999999999));
#1334 = CARTESIAN_POINT('',(-9.907796503824,20.050437984975,100.));
#1335 = CARTESIAN_POINT('',(-19.93328738815,12.585323144966,
    99.999999999998));
#1336 = CARTESIAN_POINT('',(-24.06936818013,9.878643042471E-12,100.));
#1337 = CARTESIAN_POINT('',(-19.93328738795,-12.58532314491,
    99.999999999998));
#1338 = CARTESIAN_POINT('',(-9.907796504024,-20.0504379851,100.));
#1339 = CARTESIAN_POINT('',(1.535081300794,-20.65572981307,
    99.999999999999));
#1340 = CARTESIAN_POINT('',(10.468868848086,-15.64068605394,100.));
#1341 = CARTESIAN_POINT('',(14.935908856594,-7.820423593046,100.));
#1342 = CARTESIAN_POINT('',(14.935908856585,2.403632848313E-14,100.));
#1343 = CARTESIAN_POINT('',(14.834477469144,-2.448009327131E-15,
    98.609097609368));
#1344 = CARTESIAN_POINT('',(14.834477469148,7.767314247963,
    98.609097609367));
#1345 = CARTESIAN_POINT('',(10.397773609926,15.53446840642,
    98.609097606219));
#1346 = CARTESIAN_POINT('',(1.524656388251,20.515454680429,
    98.609097628044));
#1347 = CARTESIAN_POINT('',(-9.84051136676,19.914272842856,
    98.609097554993));
#1348 = CARTESIAN_POINT('',(-19.79791893386,12.499855295513,
    98.609097707674));
#1349 = CARTESIAN_POINT('',(-23.90590950586,-9.151438669364E-10,
    98.609097490378));
#1350 = CARTESIAN_POINT('',(-19.7979189338,-12.49985529394,
    98.609097707691));
#1351 = CARTESIAN_POINT('',(-9.840511366837,-19.91427284383,
    98.609097554971));
#1352 = CARTESIAN_POINT('',(1.524656388302,-20.51545468,98.60909762806)
  );
#1353 = CARTESIAN_POINT('',(10.397773609906,-15.53446840652,
    98.609097606212));
#1354 = CARTESIAN_POINT('',(14.834477469152,-7.767314247957,
    98.609097609368));
#1355 = CARTESIAN_POINT('',(14.834477469144,9.769962616701E-15,
    98.609097609368));
#1356 = DEFINITIONAL_REPRESENTATION('',(#1357),#1361);
#1357 = LINE('',#1358,#1359);
#1358 = CARTESIAN_POINT('',(0.,0.));
#1359 = VECTOR('',#1360,1.);
#1360 = DIRECTION('',(0.,1.));
#1361 = ( GEOMETRIC_REPRESENTATION_CONTEXT(2) 
PARAMETRIC_REPRESENTATION_CONTEXT() REPRESENTATION_CONTEXT('2D SPACE',''
  ) );
#1362 = FACE_BOUND('',#1363,.F.);
#1363 = EDGE_LOOP('',(#1364));
#1364 = ORIENTED_EDGE('',*,*,#925,.F.);
#1365 = ADVANCED_FACE('',(#1366),#1077,.F.);
#1366 = FACE_BOUND('',#1367,.T.);
#1367 = EDGE_LOOP('',(#1368,#1391,#1759,#1760));
#1368 = ORIENTED_EDGE('',*,*,#1369,.F.);
#1369 = EDGE_CURVE('',#1370,#977,#1372,.T.);
#1370 = VERTEX_POINT('',#1371);
#1371 = CARTESIAN_POINT('',(10.,-23.87467280568,60.));
#1372 = SEAM_CURVE('',#1373,(#1377,#1384),.PCURVE_S1.);
#1373 = LINE('',#1374,#1375);
#1374 = CARTESIAN_POINT('',(10.,-1.836970198721E-15,60.));
#1375 = VECTOR('',#1376,1.);
#1376 = DIRECTION('',(-1.836970198721E-16,-1.,0.));
#1377 = PCURVE('',#1077,#1378);
#1378 = DEFINITIONAL_REPRESENTATION('',(#1379),#1383);
#1379 = LINE('',#1380,#1381);
#1380 = CARTESIAN_POINT('',(-6.28318530718,0.));
#1381 = VECTOR('',#1382,1.);
#1382 = DIRECTION('',(-0.,-1.));
#1383 = ( GEOMETRIC_REPRESENTATION_CONTEXT(2) 
PARAMETRIC_REPRESENTATION_CONTEXT() REPRESENTATION_CONTEXT('2D SPACE',''
  ) );
#1384 = PCURVE('',#1077,#1385);
#1385 = DEFINITIONAL_REPRESENTATION('',(#1386),#1390);
#1386 = LINE('',#1387,#1388);
#1387 = CARTESIAN_POINT('',(-0.,0.));
#1388 = VECTOR('',#1389,1.);
#1389 = DIRECTION('',(-0.,-1.));
#1390 = ( GEOMETRIC_REPRESENTATION_CONTEXT(2) 
PARAMETRIC_REPRESENTATION_CONTEXT() REPRESENTATION_CONTEXT('2D SPACE',''
  ) );
#1391 = ORIENTED_EDGE('',*,*,#1392,.T.);
#1392 = EDGE_CURVE('',#1370,#1370,#1393,.T.);
#1393 = SURFACE_CURVE('',#1394,(#1458,#1562),.PCURVE_S1.);
#1394 = ( BOUNDED_CURVE() B_SPLINE_CURVE(13,(#1395,#1396,#1397,#1398,
    #1399,#1400,#1401,#1402,#1403,#1404,#1405,#1406,#1407,#1408,#1409,
    #1410,#1411,#1412,#1413,#1414,#1415,#1416,#1417,#1418,#1419,#1420,
    #1421,#1422,#1423,#1424,#1425,#1426,#1427,#1428,#1429,#1430,#1431,
    #1432,#1433,#1434,#1435,#1436,#1437,#1438,#1439,#1440,#1441,#1442,
    #1443,#1444,#1445,#1446,#1447,#1448,#1449,#1450,#1451,#1452,#1453,
    #1454,#1455,#1456,#1457),.UNSPECIFIED.,.T.,.F.) 
B_SPLINE_CURVE_WITH_KNOTS((14,12,13,12,12,14),(-19.04108788788,
    -10.53807091316,0.,12.422055061108,28.15813461575,43.863894253232),
.UNSPECIFIED.) CURVE() GEOMETRIC_REPRESENTATION_ITEM() 
RATIONAL_B_SPLINE_CURVE((1.,1.,1.,0.999999999999,1.000000000002,
    0.999999999997,1.000000000004,0.999999999996,1.000000000003,
    0.999999999998,1.000000000001,1.,1.,1.,1.,1.,1.,1.000000000001,
    0.999999999998,1.000000000002,0.999999999998,1.000000000002,
    0.999999999999,1.,1.,1.,1.,1.000000000001,0.999999999998,
    1.000000000003,0.999999999996,1.000000000005,0.999999999996,
    1.000000000003,0.999999999998,1.000000000001,1.,1.,1.,1.,
    1.000000000001,0.999999999998,1.000000000003,0.999999999997,
    1.000000000003,0.999999999997,1.000000000002,0.999999999999,1.,1.,1.
    ,1.,1.000000000001,0.999999999997,1.000000000004,0.999999999995,
    1.000000000005,0.999999999996,1.000000000002,0.999999999999,1.,1.,1.
)) REPRESENTATION_ITEM('') );
#1395 = CARTESIAN_POINT('',(10.,-23.87467280568,60.));
#1396 = CARTESIAN_POINT('',(10.000000056963,-23.87467280133,
    59.352585524482));
#1397 = CARTESIAN_POINT('',(9.954577457136,-23.88120286923,
    58.705180868393));
#1398 = CARTESIAN_POINT('',(9.863786192798,-23.89425334213,
    58.061359816453));
#1399 = CARTESIAN_POINT('',(9.727909621837,-23.91375870851,
    57.424591847937));
#1400 = CARTESIAN_POINT('',(9.547534430879,-23.93958644743,
    56.798293110313));
#1401 = CARTESIAN_POINT('',(9.323562913436,-23.97151565744,
    56.18582322757));
#1402 = CARTESIAN_POINT('',(9.057182572792,-24.00921032253,
    55.590448468241));
#1403 = CARTESIAN_POINT('',(8.749812059444,-24.0521920581,
    55.015290921007));
#1404 = CARTESIAN_POINT('',(8.403042452584,-24.09981717993,
    54.46328332179));
#1405 = CARTESIAN_POINT('',(8.018592895721,-24.15126293901,
    53.937149181143));
#1406 = CARTESIAN_POINT('',(7.598299595708,-24.20552776532,
    53.439427855608));
#1407 = CARTESIAN_POINT('',(7.144157195336,-24.26145036347,
    52.972564211313));
#1408 = CARTESIAN_POINT('',(6.056455602832,-24.38752961193,
    52.001854295087));
#1409 = CARTESIAN_POINT('',(5.405957608801,-24.45788735752,
    51.515864946212));
#1410 = CARTESIAN_POINT('',(4.711166010888,-24.52641119398,51.085527948)
  );
#1411 = CARTESIAN_POINT('',(3.976352895338,-24.59037979746,
    50.715526054947));
#1412 = CARTESIAN_POINT('',(3.208260773244,-24.64688968516,
    50.409805690989));
#1413 = CARTESIAN_POINT('',(2.410773992624,-24.6932593351,
    50.171764075903));
#1414 = CARTESIAN_POINT('',(1.590683121115,-24.72686726952,
    50.00529359396));
#1415 = CARTESIAN_POINT('',(0.758209297409,-24.7456277838,
    49.913557698332));
#1416 = CARTESIAN_POINT('',(-7.814137703878E-02,-24.7487317218,
    49.897292253514));
#1417 = CARTESIAN_POINT('',(-0.911489216075,-24.73656581535,
    49.955657035944));
#1418 = CARTESIAN_POINT('',(-1.731848518643,-24.71008614606,
    50.088002548975));
#1419 = CARTESIAN_POINT('',(-2.532531244748,-24.67129840881,
    50.291362876813));
#1420 = CARTESIAN_POINT('',(-3.305823615411,-24.6225546456,
    50.562228535094));
#1421 = CARTESIAN_POINT('',(-4.217325023024,-24.56509900091,
    50.881505484104));
#1422 = CARTESIAN_POINT('',(-5.091655260545,-24.49376751771,
    51.29479372602));
#1423 = CARTESIAN_POINT('',(-5.917770188529,-24.41234599333,
    51.796939496103));
#1424 = CARTESIAN_POINT('',(-6.686301659905,-24.32547056042,
    52.381125342341));
#1425 = CARTESIAN_POINT('',(-7.389480096362,-24.23794626217,
    53.040153097082));
#1426 = CARTESIAN_POINT('',(-8.020662379381,-24.15418633887,
    53.766728054024));
#1427 = CARTESIAN_POINT('',(-8.573855710515,-24.0778353442,
    54.553240832354));
#1428 = CARTESIAN_POINT('',(-9.043481126215,-24.011602047,
    55.391419229564));
#1429 = CARTESIAN_POINT('',(-9.424473390677,-23.95729091247,
    56.272098185346));
#1430 = CARTESIAN_POINT('',(-9.712667017809,-23.91598379412,
    57.185231797052));
#1431 = CARTESIAN_POINT('',(-9.905271213576,-23.88828630581,
    58.120147149672));
#1432 = CARTESIAN_POINT('',(-10.00108955754,-23.87451618086,
    59.065915540511));
#1433 = CARTESIAN_POINT('',(-9.99860453305,-23.87487338573,
    61.209562386824));
#1434 = CARTESIAN_POINT('',(-9.841654918643,-23.8974308356,
    62.407417947055));
#1435 = CARTESIAN_POINT('',(-9.530120805231,-23.94224129738,
    63.581912896219));
#1436 = CARTESIAN_POINT('',(-9.062788567622,-24.00899022537,
    64.715954292284));
#1437 = CARTESIAN_POINT('',(-8.46246341442,-24.09441795206,
    65.77163016277));
#1438 = CARTESIAN_POINT('',(-7.704423373311,-24.19914465359,
    66.766440813148));
#1439 = CARTESIAN_POINT('',(-6.857826772502,-24.31197679658,
    67.625507040159));
#1440 = CARTESIAN_POINT('',(-5.866647125101,-24.43098037896,
    68.402877323113));
#1441 = CARTESIAN_POINT('',(-4.805670960112,-24.54071836774,
    69.025224427611));
#1442 = CARTESIAN_POINT('',(-3.650154687791,-24.63296192704,
    69.51453280438));
#1443 = CARTESIAN_POINT('',(-2.445279641565,-24.69691033856,
    69.84036586166));
#1444 = CARTESIAN_POINT('',(-1.211895385673,-24.72866312582,
    70.002564277823));
#1445 = CARTESIAN_POINT('',(1.251475171122,-24.72765109978,
    69.997396699226));
#1446 = CARTESIAN_POINT('',(2.481710011031,-24.69500407766,
    69.830619350295));
#1447 = CARTESIAN_POINT('',(3.682697808851,-24.63044146873,
    69.501195518872));
#1448 = CARTESIAN_POINT('',(4.83339169097,-24.537864262,69.009493462695)
  );
#1449 = CARTESIAN_POINT('',(5.894080473641,-24.42790799801,
    68.38152344076));
#1450 = CARTESIAN_POINT('',(6.869853248884,-24.31006094939,
    67.614105371644));
#1451 = CARTESIAN_POINT('',(7.731101532127,-24.19595645972,
    66.735716899982));
#1452 = CARTESIAN_POINT('',(8.464996938691,-24.0936558161,
    65.761702451156));
#1453 = CARTESIAN_POINT('',(9.07654474118,-24.00725314627,
    64.693149604648));
#1454 = CARTESIAN_POINT('',(9.534404624157,-23.94155304903,63.5655141935
    ));
#1455 = CARTESIAN_POINT('',(9.845209418587,-23.89693192347,
    62.391716852948));
#1456 = CARTESIAN_POINT('',(9.999999894786,-23.87467281372,
    61.195829370738));
#1457 = CARTESIAN_POINT('',(10.,-23.87467280568,60.));
#1458 = PCURVE('',#1077,#1459);
#1459 = DEFINITIONAL_REPRESENTATION('',(#1460),#1561);
#1460 = B_SPLINE_CURVE_WITH_KNOTS('',9,(#1461,#1462,#1463,#1464,#1465,
    #1466,#1467,#1468,#1469,#1470,#1471,#1472,#1473,#1474,#1475,#1476,
    #1477,#1478,#1479,#1480,#1481,#1482,#1483,#1484,#1485,#1486,#1487,
    #1488,#1489,#1490,#1491,#1492,#1493,#1494,#1495,#1496,#1497,#1498,
    #1499,#1500,#1501,#1502,#1503,#1504,#1505,#1506,#1507,#1508,#1509,
    #1510,#1511,#1512,#1513,#1514,#1515,#1516,#1517,#1518,#1519,#1520,
    #1521,#1522,#1523,#1524,#1525,#1526,#1527,#1528,#1529,#1530,#1531,
    #1532,#1533,#1534,#1535,#1536,#1537,#1538,#1539,#1540,#1541,#1542,
    #1543,#1544,#1545,#1546,#1547,#1548,#1549,#1550,#1551,#1552,#1553,
    #1554,#1555,#1556,#1557,#1558,#1559,#1560),.UNSPECIFIED.,.F.,.F.,(10
    ,9,9,9,9,9,9,9,9,9,9,10),(-19.04108788788,-11.17796512024,
    -3.314842352608,-1.349061660698,-0.366171314743,0.616719031212,
    4.548280415032,12.411403182672,20.274525950312,28.137648717952,
    36.000771485592,43.863894253232),.UNSPECIFIED.);
#1461 = CARTESIAN_POINT('',(-6.283185395164,-23.87467280568));
#1462 = CARTESIAN_POINT('',(-6.196707458384,-23.87467283212));
#1463 = CARTESIAN_POINT('',(-6.110230259728,-23.88677174567));
#1464 = CARTESIAN_POINT('',(-6.023785304295,-23.91094431656));
#1465 = CARTESIAN_POINT('',(-5.937349524687,-23.94693185372));
#1466 = CARTESIAN_POINT('',(-5.850922138973,-23.99416776689));
#1467 = CARTESIAN_POINT('',(-5.764504650891,-24.05156973214));
#1468 = CARTESIAN_POINT('',(-5.678051149995,-24.11733398563));
#1469 = CARTESIAN_POINT('',(-5.591456069613,-24.18886727147));
#1470 = CARTESIAN_POINT('',(-5.504646560305,-24.26299196843));
#1471 = CARTESIAN_POINT('',(-5.417836121605,-24.33711776341));
#1472 = CARTESIAN_POINT('',(-5.330816715028,-24.41382740345));
#1473 = CARTESIAN_POINT('',(-5.243525273274,-24.48996352189));
#1474 = CARTESIAN_POINT('',(-5.155781783174,-24.56175892372));
#1475 = CARTESIAN_POINT('',(-5.067822066117,-24.62501945065));
#1476 = CARTESIAN_POINT('',(-4.979179431745,-24.67585279764));
#1477 = CARTESIAN_POINT('',(-4.890344676323,-24.71072525183));
#1478 = CARTESIAN_POINT('',(-4.801322673125,-24.72817634833));
#1479 = CARTESIAN_POINT('',(-4.712308623046,-24.72816091783));
#1480 = CARTESIAN_POINT('',(-4.690054844371,-24.7281575739));
#1481 = CARTESIAN_POINT('',(-4.667800992546,-24.72706261625));
#1482 = CARTESIAN_POINT('',(-4.645549354073,-24.72487667598));
#1483 = CARTESIAN_POINT('',(-4.62330219595,-24.721606275));
#1484 = CARTESIAN_POINT('',(-4.601061765685,-24.71726382611));
#1485 = CARTESIAN_POINT('',(-4.578830291276,-24.71186763294));
#1486 = CARTESIAN_POINT('',(-4.556609981232,-24.70544188999));
#1487 = CARTESIAN_POINT('',(-4.534403024556,-24.69801668258));
#1488 = CARTESIAN_POINT('',(-4.512211590757,-24.68962798691));
#1489 = CARTESIAN_POINT('',(-4.501115875678,-24.68543436622));
#1490 = CARTESIAN_POINT('',(-4.490024034548,-24.68099845702));
#1491 = CARTESIAN_POINT('',(-4.478936334416,-24.67632555204));
#1492 = CARTESIAN_POINT('',(-4.467853042338,-24.67142094404));
#1493 = CARTESIAN_POINT('',(-4.456774425361,-24.6662899257));
#1494 = CARTESIAN_POINT('',(-4.445700750543,-24.6609377898));
#1495 = CARTESIAN_POINT('',(-4.43463228493,-24.65536982905));
#1496 = CARTESIAN_POINT('',(-4.423569295579,-24.6495913362));
#1497 = CARTESIAN_POINT('',(-4.412512049539,-24.64360760396));
#1498 = CARTESIAN_POINT('',(-4.401454986831,-24.6376247655));
#1499 = CARTESIAN_POINT('',(-4.390403178267,-24.63143767099));
#1500 = CARTESIAN_POINT('',(-4.379357365032,-24.62505233373));
#1501 = CARTESIAN_POINT('',(-4.368319772473,-24.61847627886));
#1502 = CARTESIAN_POINT('',(-4.357288669745,-24.61171498464));
#1503 = CARTESIAN_POINT('',(-4.346261239067,-24.60477335306));
#1504 = CARTESIAN_POINT('',(-4.33523819155,-24.59765836814));
#1505 = CARTESIAN_POINT('',(-4.324223566483,-24.59037909968));
#1506 = CARTESIAN_POINT('',(-4.31321315102,-24.58294021087));
#1507 = CARTESIAN_POINT('',(-4.269172780704,-24.55318632569));
#1508 = CARTESIAN_POINT('',(-4.225224175658,-24.52088846991));
#1509 = CARTESIAN_POINT('',(-4.181370239184,-24.48649898502));
#1510 = CARTESIAN_POINT('',(-4.137609707604,-24.45049412621));
#1511 = CARTESIAN_POINT('',(-4.093937956865,-24.41336037099));
#1512 = CARTESIAN_POINT('',(-4.050347809096,-24.37558072762));
#1513 = CARTESIAN_POINT('',(-4.006830339231,-24.33762104379));
#1514 = CARTESIAN_POINT('',(-3.963375681564,-24.29991631502));
#1515 = CARTESIAN_POINT('',(-3.919973836358,-24.26285699332));
#1516 = CARTESIAN_POINT('',(-3.833169681028,-24.18874726327));
#1517 = CARTESIAN_POINT('',(-3.746579194329,-24.11720298404));
#1518 = CARTESIAN_POINT('',(-3.660117604607,-24.0514737893));
#1519 = CARTESIAN_POINT('',(-3.57370918397,-23.9940924204));
#1520 = CARTESIAN_POINT('',(-3.487301412327,-23.94685861312));
#1521 = CARTESIAN_POINT('',(-3.400870280965,-23.91089246817));
#1522 = CARTESIAN_POINT('',(-3.31441673565,-23.88675730508));
#1523 = CARTESIAN_POINT('',(-3.227954259265,-23.87465199969));
#1524 = CARTESIAN_POINT('',(-3.141487593969,-23.87467280514));
#1525 = CARTESIAN_POINT('',(-3.055019647432,-23.87468676606));
#1526 = CARTESIAN_POINT('',(-2.968561646138,-23.88678714421));
#1527 = CARTESIAN_POINT('',(-2.882100137049,-23.91098420153));
#1528 = CARTESIAN_POINT('',(-2.795668389097,-23.94697839644));
#1529 = CARTESIAN_POINT('',(-2.709268114241,-23.99420325785));
#1530 = CARTESIAN_POINT('',(-2.622861278486,-24.05160629257));
#1531 = CARTESIAN_POINT('',(-2.536392678157,-24.11738750057));
#1532 = CARTESIAN_POINT('',(-2.449803956776,-24.1889150714));
#1533 = CARTESIAN_POINT('',(-2.362999737837,-24.26303783597));
#1534 = CARTESIAN_POINT('',(-2.276195261261,-24.3371600051));
#1535 = CARTESIAN_POINT('',(-2.189185242119,-24.41386780432));
#1536 = CARTESIAN_POINT('',(-2.101866821057,-24.48999948877));
#1537 = CARTESIAN_POINT('',(-2.014198531361,-24.56177833948));
#1538 = CARTESIAN_POINT('',(-1.926107770382,-24.62508988348));
#1539 = CARTESIAN_POINT('',(-1.837586114643,-24.67583393638));
#1540 = CARTESIAN_POINT('',(-1.748748390411,-24.71072139238));
#1541 = CARTESIAN_POINT('',(-1.65977327608,-24.72816147336));
#1542 = CARTESIAN_POINT('',(-1.570785077378,-24.72816093241));
#1543 = CARTESIAN_POINT('',(-1.481797242591,-24.72815747922));
#1544 = CARTESIAN_POINT('',(-1.392816515563,-24.71071005625));
#1545 = CARTESIAN_POINT('',(-1.30399932171,-24.67583266869));
#1546 = CARTESIAN_POINT('',(-1.215456164279,-24.62506969286));
#1547 = CARTESIAN_POINT('',(-1.127362999999,-24.5617555036));
#1548 = CARTESIAN_POINT('',(-1.039717403114,-24.48999196887));
#1549 = CARTESIAN_POINT('',(-0.952385592655,-24.41384813969));
#1550 = CARTESIAN_POINT('',(-0.865376635636,-24.33714189913));
#1551 = CARTESIAN_POINT('',(-0.778570376758,-24.26301876857));
#1552 = CARTESIAN_POINT('',(-0.691765989622,-24.18889590567));
#1553 = CARTESIAN_POINT('',(-0.605171107562,-24.11736678639));
#1554 = CARTESIAN_POINT('',(-0.518719493676,-24.0515957588));
#1555 = CARTESIAN_POINT('',(-0.432295156193,-23.9941824937));
#1556 = CARTESIAN_POINT('',(-0.34585640454,-23.94693911915));
#1557 = CARTESIAN_POINT('',(-0.259414872044,-23.91094952377));
#1558 = CARTESIAN_POINT('',(-0.172967054267,-23.88677493995));
#1559 = CARTESIAN_POINT('',(-8.647591201141E-02,-23.87466991849));
#1560 = CARTESIAN_POINT('',(-8.79844511692E-08,-23.87467280568));
#1561 = ( GEOMETRIC_REPRESENTATION_CONTEXT(2) 
PARAMETRIC_REPRESENTATION_CONTEXT() REPRESENTATION_CONTEXT('2D SPACE',''
  ) );
#1562 = PCURVE('',#1563,#1753);
#1563 = ( BOUNDED_SURFACE() B_SPLINE_SURFACE(2,13,(
    (#1564,#1565,#1566,#1567,#1568,#1569,#1570,#1571,#1572,#1573,#1574
      ,#1575,#1576,#1577,#1578,#1579,#1580,#1581,#1582,#1583,#1584,#1585
      ,#1586,#1587,#1588,#1589,#1590,#1591,#1592,#1593,#1594,#1595,#1596
      ,#1597,#1598,#1599,#1600,#1601,#1602,#1603,#1604,#1605,#1606,#1607
      ,#1608,#1609,#1610,#1611,#1612,#1613,#1614,#1615,#1616,#1617,#1618
      ,#1619,#1620,#1621,#1622,#1623,#1624,#1625,#1626)
    ,(#1627,#1628,#1629,#1630,#1631,#1632,#1633,#1634,#1635,#1636,#1637
      ,#1638,#1639,#1640,#1641,#1642,#1643,#1644,#1645,#1646,#1647,#1648
      ,#1649,#1650,#1651,#1652,#1653,#1654,#1655,#1656,#1657,#1658,#1659
      ,#1660,#1661,#1662,#1663,#1664,#1665,#1666,#1667,#1668,#1669,#1670
      ,#1671,#1672,#1673,#1674,#1675,#1676,#1677,#1678,#1679,#1680,#1681
      ,#1682,#1683,#1684,#1685,#1686,#1687,#1688,#1689)
    ,(#1690,#1691,#1692,#1693,#1694,#1695,#1696,#1697,#1698,#1699,#1700
      ,#1701,#1702,#1703,#1704,#1705,#1706,#1707,#1708,#1709,#1710,#1711
      ,#1712,#1713,#1714,#1715,#1716,#1717,#1718,#1719,#1720,#1721,#1722
      ,#1723,#1724,#1725,#1726,#1727,#1728,#1729,#1730,#1731,#1732,#1733
      ,#1734,#1735,#1736,#1737,#1738,#1739,#1740,#1741,#1742,#1743,#1744
      ,#1745,#1746,#1747,#1748,#1749,#1750,#1751,#1752
)),.UNSPECIFIED.,.F.,.F.,.F.) B_SPLINE_SURFACE_WITH_KNOTS((3,3),(14,12,
    13,12,12,14),(0.,62.904982141121),(-19.04108788788,-10.53807091316,
    0.,12.422055061108,28.15813461575,43.863894253232),.UNSPECIFIED.) 
GEOMETRIC_REPRESENTATION_ITEM() RATIONAL_B_SPLINE_SURFACE((
    (1.,1.,1.,0.999999999999,1.000000000002,0.999999999997
      ,1.000000000004,0.999999999996,1.000000000003,0.999999999998
      ,1.000000000001,1.,1.,1.,1.,1.,1.,1.000000000001,0.999999999998
      ,1.000000000002,0.999999999998,1.000000000002,0.999999999999,1.,1.
      ,1.,1.,1.000000000001,0.999999999998,1.000000000003,0.999999999996
      ,1.000000000005,0.999999999996,1.000000000003,0.999999999998
      ,1.000000000001,1.,1.,1.,1.,1.000000000001,0.999999999998
      ,1.000000000003,0.999999999997,1.000000000003,0.999999999997
      ,1.000000000002,0.999999999999,1.,1.,1.,1.,1.000000000001
      ,0.999999999997,1.000000000004,0.999999999995,1.000000000005
      ,0.999999999996,1.000000000002,0.999999999999,1.,1.,1.)
    ,(0.846747382464,0.846747380786,0.846466175287,0.845904117452
      ,0.845058596729,0.843924244827,0.842494818642,0.840766229567
      ,0.838740187513,0.836427927196,0.833853485117,0.831055994812
      ,0.828090468664,0.821229298305,0.817280661993,0.813315457563
      ,0.809490512267,0.806020382343,0.803099130902,0.800937201546
      ,0.799724288336,0.799534644768,0.800325135624,0.802015928412
      ,0.804439232704,0.807415900588,0.810924584598,0.815204157339
      ,0.819964571297,0.824864261981,0.829589069489,0.833896857163
      ,0.837633533255,0.840726863794,0.843165146422,0.844968497272
      ,0.846161184635,0.846754125281,0.846738747175,0.845767178096
      ,0.843837823976,0.840893850729,0.836958980914,0.831826203103
      ,0.825882048123,0.819221029155,0.812619463842,0.806878308213
      ,0.802826511315,0.800816553804,0.800880630019,0.802947509548
      ,0.807033659577,0.81279641524,0.819385143367,0.825996025395
      ,0.83197675432,0.836996921162,0.840973322873,0.843866931568
      ,0.845788831846,0.846747385564,0.846747382464)
    ,(1.,1.,1.,0.999999999999,1.000000000002,0.999999999997
      ,1.000000000004,0.999999999996,1.000000000003,0.999999999998
      ,1.000000000001,1.,1.,1.,1.,1.,1.,1.000000000001,0.999999999998
      ,1.000000000002,0.999999999998,1.000000000002,0.999999999999,1.,1.
      ,1.,1.,1.000000000001,0.999999999998,1.000000000003,0.999999999996
      ,1.000000000005,0.999999999996,1.000000000003,0.999999999998
      ,1.000000000001,1.,1.,1.,1.,1.000000000001,0.999999999998
      ,1.000000000003,0.999999999997,1.000000000003,0.999999999997
      ,1.000000000002,0.999999999999,1.,1.,1.,1.,1.000000000001
      ,0.999999999997,1.000000000004,0.999999999995,1.000000000005
      ,0.999999999996,1.000000000002,0.999999999999,1.,1.,1.
))) REPRESENTATION_ITEM('') SURFACE() );
#1564 = CARTESIAN_POINT('',(10.,-23.87467280568,60.));
#1565 = CARTESIAN_POINT('',(10.000000056963,-23.87467280133,
    59.352585524482));
#1566 = CARTESIAN_POINT('',(9.954577457136,-23.88120286923,
    58.705180868393));
#1567 = CARTESIAN_POINT('',(9.863786192798,-23.89425334213,
    58.061359816453));
#1568 = CARTESIAN_POINT('',(9.727909621837,-23.91375870851,
    57.424591847937));
#1569 = CARTESIAN_POINT('',(9.547534430879,-23.93958644743,
    56.798293110313));
#1570 = CARTESIAN_POINT('',(9.323562913436,-23.97151565744,
    56.18582322757));
#1571 = CARTESIAN_POINT('',(9.057182572792,-24.00921032253,
    55.590448468241));
#1572 = CARTESIAN_POINT('',(8.749812059444,-24.0521920581,
    55.015290921007));
#1573 = CARTESIAN_POINT('',(8.403042452584,-24.09981717993,
    54.46328332179));
#1574 = CARTESIAN_POINT('',(8.018592895721,-24.15126293901,
    53.937149181143));
#1575 = CARTESIAN_POINT('',(7.598299595708,-24.20552776532,
    53.439427855608));
#1576 = CARTESIAN_POINT('',(7.144157195336,-24.26145036347,
    52.972564211313));
#1577 = CARTESIAN_POINT('',(6.056455602832,-24.38752961193,
    52.001854295087));
#1578 = CARTESIAN_POINT('',(5.405957608801,-24.45788735752,
    51.515864946212));
#1579 = CARTESIAN_POINT('',(4.711166010888,-24.52641119398,51.085527948)
  );
#1580 = CARTESIAN_POINT('',(3.976352895338,-24.59037979746,
    50.715526054947));
#1581 = CARTESIAN_POINT('',(3.208260773244,-24.64688968516,
    50.409805690989));
#1582 = CARTESIAN_POINT('',(2.410773992624,-24.6932593351,
    50.171764075903));
#1583 = CARTESIAN_POINT('',(1.590683121115,-24.72686726952,
    50.00529359396));
#1584 = CARTESIAN_POINT('',(0.758209297409,-24.7456277838,
    49.913557698332));
#1585 = CARTESIAN_POINT('',(-7.814137703878E-02,-24.7487317218,
    49.897292253514));
#1586 = CARTESIAN_POINT('',(-0.911489216075,-24.73656581535,
    49.955657035944));
#1587 = CARTESIAN_POINT('',(-1.731848518643,-24.71008614606,
    50.088002548975));
#1588 = CARTESIAN_POINT('',(-2.532531244748,-24.67129840881,
    50.291362876813));
#1589 = CARTESIAN_POINT('',(-3.305823615411,-24.6225546456,
    50.562228535094));
#1590 = CARTESIAN_POINT('',(-4.217325023024,-24.56509900091,
    50.881505484104));
#1591 = CARTESIAN_POINT('',(-5.091655260545,-24.49376751771,
    51.29479372602));
#1592 = CARTESIAN_POINT('',(-5.917770188529,-24.41234599333,
    51.796939496103));
#1593 = CARTESIAN_POINT('',(-6.686301659905,-24.32547056042,
    52.381125342341));
#1594 = CARTESIAN_POINT('',(-7.389480096362,-24.23794626217,
    53.040153097082));
#1595 = CARTESIAN_POINT('',(-8.020662379381,-24.15418633887,
    53.766728054024));
#1596 = CARTESIAN_POINT('',(-8.573855710515,-24.0778353442,
    54.553240832354));
#1597 = CARTESIAN_POINT('',(-9.043481126215,-24.011602047,
    55.391419229564));
#1598 = CARTESIAN_POINT('',(-9.424473390677,-23.95729091247,
    56.272098185346));
#1599 = CARTESIAN_POINT('',(-9.712667017809,-23.91598379412,
    57.185231797052));
#1600 = CARTESIAN_POINT('',(-9.905271213576,-23.88828630581,
    58.120147149672));
#1601 = CARTESIAN_POINT('',(-10.00108955754,-23.87451618086,
    59.065915540511));
#1602 = CARTESIAN_POINT('',(-9.99860453305,-23.87487338573,
    61.209562386824));
#1603 = CARTESIAN_POINT('',(-9.841654918643,-23.8974308356,
    62.407417947055));
#1604 = CARTESIAN_POINT('',(-9.530120805231,-23.94224129738,
    63.581912896219));
#1605 = CARTESIAN_POINT('',(-9.062788567622,-24.00899022537,
    64.715954292284));
#1606 = CARTESIAN_POINT('',(-8.46246341442,-24.09441795206,
    65.77163016277));
#1607 = CARTESIAN_POINT('',(-7.704423373311,-24.19914465359,
    66.766440813148));
#1608 = CARTESIAN_POINT('',(-6.857826772502,-24.31197679658,
    67.625507040159));
#1609 = CARTESIAN_POINT('',(-5.866647125101,-24.43098037896,
    68.402877323113));
#1610 = CARTESIAN_POINT('',(-4.805670960112,-24.54071836774,
    69.025224427611));
#1611 = CARTESIAN_POINT('',(-3.650154687791,-24.63296192704,
    69.51453280438));
#1612 = CARTESIAN_POINT('',(-2.445279641565,-24.69691033856,
    69.84036586166));
#1613 = CARTESIAN_POINT('',(-1.211895385673,-24.72866312582,
    70.002564277823));
#1614 = CARTESIAN_POINT('',(1.251475171122,-24.72765109978,
    69.997396699226));
#1615 = CARTESIAN_POINT('',(2.481710011031,-24.69500407766,
    69.830619350295));
#1616 = CARTESIAN_POINT('',(3.682697808851,-24.63044146873,
    69.501195518872));
#1617 = CARTESIAN_POINT('',(4.83339169097,-24.537864262,69.009493462695)
  );
#1618 = CARTESIAN_POINT('',(5.894080473641,-24.42790799801,
    68.38152344076));
#1619 = CARTESIAN_POINT('',(6.869853248884,-24.31006094939,
    67.614105371644));
#1620 = CARTESIAN_POINT('',(7.731101532127,-24.19595645972,
    66.735716899982));
#1621 = CARTESIAN_POINT('',(8.464996938691,-24.0936558161,
    65.761702451156));
#1622 = CARTESIAN_POINT('',(9.07654474118,-24.00725314627,
    64.693149604648));
#1623 = CARTESIAN_POINT('',(9.534404624157,-23.94155304903,63.5655141935
    ));
#1624 = CARTESIAN_POINT('',(9.845209418587,-23.89693192347,
    62.391716852948));
#1625 = CARTESIAN_POINT('',(9.999999894786,-23.87467281372,
    61.195829370738));
#1626 = CARTESIAN_POINT('',(10.,-23.87467280568,60.));
#1627 = CARTESIAN_POINT('',(10.,-22.93225150653,60.000000017722));
#1628 = CARTESIAN_POINT('',(10.00000000179,-22.93225150226,
    59.345289015569));
#1629 = CARTESIAN_POINT('',(9.953535101093,-22.93773973158,
    58.690149712105));
#1630 = CARTESIAN_POINT('',(9.860578080284,-22.94871558708,
    58.03847044627));
#1631 = CARTESIAN_POINT('',(9.721383022869,-22.96510984766,
    57.393997430429));
#1632 = CARTESIAN_POINT('',(9.536575646375,-22.98676840387,
    56.760444845046));
#1633 = CARTESIAN_POINT('',(9.307182251497,-23.01343505218,
    56.141502636124));
#1634 = CARTESIAN_POINT('',(9.034612410509,-23.04473574819,
    55.540780261398));
#1635 = CARTESIAN_POINT('',(8.720611009569,-23.08016666911,
    54.961720151689));
#1636 = CARTESIAN_POINT('',(8.367194678008,-23.11908861152,
    54.407510527721));
#1637 = CARTESIAN_POINT('',(7.976586020055,-23.16073065423,
    53.881023761723));
#1638 = CARTESIAN_POINT('',(7.551156573581,-23.20420662056,
    53.384803991889));
#1639 = CARTESIAN_POINT('',(7.093386196217,-23.24854861157,
    52.921126373456));
#1640 = CARTESIAN_POINT('',(5.996565880102,-23.34801630738,
    51.956063934303));
#1641 = CARTESIAN_POINT('',(5.340336593325,-23.40310542326,
    51.473751826655));
#1642 = CARTESIAN_POINT('',(4.642511591808,-23.45606058701,
    51.04964003747));
#1643 = CARTESIAN_POINT('',(3.908668947683,-23.50471643499,
    50.688025518762));
#1644 = CARTESIAN_POINT('',(3.146327815751,-23.54703338185,
    50.39192332717));
#1645 = CARTESIAN_POINT('',(2.360005430337,-23.5811863452,
    50.163427165527));
#1646 = CARTESIAN_POINT('',(1.555970719644,-23.6056080197,
    50.004675443009));
#1647 = CARTESIAN_POINT('',(0.742526140691,-23.6192113229,
    49.917255950924));
#1648 = CARTESIAN_POINT('',(-7.450465612049E-02,-23.62157376165,
    49.901329454121));
#1649 = CARTESIAN_POINT('',(-0.890752536349,-23.61280745954,
    49.956623885765));
#1650 = CARTESIAN_POINT('',(-1.697754442137,-23.59338513108,
    50.083611786033));
#1651 = CARTESIAN_POINT('',(-2.48953855413,-23.56448675119,
    50.280700558207));
#1652 = CARTESIAN_POINT('',(-3.258200760345,-23.52765957506,
    50.54554739808));
#1653 = CARTESIAN_POINT('',(-4.156998812499,-23.48459749803,
    50.855233270098));
#1654 = CARTESIAN_POINT('',(-5.02195999793,-23.43080523173,
    51.256719792738));
#1655 = CARTESIAN_POINT('',(-5.844307596875,-23.3687501546,
    51.746414855899));
#1656 = CARTESIAN_POINT('',(-6.615574737276,-23.30140578594,
    52.320144600326));
#1657 = CARTESIAN_POINT('',(-7.327127334315,-23.23221217822,
    52.972810818111));
#1658 = CARTESIAN_POINT('',(-7.970252854212,-23.16471967196,
    53.698093575404));
#1659 = CARTESIAN_POINT('',(-8.536555409536,-23.10217787938,
    54.488255410199));
#1660 = CARTESIAN_POINT('',(-9.018460025432,-23.04722821184,
    55.334114172867));
#1661 = CARTESIAN_POINT('',(-9.409678771724,-23.00177361002,
    56.22522950574));
#1662 = CARTESIAN_POINT('',(-9.705534835659,-22.96702948879,
    57.150290258406));
#1663 = CARTESIAN_POINT('',(-9.903092052605,-22.94369550885,
    58.097595845822));
#1664 = CARTESIAN_POINT('',(-10.00111407556,-22.93211993469,
    59.055398177064));
#1665 = CARTESIAN_POINT('',(-9.998573105679,-22.93242000528,
    61.223203082657));
#1666 = CARTESIAN_POINT('',(-9.837923757897,-22.95138779105,
    62.437290013702));
#1667 = CARTESIAN_POINT('',(-9.517724442883,-22.98922179969,
    63.629079337386));
#1668 = CARTESIAN_POINT('',(-9.037422310369,-23.04533501144,
    64.778283875896));
#1669 = CARTESIAN_POINT('',(-8.41781615557,-23.11679437245,
    65.847957283445));
#1670 = CARTESIAN_POINT('',(-7.64021611782,-23.20275067386,
    66.847011849048));
#1671 = CARTESIAN_POINT('',(-6.772890424884,-23.2935896029,
    67.704099894378));
#1672 = CARTESIAN_POINT('',(-5.769847388869,-23.38655333384,
    68.466793791441));
#1673 = CARTESIAN_POINT('',(-4.711574230473,-23.46876664715,
    69.066689633137));
#1674 = CARTESIAN_POINT('',(-3.57531270054,-23.53659985832,
    69.534554098589));
#1675 = CARTESIAN_POINT('',(-2.39791170332,-23.58340993076,
    69.846119692054));
#1676 = CARTESIAN_POINT('',(-1.191498684276,-23.60684594048,
    70.002477846601));
#1677 = CARTESIAN_POINT('',(1.230313693347,-23.60609726971,
    69.997484647194));
#1678 = CARTESIAN_POINT('',(2.433668537801,-23.58200894012,
    69.836750992302));
#1679 = CARTESIAN_POINT('',(3.607563083732,-23.53472434998,
    69.52171891414));
#1680 = CARTESIAN_POINT('',(4.739269874184,-23.46664425194,
    69.051413254603));
#1681 = CARTESIAN_POINT('',(5.797627784992,-23.38411023557,
    68.445894077414));
#1682 = CARTESIAN_POINT('',(6.785816732611,-23.29206799962,
    67.692185518282));
#1683 = CARTESIAN_POINT('',(7.666631317108,-23.20016654102,
    66.816971704152));
#1684 = CARTESIAN_POINT('',(8.421417919718,-23.11610309785,
    65.837022849214));
#1685 = CARTESIAN_POINT('',(9.05102149713,-23.04392179425,
    64.755679968816));
#1686 = CARTESIAN_POINT('',(9.522303928179,-22.98862680693,
    63.612290903844));
#1687 = CARTESIAN_POINT('',(9.841539048287,-22.95097021835,
    62.421408397695));
#1688 = CARTESIAN_POINT('',(9.999999996696,-22.93225151443,
    61.20930415111));
#1689 = CARTESIAN_POINT('',(10.,-22.93225150653,60.000000017722));
#1690 = CARTESIAN_POINT('',(10.849056610852,-22.52327623024,60.));
#1691 = CARTESIAN_POINT('',(10.84905623155,-22.52327627573,
    59.286511397549));
#1692 = CARTESIAN_POINT('',(10.799647213462,-22.52921653548,
    58.573057184088));
#1693 = CARTESIAN_POINT('',(10.70089181528,-22.5410881654,
    57.863446089948));
#1694 = CARTESIAN_POINT('',(10.553107592489,-22.55882311287,
    57.161391277503));
#1695 = CARTESIAN_POINT('',(10.35695107595,-22.58228385223,
    56.470560871688));
#1696 = CARTESIAN_POINT('',(10.113431508636,-22.61124623082,
    55.794577403198));
#1697 = CARTESIAN_POINT('',(9.823875858511,-22.64537900798,
    55.136981051699));
#1698 = CARTESIAN_POINT('',(9.48986632833,-22.684223669,54.501177518141)
  );
#1699 = CARTESIAN_POINT('',(9.113171579009,-22.72717809659,
    53.890391352616));
#1700 = CARTESIAN_POINT('',(8.695692888462,-22.77348768185,
    53.307645567512));
#1701 = CARTESIAN_POINT('',(8.23944646208,-22.82224745728,
    52.755788362225));
#1702 = CARTESIAN_POINT('',(7.746603116365,-22.87241883373,
    52.237587788824));
#1703 = CARTESIAN_POINT('',(6.566482235792,-22.98538354077,
    51.158962355381));
#1704 = CARTESIAN_POINT('',(5.860796965386,-23.04832588712,
    50.618052651739));
#1705 = CARTESIAN_POINT('',(5.107933538163,-23.10950112354,
    50.138598982188));
#1706 = CARTESIAN_POINT('',(4.310202555702,-23.16662595032,
    49.724950553772));
#1707 = CARTESIAN_POINT('',(3.478058654155,-23.21695722954,49.3833456066
    ));
#1708 = CARTESIAN_POINT('',(2.614100688584,-23.25824144147,
    49.116947014696));
#1709 = CARTESIAN_POINT('',(1.724388501787,-23.28821989023,
    48.929915807138));
#1710 = CARTESIAN_POINT('',(0.821643370467,-23.30492957248,
    48.827010859158));
#1711 = CARTESIAN_POINT('',(-8.452449796606E-02,-23.30765610765,
    48.809133534245));
#1712 = CARTESIAN_POINT('',(-0.988237483944,-23.29685487761,
    48.874359320225));
#1713 = CARTESIAN_POINT('',(-1.877513538529,-23.27325788951,
    49.022811464071));
#1714 = CARTESIAN_POINT('',(-2.745541301251,-23.23869618441,
    49.250432890944));
#1715 = CARTESIAN_POINT('',(-3.583906661273,-23.19523116552,
    49.553202482849));
#1716 = CARTESIAN_POINT('',(-4.572112298301,-23.1439976832,
    49.910085807385));
#1717 = CARTESIAN_POINT('',(-5.520073340051,-23.08035839992,
    50.37160645514));
#1718 = CARTESIAN_POINT('',(-6.415868108525,-23.00765598541,
    50.931578496563));
#1719 = CARTESIAN_POINT('',(-7.249432426884,-22.92998223764,
    51.581968947851));
#1720 = CARTESIAN_POINT('',(-8.012411208034,-22.85157379488,
    52.314362474805));
#1721 = CARTESIAN_POINT('',(-8.697611805618,-22.77633684694,
    53.120336220833));
#1722 = CARTESIAN_POINT('',(-9.298478538411,-22.70753497868,
    53.991266571216));
#1723 = CARTESIAN_POINT('',(-9.808847507253,-22.64764932728,
    54.917963725345));
#1724 = CARTESIAN_POINT('',(-10.22308053778,-22.59839528232,
    55.890404013915));
#1725 = CARTESIAN_POINT('',(-10.53651678785,-22.56085500675,
    56.897703955126));
#1726 = CARTESIAN_POINT('',(-10.74602027414,-22.53566010402,
    57.928354111024));
#1727 = CARTESIAN_POINT('',(-10.85024127822,-22.52313380555,
    58.970604861856));
#1728 = CARTESIAN_POINT('',(-10.84753933387,-22.52345862409,
    61.332970352141));
#1729 = CARTESIAN_POINT('',(-10.67683899944,-22.54397698928,
    62.653110519786));
#1730 = CARTESIAN_POINT('',(-10.3378122294,-22.58475260106,
    63.948062232249));
#1731 = CARTESIAN_POINT('',(-9.830284356872,-22.64531413687,
    65.199696920196));
#1732 = CARTESIAN_POINT('',(-9.175958513075,-22.72277733789,
    66.367748774927));
#1733 = CARTESIAN_POINT('',(-8.355911689629,-22.81684841899,
    67.467969289977));
#1734 = CARTESIAN_POINT('',(-7.432940388138,-22.91832172071,
    68.425218562068));
#1735 = CARTESIAN_POINT('',(-6.361500755752,-23.02436754503,
    69.288157861737));
#1736 = CARTESIAN_POINT('',(-5.209183169061,-23.1223790224,
    69.985012770556));
#1737 = CARTESIAN_POINT('',(-3.957364364835,-23.20453168548,
    70.531912352132));
#1738 = CARTESIAN_POINT('',(-2.650952707342,-23.26151567484,
    70.897117970299));
#1739 = CARTESIAN_POINT('',(-1.313836597803,-23.28980295365,
    71.078798681939));
#1740 = CARTESIAN_POINT('',(1.356750286282,-23.28890126219,
    71.073009115591));
#1741 = CARTESIAN_POINT('',(2.690523851894,-23.25981397859,
    70.886164467857));
#1742 = CARTESIAN_POINT('',(3.992248587786,-23.20230420794,
    70.517191660613));
#1743 = CARTESIAN_POINT('',(5.24017837627,-23.11978101788,
    69.966818912392));
#1744 = CARTESIAN_POINT('',(6.389697237537,-23.0217283788,
    69.265615266602));
#1745 = CARTESIAN_POINT('',(7.44801290991,-22.91644758752,
    68.410824041726));
#1746 = CARTESIAN_POINT('',(8.382922291265,-22.81414550219,67.435380991)
  );
#1747 = CARTESIAN_POINT('',(9.179956457295,-22.72198053322,
    66.356233533581));
#1748 = CARTESIAN_POINT('',(9.844779091765,-22.64377808575,
    65.174349603255));
#1749 = CARTESIAN_POINT('',(10.342562906527,-22.58412041119,
    63.930156841371));
#1750 = CARTESIAN_POINT('',(10.680692832139,-22.54352398671,
    62.635760311497));
#1751 = CARTESIAN_POINT('',(10.849057311452,-22.52327614619,
    61.317854207207));
#1752 = CARTESIAN_POINT('',(10.849056610855,-22.52327623023,60.));
#1753 = DEFINITIONAL_REPRESENTATION('',(#1754),#1758);
#1754 = LINE('',#1755,#1756);
#1755 = CARTESIAN_POINT('',(0.,0.));
#1756 = VECTOR('',#1757,1.);
#1757 = DIRECTION('',(0.,1.));
#1758 = ( GEOMETRIC_REPRESENTATION_CONTEXT(2) 
PARAMETRIC_REPRESENTATION_CONTEXT() REPRESENTATION_CONTEXT('2D SPACE',''
  ) );
#1759 = ORIENTED_EDGE('',*,*,#1369,.T.);
#1760 = ORIENTED_EDGE('',*,*,#997,.F.);
#1761 = ADVANCED_FACE('',(#1762),#1227,.T.);
#1762 = FACE_BOUND('',#1763,.T.);
#1763 = EDGE_LOOP('',(#1764,#1785,#1911,#1912));
#1764 = ORIENTED_EDGE('',*,*,#1765,.T.);
#1765 = EDGE_CURVE('',#1192,#1766,#1768,.T.);
#1766 = VERTEX_POINT('',#1767);
#1767 = CARTESIAN_POINT('',(14.834477469144,-2.44800932713E-15,
    21.390902390632));
#1768 = SEAM_CURVE('',#1769,(#1773,#1779),.PCURVE_S1.);
#1769 = ( BOUNDED_CURVE() B_SPLINE_CURVE(2,(#1770,#1771,#1772),
.UNSPECIFIED.,.F.,.F.) B_SPLINE_CURVE_WITH_KNOTS((3,3),(0.,
94.247779609468),.PIECEWISE_BEZIER_KNOTS.) CURVE() 
GEOMETRIC_REPRESENTATION_ITEM() RATIONAL_B_SPLINE_CURVE((1.,
0.732370036108,1.)) REPRESENTATION_ITEM('') );
#1770 = CARTESIAN_POINT('',(16.330504778931,-4.744895989522E-13,20.));
#1771 = CARTESIAN_POINT('',(14.935908856585,1.09690034833E-13,20.));
#1772 = CARTESIAN_POINT('',(14.834477469144,-2.44800932713E-15,
    21.390902390632));
#1773 = PCURVE('',#1227,#1774);
#1774 = DEFINITIONAL_REPRESENTATION('',(#1775),#1778);
#1775 = B_SPLINE_CURVE_WITH_KNOTS('',1,(#1776,#1777),.UNSPECIFIED.,.F.,
  .F.,(2,2),(0.,94.247779609468),.PIECEWISE_BEZIER_KNOTS.);
#1776 = CARTESIAN_POINT('',(0.,4.006224121437E-14));
#1777 = CARTESIAN_POINT('',(94.247779609468,4.006224121437E-14));
#1778 = ( GEOMETRIC_REPRESENTATION_CONTEXT(2) 
PARAMETRIC_REPRESENTATION_CONTEXT() REPRESENTATION_CONTEXT('2D SPACE',''
  ) );
#1779 = PCURVE('',#1227,#1780);
#1780 = DEFINITIONAL_REPRESENTATION('',(#1781),#1784);
#1781 = B_SPLINE_CURVE_WITH_KNOTS('',1,(#1782,#1783),.UNSPECIFIED.,.F.,
  .F.,(2,2),(0.,94.247779609468),.PIECEWISE_BEZIER_KNOTS.);
#1782 = CARTESIAN_POINT('',(0.,94.247779609468));
#1783 = CARTESIAN_POINT('',(94.247779609468,94.247779609468));
#1784 = ( GEOMETRIC_REPRESENTATION_CONTEXT(2) 
PARAMETRIC_REPRESENTATION_CONTEXT() REPRESENTATION_CONTEXT('2D SPACE',''
  ) );
#1785 = ORIENTED_EDGE('',*,*,#1786,.T.);
#1786 = EDGE_CURVE('',#1766,#1766,#1787,.T.);
#1787 = SURFACE_CURVE('',#1788,(#1802,#1809),.PCURVE_S1.);
#1788 = ( BOUNDED_CURVE() B_SPLINE_CURVE(12,(#1789,#1790,#1791,#1792,
    #1793,#1794,#1795,#1796,#1797,#1798,#1799,#1800,#1801),
.UNSPECIFIED.,.T.,.F.) B_SPLINE_CURVE_WITH_KNOTS((13,13),(
4.006224121437E-14,94.247779609468),.PIECEWISE_BEZIER_KNOTS.) CURVE() 
GEOMETRIC_REPRESENTATION_ITEM() RATIONAL_B_SPLINE_CURVE((1.,1.,
    1.000000000001,0.999999999998,1.000000000003,0.999999999995,
    1.000000000005,0.999999999995,1.000000000003,0.999999999998,
1.000000000001,1.,1.)) REPRESENTATION_ITEM('') );
#1789 = CARTESIAN_POINT('',(14.834477469144,-2.44800932713E-15,
    21.390902390632));
#1790 = CARTESIAN_POINT('',(14.834477469151,7.767314247977,
    21.390902390632));
#1791 = CARTESIAN_POINT('',(10.397773609913,15.534468406397,
    21.390902393788));
#1792 = CARTESIAN_POINT('',(1.524656388287,20.5154546804,21.390902371939
    ));
#1793 = CARTESIAN_POINT('',(-9.840511366823,19.914272843089,
    21.390902445036));
#1794 = CARTESIAN_POINT('',(-19.79791893379,12.499855294918,
    21.390902292292));
#1795 = CARTESIAN_POINT('',(-23.90590950591,1.54432959476E-11,
    21.39090250965));
#1796 = CARTESIAN_POINT('',(-19.79791893379,-12.49985529494,
    21.390902292295));
#1797 = CARTESIAN_POINT('',(-9.840511366823,-19.91427284308,
    21.390902445032));
#1798 = CARTESIAN_POINT('',(1.524656388287,-20.51545468039,
    21.390902371942));
#1799 = CARTESIAN_POINT('',(10.397773609913,-15.5344684064,
    21.390902393787));
#1800 = CARTESIAN_POINT('',(14.834477469151,-7.767314247976,
    21.390902390632));
#1801 = CARTESIAN_POINT('',(14.834477469144,9.769962616701E-15,
    21.390902390632));
#1802 = PCURVE('',#1227,#1803);
#1803 = DEFINITIONAL_REPRESENTATION('',(#1804),#1808);
#1804 = LINE('',#1805,#1806);
#1805 = CARTESIAN_POINT('',(94.247779609468,0.));
#1806 = VECTOR('',#1807,1.);
#1807 = DIRECTION('',(0.,1.));
#1808 = ( GEOMETRIC_REPRESENTATION_CONTEXT(2) 
PARAMETRIC_REPRESENTATION_CONTEXT() REPRESENTATION_CONTEXT('2D SPACE',''
  ) );
#1809 = PCURVE('',#1810,#1886);
#1810 = ( BOUNDED_SURFACE() B_SPLINE_SURFACE(14,4,(
    (#1811,#1812,#1813,#1814,#1815)
    ,(#1816,#1817,#1818,#1819,#1820)
    ,(#1821,#1822,#1823,#1824,#1825)
    ,(#1826,#1827,#1828,#1829,#1830)
    ,(#1831,#1832,#1833,#1834,#1835)
    ,(#1836,#1837,#1838,#1839,#1840)
    ,(#1841,#1842,#1843,#1844,#1845)
    ,(#1846,#1847,#1848,#1849,#1850)
    ,(#1851,#1852,#1853,#1854,#1855)
    ,(#1856,#1857,#1858,#1859,#1860)
    ,(#1861,#1862,#1863,#1864,#1865)
    ,(#1866,#1867,#1868,#1869,#1870)
    ,(#1871,#1872,#1873,#1874,#1875)
    ,(#1876,#1877,#1878,#1879,#1880)
    ,(#1881,#1882,#1883,#1884,#1885
)),.UNSPECIFIED.,.T.,.F.,.F.) B_SPLINE_SURFACE_WITH_KNOTS((15,15),(5,5),
  (0.,1.),(0.,1.),.PIECEWISE_BEZIER_KNOTS.) 
GEOMETRIC_REPRESENTATION_ITEM() RATIONAL_B_SPLINE_SURFACE((
    (1.,1.,1.,1.,1.)
    ,(1.,1.,1.,1.,1.)
    ,(1.,1.,1.,1.,1.)
    ,(1.,1.,1.,1.,1.)
    ,(1.,1.,1.,1.,1.)
    ,(1.,1.,1.,1.,1.)
    ,(1.,1.,1.,1.,1.)
    ,(1.,1.,1.,1.,1.)
    ,(1.,1.,1.,1.,1.)
    ,(1.,1.,1.,1.,1.)
    ,(1.,1.,1.,1.,1.)
    ,(1.,1.,1.,1.,1.)
    ,(1.,1.,1.,1.,1.)
    ,(1.,1.,1.,1.,1.)
,(1.,1.,1.,1.,1.))) REPRESENTATION_ITEM('') SURFACE() );
#1811 = CARTESIAN_POINT('',(15.,2.274263458738E-15,20.));
#1812 = CARTESIAN_POINT('',(11.666666666666,-7.198031731024E-14,40.));
#1813 = CARTESIAN_POINT('',(46.111111111112,1.042685396074E-13,60.));
#1814 = CARTESIAN_POINT('',(11.666666666666,-7.198031731024E-14,80.));
#1815 = CARTESIAN_POINT('',(15.,2.274263458738E-15,100.));
#1816 = CARTESIAN_POINT('',(15.000000000002,6.731984257697,20.));
#1817 = CARTESIAN_POINT('',(11.666666666661,5.235987755992,
    39.99999999997));
#1818 = CARTESIAN_POINT('',(46.111111111132,20.694618273653,
    60.000000000065));
#1819 = CARTESIAN_POINT('',(11.666666666661,5.235987755992,
    79.999999999957));
#1820 = CARTESIAN_POINT('',(15.000000000002,6.731984257697,
    100.00000000001));
#1821 = CARTESIAN_POINT('',(11.746284581999,13.463971000315,
    20.000000000003));
#1822 = CARTESIAN_POINT('',(9.135999119369,10.471977444661,
    40.000000000138));
#1823 = CARTESIAN_POINT('',(36.108948900158,41.389244186189,
    59.999999999708));
#1824 = CARTESIAN_POINT('',(9.135999119369,10.471977444661,
    80.000000000201));
#1825 = CARTESIAN_POINT('',(11.746284581999,13.463971000315,
    99.999999999949));
#1826 = CARTESIAN_POINT('',(5.238849586474,18.492290198594,
    19.999999999985));
#1827 = CARTESIAN_POINT('',(4.074660789379,14.382892376771,
    39.999999999614));
#1828 = CARTESIAN_POINT('',(16.104611691935,56.846669869638,
    60.00000000078));
#1829 = CARTESIAN_POINT('',(4.074660789379,14.38289237677,
    79.999999999425));
#1830 = CARTESIAN_POINT('',(5.238849586474,18.492290198594,
    100.00000000011));
#1831 = CARTESIAN_POINT('',(-3.549159221086,20.113463937399,
    20.000000000043));
#1832 = CARTESIAN_POINT('',(-2.760457171742,15.643805284449,
    40.000000000794));
#1833 = CARTESIAN_POINT('',(-10.91037834668,61.830278030041,
    59.999999998489));
#1834 = CARTESIAN_POINT('',(-2.760457171742,15.643805284448,
    80.00000000121));
#1835 = CARTESIAN_POINT('',(-3.549159221086,20.113463937399,
    99.999999999818));
#1836 = CARTESIAN_POINT('',(-12.67163490604,17.234652915136,
    19.999999999911));
#1837 = CARTESIAN_POINT('',(-9.855716038392,13.404730045449,
    39.999999998735));
#1838 = CARTESIAN_POINT('',(-38.95354434016,52.980599701632,
    60.000000002254));
#1839 = CARTESIAN_POINT('',(-9.855716038392,13.404730045449,
    79.999999998016));
#1840 = CARTESIAN_POINT('',(-12.67163490604,17.234652915136,
    100.0000000002));
#1841 = CARTESIAN_POINT('',(-19.63562552488,9.98827867899,20.00000000014
    ));
#1842 = CARTESIAN_POINT('',(-15.27215318552,7.768661194284,
    40.000000001608));
#1843 = CARTESIAN_POINT('',(-60.36136735514,30.704708532349,
    59.999999997325));
#1844 = CARTESIAN_POINT('',(-15.27215318552,7.768661194284,
    80.000000002607));
#1845 = CARTESIAN_POINT('',(-19.63562552488,9.98827867899,
    99.999999999838));
#1846 = CARTESIAN_POINT('',(-22.25742903073,1.669917537583E-10,
    19.99999999983));
#1847 = CARTESIAN_POINT('',(-17.31133369112,6.922841559269E-10,
    39.999999998347));
#1848 = CARTESIAN_POINT('',(-68.42098553791,-2.166097424884E-10,
    60.000000002562));
#1849 = CARTESIAN_POINT('',(-17.31133369112,6.922841559269E-10,
    79.99999999722));
#1850 = CARTESIAN_POINT('',(-22.25742903073,1.669917537583E-10,
    100.00000000009));
#1851 = CARTESIAN_POINT('',(-19.63562552488,-9.988278679296,
    20.000000000164));
#1852 = CARTESIAN_POINT('',(-15.27215318549,-7.768661195542,
    40.000000001384));
#1853 = CARTESIAN_POINT('',(-60.36136735517,-30.70470853197,
    59.999999998003));
#1854 = CARTESIAN_POINT('',(-15.27215318549,-7.768661195542,
    80.00000000242));
#1855 = CARTESIAN_POINT('',(-19.63562552488,-9.988278679296,
    99.999999999969));
#1856 = CARTESIAN_POINT('',(-12.67163490604,-17.2346529149,
    19.999999999874));
#1857 = CARTESIAN_POINT('',(-9.855716038429,-13.40473004451,
    39.999999999057));
#1858 = CARTESIAN_POINT('',(-38.95354434012,-52.98059970187,
    60.000000001261));
#1859 = CARTESIAN_POINT('',(-9.855716038429,-13.40473004451,
    79.999999998283));
#1860 = CARTESIAN_POINT('',(-12.67163490604,-17.2346529149,
    99.999999999997));
#1861 = CARTESIAN_POINT('',(-3.549159221086,-20.11346393754,
    20.000000000077));
#1862 = CARTESIAN_POINT('',(-2.760457171718,-15.64380528501,
    40.000000000518));
#1863 = CARTESIAN_POINT('',(-10.9103783467,-61.83027802992,
    59.999999999363));
#1864 = CARTESIAN_POINT('',(-2.760457171718,-15.64380528501,
    80.000000000983));
#1865 = CARTESIAN_POINT('',(-3.549159221086,-20.11346393754,
    100.00000000001));
#1866 = CARTESIAN_POINT('',(5.238849586474,-18.49229019852,
    19.999999999963));
#1867 = CARTESIAN_POINT('',(4.07466078937,-14.3828923765,39.999999999777
    ));
#1868 = CARTESIAN_POINT('',(16.104611691939,-56.84666986966,
    60.000000000251));
#1869 = CARTESIAN_POINT('',(4.07466078937,-14.3828923765,79.999999999559
    ));
#1870 = CARTESIAN_POINT('',(5.238849586474,-18.49229019852,
    99.999999999988));
#1871 = CARTESIAN_POINT('',(11.746284581999,-13.46397100034,
    20.000000000013));
#1872 = CARTESIAN_POINT('',(9.13599911937,-10.47197744475,
    40.000000000072));
#1873 = CARTESIAN_POINT('',(36.10894890016,-41.38924418618,
    59.999999999927));
#1874 = CARTESIAN_POINT('',(9.13599911937,-10.47197744475,
    80.000000000146));
#1875 = CARTESIAN_POINT('',(11.746284581999,-13.46397100034,100.));
#1876 = CARTESIAN_POINT('',(15.000000000002,-6.731984257691,
    19.999999999997));
#1877 = CARTESIAN_POINT('',(11.666666666661,-5.235987755972,
    39.999999999986));
#1878 = CARTESIAN_POINT('',(46.111111111131,-20.69461827365,
    60.000000000013));
#1879 = CARTESIAN_POINT('',(11.666666666661,-5.235987755972,
    79.999999999971));
#1880 = CARTESIAN_POINT('',(15.000000000002,-6.731984257691,
    99.999999999999));
#1881 = CARTESIAN_POINT('',(15.,2.663334543495E-15,20.));
#1882 = CARTESIAN_POINT('',(11.666666666666,1.106949290452E-13,40.));
#1883 = CARTESIAN_POINT('',(46.111111111112,-2.324379725083E-13,60.));
#1884 = CARTESIAN_POINT('',(11.666666666666,1.106949290452E-13,80.));
#1885 = CARTESIAN_POINT('',(15.,2.663334543495E-15,100.));
#1886 = DEFINITIONAL_REPRESENTATION('',(#1887),#1910);
#1887 = B_SPLINE_CURVE_WITH_KNOTS('',11,(#1888,#1889,#1890,#1891,#1892,
    #1893,#1894,#1895,#1896,#1897,#1898,#1899,#1900,#1901,#1902,#1903,
    #1904,#1905,#1906,#1907,#1908,#1909),.UNSPECIFIED.,.F.,.F.,(12,10,12
    ),(4.006224121437E-14,47.123889804734,94.247779609468),
  .UNSPECIFIED.);
#1888 = CARTESIAN_POINT('',(2.026157019941E-15,1.738627988291E-02));
#1889 = CARTESIAN_POINT('',(4.545454550421E-02,1.738627988292E-02));
#1890 = CARTESIAN_POINT('',(9.090854466472E-02,1.738627989469E-02));
#1891 = CARTESIAN_POINT('',(0.136365334263,1.738627985985E-02));
#1892 = CARTESIAN_POINT('',(0.181815741551,1.73862798925E-02));
#1893 = CARTESIAN_POINT('',(0.22727474989,1.73862798888E-02));
#1894 = CARTESIAN_POINT('',(0.272726348799,1.73862798835E-02));
#1895 = CARTESIAN_POINT('',(0.318181958328,1.738627987945E-02));
#1896 = CARTESIAN_POINT('',(0.363636336891,1.738627988094E-02));
#1897 = CARTESIAN_POINT('',(0.409090959282,1.738627988273E-02));
#1898 = CARTESIAN_POINT('',(0.454545477019,1.738627988367E-02));
#1899 = CARTESIAN_POINT('',(0.545454522981,1.738627988368E-02));
#1900 = CARTESIAN_POINT('',(0.590909040718,1.738627988272E-02));
#1901 = CARTESIAN_POINT('',(0.63636366311,1.738627988096E-02));
#1902 = CARTESIAN_POINT('',(0.681818041671,1.738627987943E-02));
#1903 = CARTESIAN_POINT('',(0.727273651202,1.738627988353E-02));
#1904 = CARTESIAN_POINT('',(0.772725250109,1.738627988878E-02));
#1905 = CARTESIAN_POINT('',(0.818184258449,1.738627989253E-02));
#1906 = CARTESIAN_POINT('',(0.863634665737,1.738627985984E-02));
#1907 = CARTESIAN_POINT('',(0.909091455336,1.738627989468E-02));
#1908 = CARTESIAN_POINT('',(0.954545454496,1.738627988293E-02));
#1909 = CARTESIAN_POINT('',(1.,1.738627988291E-02));
#1910 = ( GEOMETRIC_REPRESENTATION_CONTEXT(2) 
PARAMETRIC_REPRESENTATION_CONTEXT() REPRESENTATION_CONTEXT('2D SPACE',''
  ) );
#1911 = ORIENTED_EDGE('',*,*,#1765,.F.);
#1912 = ORIENTED_EDGE('',*,*,#1191,.F.);
#1913 = ADVANCED_FACE('',(#1914),#1316,.F.);
#1914 = FACE_BOUND('',#1915,.F.);
#1915 = EDGE_LOOP('',(#1916,#1937,#1987,#1988));
#1916 = ORIENTED_EDGE('',*,*,#1917,.T.);
#1917 = EDGE_CURVE('',#1281,#1918,#1920,.T.);
#1918 = VERTEX_POINT('',#1919);
#1919 = CARTESIAN_POINT('',(14.834477469144,-2.448009327131E-15,
    98.609097609368));
#1920 = SEAM_CURVE('',#1921,(#1925,#1931),.PCURVE_S1.);
#1921 = ( BOUNDED_CURVE() B_SPLINE_CURVE(2,(#1922,#1923,#1924),
.UNSPECIFIED.,.F.,.F.) B_SPLINE_CURVE_WITH_KNOTS((3,3),(0.,
94.247779609468),.PIECEWISE_BEZIER_KNOTS.) CURVE() 
GEOMETRIC_REPRESENTATION_ITEM() RATIONAL_B_SPLINE_CURVE((1.,
0.732370036108,1.)) REPRESENTATION_ITEM('') );
#1922 = CARTESIAN_POINT('',(16.330504778931,-4.744895989522E-13,100.));
#1923 = CARTESIAN_POINT('',(14.935908856585,9.196809980239E-14,100.));
#1924 = CARTESIAN_POINT('',(14.834477469144,-2.448009327131E-15,
    98.609097609368));
#1925 = PCURVE('',#1316,#1926);
#1926 = DEFINITIONAL_REPRESENTATION('',(#1927),#1930);
#1927 = B_SPLINE_CURVE_WITH_KNOTS('',1,(#1928,#1929),.UNSPECIFIED.,.F.,
  .F.,(2,2),(0.,94.247779609468),.PIECEWISE_BEZIER_KNOTS.);
#1928 = CARTESIAN_POINT('',(0.,4.00622412143E-14));
#1929 = CARTESIAN_POINT('',(94.247779609468,4.00622412143E-14));
#1930 = ( GEOMETRIC_REPRESENTATION_CONTEXT(2) 
PARAMETRIC_REPRESENTATION_CONTEXT() REPRESENTATION_CONTEXT('2D SPACE',''
  ) );
#1931 = PCURVE('',#1316,#1932);
#1932 = DEFINITIONAL_REPRESENTATION('',(#1933),#1936);
#1933 = B_SPLINE_CURVE_WITH_KNOTS('',1,(#1934,#1935),.UNSPECIFIED.,.F.,
  .F.,(2,2),(0.,94.247779609468),.PIECEWISE_BEZIER_KNOTS.);
#1934 = CARTESIAN_POINT('',(0.,94.247779609468));
#1935 = CARTESIAN_POINT('',(94.247779609468,94.247779609468));
#1936 = ( GEOMETRIC_REPRESENTATION_CONTEXT(2) 
PARAMETRIC_REPRESENTATION_CONTEXT() REPRESENTATION_CONTEXT('2D SPACE',''
  ) );
#1937 = ORIENTED_EDGE('',*,*,#1938,.T.);
#1938 = EDGE_CURVE('',#1918,#1918,#1939,.T.);
#1939 = SURFACE_CURVE('',#1940,(#1954,#1961),.PCURVE_S1.);
#1940 = ( BOUNDED_CURVE() B_SPLINE_CURVE(12,(#1941,#1942,#1943,#1944,
    #1945,#1946,#1947,#1948,#1949,#1950,#1951,#1952,#1953),
.UNSPECIFIED.,.T.,.F.) B_SPLINE_CURVE_WITH_KNOTS((13,13),(
4.00622412143E-14,94.247779609468),.PIECEWISE_BEZIER_KNOTS.) CURVE() 
GEOMETRIC_REPRESENTATION_ITEM() RATIONAL_B_SPLINE_CURVE((1.,1.,
    1.000000000001,0.999999999998,1.000000000003,0.999999999995,
    1.000000000005,0.999999999995,1.000000000003,0.999999999998,
1.000000000001,1.,1.)) REPRESENTATION_ITEM('') );
#1941 = CARTESIAN_POINT('',(14.834477469144,-2.448009327131E-15,
    98.609097609368));
#1942 = CARTESIAN_POINT('',(14.834477469148,7.767314247963,
    98.609097609367));
#1943 = CARTESIAN_POINT('',(10.397773609926,15.53446840642,
    98.609097606219));
#1944 = CARTESIAN_POINT('',(1.524656388251,20.515454680429,
    98.609097628044));
#1945 = CARTESIAN_POINT('',(-9.84051136676,19.914272842856,
    98.609097554993));
#1946 = CARTESIAN_POINT('',(-19.79791893386,12.499855295513,
    98.609097707674));
#1947 = CARTESIAN_POINT('',(-23.90590950586,-9.151438669364E-10,
    98.609097490378));
#1948 = CARTESIAN_POINT('',(-19.7979189338,-12.49985529394,
    98.609097707691));
#1949 = CARTESIAN_POINT('',(-9.840511366837,-19.91427284383,
    98.609097554971));
#1950 = CARTESIAN_POINT('',(1.524656388302,-20.51545468,98.60909762806)
  );
#1951 = CARTESIAN_POINT('',(10.397773609906,-15.53446840652,
    98.609097606212));
#1952 = CARTESIAN_POINT('',(14.834477469152,-7.767314247957,
    98.609097609368));
#1953 = CARTESIAN_POINT('',(14.834477469144,9.769962616701E-15,
    98.609097609368));
#1954 = PCURVE('',#1316,#1955);
#1955 = DEFINITIONAL_REPRESENTATION('',(#1956),#1960);
#1956 = LINE('',#1957,#1958);
#1957 = CARTESIAN_POINT('',(94.247779609468,0.));
#1958 = VECTOR('',#1959,1.);
#1959 = DIRECTION('',(0.,1.));
#1960 = ( GEOMETRIC_REPRESENTATION_CONTEXT(2) 
PARAMETRIC_REPRESENTATION_CONTEXT() REPRESENTATION_CONTEXT('2D SPACE',''
  ) );
#1961 = PCURVE('',#1810,#1962);
#1962 = DEFINITIONAL_REPRESENTATION('',(#1963),#1986);
#1963 = B_SPLINE_CURVE_WITH_KNOTS('',11,(#1964,#1965,#1966,#1967,#1968,
    #1969,#1970,#1971,#1972,#1973,#1974,#1975,#1976,#1977,#1978,#1979,
    #1980,#1981,#1982,#1983,#1984,#1985),.UNSPECIFIED.,.F.,.F.,(12,10,12
    ),(4.00622412143E-14,47.123889804734,94.247779609468),
  .UNSPECIFIED.);
#1964 = CARTESIAN_POINT('',(2.889355421587E-14,0.982613720117));
#1965 = CARTESIAN_POINT('',(4.545454550416E-02,0.982613720117));
#1966 = CARTESIAN_POINT('',(9.090854466438E-02,0.982613720106));
#1967 = CARTESIAN_POINT('',(0.136365334264,0.98261372014));
#1968 = CARTESIAN_POINT('',(0.181815741549,0.982613720108));
#1969 = CARTESIAN_POINT('',(0.227274749893,0.98261372011));
#1970 = CARTESIAN_POINT('',(0.272726348797,0.982613720117));
#1971 = CARTESIAN_POINT('',(0.318181958329,0.98261372012));
#1972 = CARTESIAN_POINT('',(0.36363633689,0.982613720119));
#1973 = CARTESIAN_POINT('',(0.409090959282,0.982613720117));
#1974 = CARTESIAN_POINT('',(0.454545477019,0.982613720116));
#1975 = CARTESIAN_POINT('',(0.545454522981,0.982613720116));
#1976 = CARTESIAN_POINT('',(0.590909040718,0.982613720117));
#1977 = CARTESIAN_POINT('',(0.636363663109,0.98261372012));
#1978 = CARTESIAN_POINT('',(0.681818041672,0.982613720119));
#1979 = CARTESIAN_POINT('',(0.7272736512,0.982613720118));
#1980 = CARTESIAN_POINT('',(0.772725250111,0.98261372011));
#1981 = CARTESIAN_POINT('',(0.818184258447,0.982613720108));
#1982 = CARTESIAN_POINT('',(0.863634665738,0.98261372014));
#1983 = CARTESIAN_POINT('',(0.909091455335,0.982613720106));
#1984 = CARTESIAN_POINT('',(0.954545454496,0.982613720117));
#1985 = CARTESIAN_POINT('',(1.,0.982613720117));
#1986 = ( GEOMETRIC_REPRESENTATION_CONTEXT(2) 
PARAMETRIC_REPRESENTATION_CONTEXT() REPRESENTATION_CONTEXT('2D SPACE',''
  ) );
#1987 = ORIENTED_EDGE('',*,*,#1917,.F.);
#1988 = ORIENTED_EDGE('',*,*,#1280,.F.);
#1989 = ADVANCED_FACE('',(#1990),#1563,.T.);
#1990 = FACE_BOUND('',#1991,.T.);
#1991 = EDGE_LOOP('',(#1992,#2013,#2262,#2263));
#1992 = ORIENTED_EDGE('',*,*,#1993,.T.);
#1993 = EDGE_CURVE('',#1370,#1994,#1996,.T.);
#1994 = VERTEX_POINT('',#1995);
#1995 = CARTESIAN_POINT('',(10.849056610852,-22.52327623024,60.));
#1996 = SEAM_CURVE('',#1997,(#2001,#2007),.PCURVE_S1.);
#1997 = ( BOUNDED_CURVE() B_SPLINE_CURVE(2,(#1998,#1999,#2000),
.UNSPECIFIED.,.F.,.F.) B_SPLINE_CURVE_WITH_KNOTS((3,3),(0.,
62.904982141121),.PIECEWISE_BEZIER_KNOTS.) CURVE() 
GEOMETRIC_REPRESENTATION_ITEM() RATIONAL_B_SPLINE_CURVE((1.,
0.846747382464,1.)) REPRESENTATION_ITEM('') );
#1998 = CARTESIAN_POINT('',(10.,-23.87467280568,60.));
#1999 = CARTESIAN_POINT('',(10.,-22.93225150653,60.000000017722));
#2000 = CARTESIAN_POINT('',(10.849056610852,-22.52327623024,60.));
#2001 = PCURVE('',#1563,#2002);
#2002 = DEFINITIONAL_REPRESENTATION('',(#2003),#2006);
#2003 = B_SPLINE_CURVE_WITH_KNOTS('',1,(#2004,#2005),.UNSPECIFIED.,.F.,
  .F.,(2,2),(0.,62.904982141121),.PIECEWISE_BEZIER_KNOTS.);
#2004 = CARTESIAN_POINT('',(0.,-19.04108788788));
#2005 = CARTESIAN_POINT('',(62.904982141121,-19.04108788788));
#2006 = ( GEOMETRIC_REPRESENTATION_CONTEXT(2) 
PARAMETRIC_REPRESENTATION_CONTEXT() REPRESENTATION_CONTEXT('2D SPACE',''
  ) );
#2007 = PCURVE('',#1563,#2008);
#2008 = DEFINITIONAL_REPRESENTATION('',(#2009),#2012);
#2009 = B_SPLINE_CURVE_WITH_KNOTS('',1,(#2010,#2011),.UNSPECIFIED.,.F.,
  .F.,(2,2),(0.,62.904982141121),.PIECEWISE_BEZIER_KNOTS.);
#2010 = CARTESIAN_POINT('',(0.,43.863894253232));
#2011 = CARTESIAN_POINT('',(62.904982141121,43.863894253232));
#2012 = ( GEOMETRIC_REPRESENTATION_CONTEXT(2) 
PARAMETRIC_REPRESENTATION_CONTEXT() REPRESENTATION_CONTEXT('2D SPACE',''
  ) );
#2013 = ORIENTED_EDGE('',*,*,#2014,.T.);
#2014 = EDGE_CURVE('',#1994,#1994,#2015,.T.);
#2015 = SURFACE_CURVE('',#2016,(#2080,#2087),.PCURVE_S1.);
#2016 = ( BOUNDED_CURVE() B_SPLINE_CURVE(13,(#2017,#2018,#2019,#2020,
    #2021,#2022,#2023,#2024,#2025,#2026,#2027,#2028,#2029,#2030,#2031,
    #2032,#2033,#2034,#2035,#2036,#2037,#2038,#2039,#2040,#2041,#2042,
    #2043,#2044,#2045,#2046,#2047,#2048,#2049,#2050,#2051,#2052,#2053,
    #2054,#2055,#2056,#2057,#2058,#2059,#2060,#2061,#2062,#2063,#2064,
    #2065,#2066,#2067,#2068,#2069,#2070,#2071,#2072,#2073,#2074,#2075,
    #2076,#2077,#2078,#2079),.UNSPECIFIED.,.T.,.F.) 
B_SPLINE_CURVE_WITH_KNOTS((14,12,13,12,12,14),(-19.04108788788,
    -10.53807091316,0.,12.422055061108,28.15813461575,43.863894253232),
.UNSPECIFIED.) CURVE() GEOMETRIC_REPRESENTATION_ITEM() 
RATIONAL_B_SPLINE_CURVE((1.,1.,1.,0.999999999999,1.000000000002,
    0.999999999997,1.000000000004,0.999999999996,1.000000000003,
    0.999999999998,1.000000000001,1.,1.,1.,1.,1.,1.,1.000000000001,
    0.999999999998,1.000000000002,0.999999999998,1.000000000002,
    0.999999999999,1.,1.,1.,1.,1.000000000001,0.999999999998,
    1.000000000003,0.999999999996,1.000000000005,0.999999999996,
    1.000000000003,0.999999999998,1.000000000001,1.,1.,1.,1.,
    1.000000000001,0.999999999998,1.000000000003,0.999999999997,
    1.000000000003,0.999999999997,1.000000000002,0.999999999999,1.,1.,1.
    ,1.,1.000000000001,0.999999999997,1.000000000004,0.999999999995,
    1.000000000005,0.999999999996,1.000000000002,0.999999999999,1.,1.,1.
)) REPRESENTATION_ITEM('') );
#2017 = CARTESIAN_POINT('',(10.849056610852,-22.52327623024,60.));
#2018 = CARTESIAN_POINT('',(10.84905623155,-22.52327627573,
    59.286511397549));
#2019 = CARTESIAN_POINT('',(10.799647213462,-22.52921653548,
    58.573057184088));
#2020 = CARTESIAN_POINT('',(10.70089181528,-22.5410881654,
    57.863446089948));
#2021 = CARTESIAN_POINT('',(10.553107592489,-22.55882311287,
    57.161391277503));
#2022 = CARTESIAN_POINT('',(10.35695107595,-22.58228385223,
    56.470560871688));
#2023 = CARTESIAN_POINT('',(10.113431508636,-22.61124623082,
    55.794577403198));
#2024 = CARTESIAN_POINT('',(9.823875858511,-22.64537900798,
    55.136981051699));
#2025 = CARTESIAN_POINT('',(9.48986632833,-22.684223669,54.501177518141)
  );
#2026 = CARTESIAN_POINT('',(9.113171579009,-22.72717809659,
    53.890391352616));
#2027 = CARTESIAN_POINT('',(8.695692888462,-22.77348768185,
    53.307645567512));
#2028 = CARTESIAN_POINT('',(8.23944646208,-22.82224745728,
    52.755788362225));
#2029 = CARTESIAN_POINT('',(7.746603116365,-22.87241883373,
    52.237587788824));
#2030 = CARTESIAN_POINT('',(6.566482235792,-22.98538354077,
    51.158962355381));
#2031 = CARTESIAN_POINT('',(5.860796965386,-23.04832588712,
    50.618052651739));
#2032 = CARTESIAN_POINT('',(5.107933538163,-23.10950112354,
    50.138598982188));
#2033 = CARTESIAN_POINT('',(4.310202555702,-23.16662595032,
    49.724950553772));
#2034 = CARTESIAN_POINT('',(3.478058654155,-23.21695722954,49.3833456066
    ));
#2035 = CARTESIAN_POINT('',(2.614100688584,-23.25824144147,
    49.116947014696));
#2036 = CARTESIAN_POINT('',(1.724388501787,-23.28821989023,
    48.929915807138));
#2037 = CARTESIAN_POINT('',(0.821643370467,-23.30492957248,
    48.827010859158));
#2038 = CARTESIAN_POINT('',(-8.452449796606E-02,-23.30765610765,
    48.809133534245));
#2039 = CARTESIAN_POINT('',(-0.988237483944,-23.29685487761,
    48.874359320225));
#2040 = CARTESIAN_POINT('',(-1.877513538529,-23.27325788951,
    49.022811464071));
#2041 = CARTESIAN_POINT('',(-2.745541301251,-23.23869618441,
    49.250432890944));
#2042 = CARTESIAN_POINT('',(-3.583906661273,-23.19523116552,
    49.553202482849));
#2043 = CARTESIAN_POINT('',(-4.572112298301,-23.1439976832,
    49.910085807385));
#2044 = CARTESIAN_POINT('',(-5.520073340051,-23.08035839992,
    50.37160645514));
#2045 = CARTESIAN_POINT('',(-6.415868108525,-23.00765598541,
    50.931578496563));
#2046 = CARTESIAN_POINT('',(-7.249432426884,-22.92998223764,
    51.581968947851));
#2047 = CARTESIAN_POINT('',(-8.012411208034,-22.85157379488,
    52.314362474805));
#2048 = CARTESIAN_POINT('',(-8.697611805618,-22.77633684694,
    53.120336220833));
#2049 = CARTESIAN_POINT('',(-9.298478538411,-22.70753497868,
    53.991266571216));
#2050 = CARTESIAN_POINT('',(-9.808847507253,-22.64764932728,
    54.917963725345));
#2051 = CARTESIAN_POINT('',(-10.22308053778,-22.59839528232,
    55.890404013915));
#2052 = CARTESIAN_POINT('',(-10.53651678785,-22.56085500675,
    56.897703955126));
#2053 = CARTESIAN_POINT('',(-10.74602027414,-22.53566010402,
    57.928354111024));
#2054 = CARTESIAN_POINT('',(-10.85024127822,-22.52313380555,
    58.970604861856));
#2055 = CARTESIAN_POINT('',(-10.84753933387,-22.52345862409,
    61.332970352141));
#2056 = CARTESIAN_POINT('',(-10.67683899944,-22.54397698928,
    62.653110519786));
#2057 = CARTESIAN_POINT('',(-10.3378122294,-22.58475260106,
    63.948062232249));
#2058 = CARTESIAN_POINT('',(-9.830284356872,-22.64531413687,
    65.199696920196));
#2059 = CARTESIAN_POINT('',(-9.175958513075,-22.72277733789,
    66.367748774927));
#2060 = CARTESIAN_POINT('',(-8.355911689629,-22.81684841899,
    67.467969289977));
#2061 = CARTESIAN_POINT('',(-7.432940388138,-22.91832172071,
    68.425218562068));
#2062 = CARTESIAN_POINT('',(-6.361500755752,-23.02436754503,
    69.288157861737));
#2063 = CARTESIAN_POINT('',(-5.209183169061,-23.1223790224,
    69.985012770556));
#2064 = CARTESIAN_POINT('',(-3.957364364835,-23.20453168548,
    70.531912352132));
#2065 = CARTESIAN_POINT('',(-2.650952707342,-23.26151567484,
    70.897117970299));
#2066 = CARTESIAN_POINT('',(-1.313836597803,-23.28980295365,
    71.078798681939));
#2067 = CARTESIAN_POINT('',(1.356750286282,-23.28890126219,
    71.073009115591));
#2068 = CARTESIAN_POINT('',(2.690523851894,-23.25981397859,
    70.886164467857));
#2069 = CARTESIAN_POINT('',(3.992248587786,-23.20230420794,
    70.517191660613));
#2070 = CARTESIAN_POINT('',(5.24017837627,-23.11978101788,
    69.966818912392));
#2071 = CARTESIAN_POINT('',(6.389697237537,-23.0217283788,
    69.265615266602));
#2072 = CARTESIAN_POINT('',(7.44801290991,-22.91644758752,
    68.410824041726));
#2073 = CARTESIAN_POINT('',(8.382922291265,-22.81414550219,67.435380991)
  );
#2074 = CARTESIAN_POINT('',(9.179956457295,-22.72198053322,
    66.356233533581));
#2075 = CARTESIAN_POINT('',(9.844779091765,-22.64377808575,
    65.174349603255));
#2076 = CARTESIAN_POINT('',(10.342562906527,-22.58412041119,
    63.930156841371));
#2077 = CARTESIAN_POINT('',(10.680692832139,-22.54352398671,
    62.635760311497));
#2078 = CARTESIAN_POINT('',(10.849057311452,-22.52327614619,
    61.317854207207));
#2079 = CARTESIAN_POINT('',(10.849056610855,-22.52327623023,60.));
#2080 = PCURVE('',#1563,#2081);
#2081 = DEFINITIONAL_REPRESENTATION('',(#2082),#2086);
#2082 = LINE('',#2083,#2084);
#2083 = CARTESIAN_POINT('',(62.904982141121,0.));
#2084 = VECTOR('',#2085,1.);
#2085 = DIRECTION('',(0.,1.));
#2086 = ( GEOMETRIC_REPRESENTATION_CONTEXT(2) 
PARAMETRIC_REPRESENTATION_CONTEXT() REPRESENTATION_CONTEXT('2D SPACE',''
  ) );
#2087 = PCURVE('',#1810,#2088);
#2088 = DEFINITIONAL_REPRESENTATION('',(#2089),#2261);
#2089 = B_SPLINE_CURVE_WITH_KNOTS('',10,(#2090,#2091,#2092,#2093,#2094,
    #2095,#2096,#2097,#2098,#2099,#2100,#2101,#2102,#2103,#2104,#2105,
    #2106,#2107,#2108,#2109,#2110,#2111,#2112,#2113,#2114,#2115,#2116,
    #2117,#2118,#2119,#2120,#2121,#2122,#2123,#2124,#2125,#2126,#2127,
    #2128,#2129,#2130,#2131,#2132,#2133,#2134,#2135,#2136,#2137,#2138,
    #2139,#2140,#2141,#2142,#2143,#2144,#2145,#2146,#2147,#2148,#2149,
    #2150,#2151,#2152,#2153,#2154,#2155,#2156,#2157,#2158,#2159,#2160,
    #2161,#2162,#2163,#2164,#2165,#2166,#2167,#2168,#2169,#2170,#2171,
    #2172,#2173,#2174,#2175,#2176,#2177,#2178,#2179,#2180,#2181,#2182,
    #2183,#2184,#2185,#2186,#2187,#2188,#2189,#2190,#2191,#2192,#2193,
    #2194,#2195,#2196,#2197,#2198,#2199,#2200,#2201,#2202,#2203,#2204,
    #2205,#2206,#2207,#2208,#2209,#2210,#2211,#2212,#2213,#2214,#2215,
    #2216,#2217,#2218,#2219,#2220,#2221,#2222,#2223,#2224,#2225,#2226,
    #2227,#2228,#2229,#2230,#2231,#2232,#2233,#2234,#2235,#2236,#2237,
    #2238,#2239,#2240,#2241,#2242,#2243,#2244,#2245,#2246,#2247,#2248,
    #2249,#2250,#2251,#2252,#2253,#2254,#2255,#2256,#2257,#2258,#2259,
    #2260),.UNSPECIFIED.,.F.,.F.,(11,10,10,10,10,10,10,10,10,10,10,10,10
    ,10,10,10,10,11),(-19.04108788788,-11.17796512024,-10.19507477429,
    -9.212184428338,-7.246403736428,-3.314842352608,-1.349061660698,
    -0.366171314743,-0.120448728255,2.412564989762E-03,0.125273858234,
    0.616719031212,4.548280415032,12.411403182672,20.274525950312,
    28.137648717952,36.000771485592,43.863894253232),.UNSPECIFIED.);
#2090 = CARTESIAN_POINT('',(0.821442443108,0.49999992575));
#2091 = CARTESIAN_POINT('',(0.821442442555,0.489278263266));
#2092 = CARTESIAN_POINT('',(0.820998027948,0.47855723848));
#2093 = CARTESIAN_POINT('',(0.820110099287,0.467927189728));
#2094 = CARTESIAN_POINT('',(0.818778964591,0.457472138372));
#2095 = CARTESIAN_POINT('',(0.817007516096,0.447283534842));
#2096 = CARTESIAN_POINT('',(0.81479998327,0.437438823587));
#2097 = CARTESIAN_POINT('',(0.81216384692,0.428022900065));
#2098 = CARTESIAN_POINT('',(0.809108923877,0.419105345705));
#2099 = CARTESIAN_POINT('',(0.805648903004,0.410754454415));
#2100 = CARTESIAN_POINT('',(0.801803640018,0.403036626392));
#2101 = CARTESIAN_POINT('',(0.801322983825,0.402071900904));
#2102 = CARTESIAN_POINT('',(0.800836298143,0.401117056588));
#2103 = CARTESIAN_POINT('',(0.800343656349,0.4001722619));
#2104 = CARTESIAN_POINT('',(0.799845047207,0.39923759582));
#2105 = CARTESIAN_POINT('',(0.799340540518,0.398313209277));
#2106 = CARTESIAN_POINT('',(0.798830204944,0.39739926294));
#2107 = CARTESIAN_POINT('',(0.798314052931,0.396495868536));
#2108 = CARTESIAN_POINT('',(0.797792102614,0.395603121272));
#2109 = CARTESIAN_POINT('',(0.797264461735,0.394721171491));
#2110 = CARTESIAN_POINT('',(0.796731153599,0.393850144101));
#2111 = CARTESIAN_POINT('',(0.796197845019,0.392979115505));
#2112 = CARTESIAN_POINT('',(0.79565887695,0.392119007212));
#2113 = CARTESIAN_POINT('',(0.795114297476,0.391269943499));
#2114 = CARTESIAN_POINT('',(0.794564156603,0.39043204803));
#2115 = CARTESIAN_POINT('',(0.794008506255,0.389605443863));
#2116 = CARTESIAN_POINT('',(0.793447400278,0.388790253448));
#2117 = CARTESIAN_POINT('',(0.79288089444,0.387986598626));
#2118 = CARTESIAN_POINT('',(0.792309046425,0.387194600629));
#2119 = CARTESIAN_POINT('',(0.791731915842,0.386414380081));
#2120 = CARTESIAN_POINT('',(0.791149564217,0.385646056998));
#2121 = CARTESIAN_POINT('',(0.789984863343,0.384109417676));
#2122 = CARTESIAN_POINT('',(0.788799279969,0.382620355654));
#2123 = CARTESIAN_POINT('',(0.787593319436,0.38117984685));
#2124 = CARTESIAN_POINT('',(0.786367521315,0.379788847064));
#2125 = CARTESIAN_POINT('',(0.785122459416,0.378448291982));
#2126 = CARTESIAN_POINT('',(0.783858741783,0.377159097171));
#2127 = CARTESIAN_POINT('',(0.782577010694,0.375922158084));
#2128 = CARTESIAN_POINT('',(0.781277942662,0.374738350058));
#2129 = CARTESIAN_POINT('',(0.779962248437,0.373608528311));
#2130 = CARTESIAN_POINT('',(0.778630673001,0.372533527949));
#2131 = CARTESIAN_POINT('',(0.775967525969,0.370383514651));
#2132 = CARTESIAN_POINT('',(0.773240857264,0.368452738261));
#2133 = CARTESIAN_POINT('',(0.770456695329,0.366747774202));
#2134 = CARTESIAN_POINT('',(0.767621618133,0.365274724917));
#2135 = CARTESIAN_POINT('',(0.764742985252,0.364039142315));
#2136 = CARTESIAN_POINT('',(0.761828901175,0.363045809107));
#2137 = CARTESIAN_POINT('',(0.758888012489,0.362298473374));
#2138 = CARTESIAN_POINT('',(0.755929241534,0.361799630729));
#2139 = CARTESIAN_POINT('',(0.752961559172,0.361550448436));
#2140 = CARTESIAN_POINT('',(0.749993899281,0.361550925836));
#2141 = CARTESIAN_POINT('',(0.74851006931,0.361551163334));
#2142 = CARTESIAN_POINT('',(0.747026246382,0.361613816039));
#2143 = CARTESIAN_POINT('',(0.745543546629,0.361738878568));
#2144 = CARTESIAN_POINT('',(0.744063084673,0.361926271717));
#2145 = CARTESIAN_POINT('',(0.742585970398,0.362175843128));
#2146 = CARTESIAN_POINT('',(0.741113305723,0.362487367945));
#2147 = CARTESIAN_POINT('',(0.739646181384,0.362860549485));
#2148 = CARTESIAN_POINT('',(0.7381856737,0.363295019893));
#2149 = CARTESIAN_POINT('',(0.736732841352,0.363790340811));
#2150 = CARTESIAN_POINT('',(0.73528872216,0.36434600404));
#2151 = CARTESIAN_POINT('',(0.734566662259,0.36462383491));
#2152 = CARTESIAN_POINT('',(0.733846780475,0.364916751497));
#2153 = CARTESIAN_POINT('',(0.733129206253,0.365224689255));
#2154 = CARTESIAN_POINT('',(0.732414067526,0.365547579323));
#2155 = CARTESIAN_POINT('',(0.731701490723,0.365885348529));
#2156 = CARTESIAN_POINT('',(0.730991600759,0.366237919389));
#2157 = CARTESIAN_POINT('',(0.730284521044,0.366605210103));
#2158 = CARTESIAN_POINT('',(0.729580373476,0.366987134562));
#2159 = CARTESIAN_POINT('',(0.728879278446,0.367383602342));
#2160 = CARTESIAN_POINT('',(0.728181354836,0.367794518705));
#2161 = CARTESIAN_POINT('',(0.728006873998,0.367897247904));
#2162 = CARTESIAN_POINT('',(0.727832591417,0.368000880271));
#2163 = CARTESIAN_POINT('',(0.727658508961,0.368105414319));
#2164 = CARTESIAN_POINT('',(0.727484628496,0.368210848558));
#2165 = CARTESIAN_POINT('',(0.727310951893,0.368317181502));
#2166 = CARTESIAN_POINT('',(0.727137481015,0.368424411659));
#2167 = CARTESIAN_POINT('',(0.726964217734,0.368532537544));
#2168 = CARTESIAN_POINT('',(0.726791163915,0.368641557665));
#2169 = CARTESIAN_POINT('',(0.726618321426,0.368751470536));
#2170 = CARTESIAN_POINT('',(0.726445692134,0.368862274667));
#2171 = CARTESIAN_POINT('',(0.726359377629,0.368917676622));
#2172 = CARTESIAN_POINT('',(0.726273116299,0.368973301465));
#2173 = CARTESIAN_POINT('',(0.726186908421,0.369029148979));
#2174 = CARTESIAN_POINT('',(0.72610075427,0.369085218948));
#2175 = CARTESIAN_POINT('',(0.72601465412,0.369141511155));
#2176 = CARTESIAN_POINT('',(0.725928608247,0.369198025383));
#2177 = CARTESIAN_POINT('',(0.725842616926,0.369254761415));
#2178 = CARTESIAN_POINT('',(0.725756680432,0.369311719035));
#2179 = CARTESIAN_POINT('',(0.72567079904,0.369368898025));
#2180 = CARTESIAN_POINT('',(0.725584973025,0.369426298168));
#2181 = CARTESIAN_POINT('',(0.725499148717,0.36948369738));
#2182 = CARTESIAN_POINT('',(0.72541337929,0.369541317623));
#2183 = CARTESIAN_POINT('',(0.725327664747,0.369599158897));
#2184 = CARTESIAN_POINT('',(0.725242005086,0.369657221201));
#2185 = CARTESIAN_POINT('',(0.725156400307,0.369715504537));
#2186 = CARTESIAN_POINT('',(0.725070850411,0.369774008903));
#2187 = CARTESIAN_POINT('',(0.724985355397,0.369832734301));
#2188 = CARTESIAN_POINT('',(0.724899915266,0.369891680729));
#2189 = CARTESIAN_POINT('',(0.724814530018,0.369950848188));
#2190 = CARTESIAN_POINT('',(0.724729199651,0.370010236677));
#2191 = CARTESIAN_POINT('',(0.724387882389,0.370247785567));
#2192 = CARTESIAN_POINT('',(0.724047457267,0.370488860216));
#2193 = CARTESIAN_POINT('',(0.723707936744,0.370733448306));
#2194 = CARTESIAN_POINT('',(0.723369333278,0.370981537521));
#2195 = CARTESIAN_POINT('',(0.723031659325,0.371233115541));
#2196 = CARTESIAN_POINT('',(0.722694927347,0.371488170049));
#2197 = CARTESIAN_POINT('',(0.722359149798,0.371746688726));
#2198 = CARTESIAN_POINT('',(0.722024339138,0.372008659256));
#2199 = CARTESIAN_POINT('',(0.721690507825,0.372274069319));
#2200 = CARTESIAN_POINT('',(0.721357668316,0.372542906598));
#2201 = CARTESIAN_POINT('',(0.718694947421,0.374693596728));
#2202 = CARTESIAN_POINT('',(0.716095640692,0.377063584378));
#2203 = CARTESIAN_POINT('',(0.713565848992,0.379646277649));
#2204 = CARTESIAN_POINT('',(0.711111013252,0.382434572976));
#2205 = CARTESIAN_POINT('',(0.708735953997,0.385421023292));
#2206 = CARTESIAN_POINT('',(0.706444915783,0.388597958525));
#2207 = CARTESIAN_POINT('',(0.704241616574,0.391957558423));
#2208 = CARTESIAN_POINT('',(0.702129302026,0.395491877716));
#2209 = CARTESIAN_POINT('',(0.700110804709,0.399192823605));
#2210 = CARTESIAN_POINT('',(0.698188608242,0.403052085586));
#2211 = CARTESIAN_POINT('',(0.694344213459,0.410770615255));
#2212 = CARTESIAN_POINT('',(0.690885005817,0.419122451782));
#2213 = CARTESIAN_POINT('',(0.687830784581,0.428041326647));
#2214 = CARTESIAN_POINT('',(0.68519555593,0.437458098194));
#2215 = CARTESIAN_POINT('',(0.682989124994,0.447300100992));
#2216 = CARTESIAN_POINT('',(0.681218408692,0.457489641529));
#2217 = CARTESIAN_POINT('',(0.679888083178,0.467943593517));
#2218 = CARTESIAN_POINT('',(0.679000710668,0.478574771352));
#2219 = CARTESIAN_POINT('',(0.678557021374,0.489294485611));
#2220 = CARTESIAN_POINT('',(0.678557557249,0.500014409714));
#2221 = CARTESIAN_POINT('',(0.678558098802,0.510734345688));
#2222 = CARTESIAN_POINT('',(0.679002899697,0.521454813784));
#2223 = CARTESIAN_POINT('',(0.679890707111,0.532083176252));
#2224 = CARTESIAN_POINT('',(0.681224139792,0.542541431377));
#2225 = CARTESIAN_POINT('',(0.682993532727,0.55272483277));
#2226 = CARTESIAN_POINT('',(0.685202229004,0.562568751592));
#2227 = CARTESIAN_POINT('',(0.68783808148,0.57198337275));
#2228 = CARTESIAN_POINT('',(0.690893580267,0.580901524074));
#2229 = CARTESIAN_POINT('',(0.694353724588,0.589251856834));
#2230 = CARTESIAN_POINT('',(0.6981990439,0.596968840511));
#2231 = CARTESIAN_POINT('',(0.702044364045,0.60468582324));
#2232 = CARTESIAN_POINT('',(0.70627474744,0.611769227533));
#2233 = CARTESIAN_POINT('',(0.710870771059,0.618153471637));
#2234 = CARTESIAN_POINT('',(0.715805738492,0.623773046866));
#2235 = CARTESIAN_POINT('',(0.721049524129,0.628571668319));
#2236 = CARTESIAN_POINT('',(0.726553707244,0.632478955681));
#2237 = CARTESIAN_POINT('',(0.732273969414,0.635457487656));
#2238 = CARTESIAN_POINT('',(0.738133919415,0.637450951038));
#2239 = CARTESIAN_POINT('',(0.744067471912,0.638449172094));
#2240 = CARTESIAN_POINT('',(0.750000848801,0.638449071828));
#2241 = CARTESIAN_POINT('',(0.755934202562,0.638448963411));
#2242 = CARTESIAN_POINT('',(0.761868157333,0.63744976008));
#2243 = CARTESIAN_POINT('',(0.767726751096,0.635458004543));
#2244 = CARTESIAN_POINT('',(0.773447832798,0.632477872046));
#2245 = CARTESIAN_POINT('',(0.778952578295,0.628569216921));
#2246 = CARTESIAN_POINT('',(0.78419534714,0.623772434575));
#2247 = CARTESIAN_POINT('',(0.789130438447,0.61815206915));
#2248 = CARTESIAN_POINT('',(0.793726356047,0.611767613221));
#2249 = CARTESIAN_POINT('',(0.797956755738,0.604683846999));
#2250 = CARTESIAN_POINT('',(0.801802032909,0.596966653076));
#2251 = CARTESIAN_POINT('',(0.805647303948,0.589249475745));
#2252 = CARTESIAN_POINT('',(0.809107447735,0.580898812044));
#2253 = CARTESIAN_POINT('',(0.812162508613,0.571981460459));
#2254 = CARTESIAN_POINT('',(0.814799190256,0.562563850624));
#2255 = CARTESIAN_POINT('',(0.817006280896,0.55272303174));
#2256 = CARTESIAN_POINT('',(0.81878020204,0.54252671866));
#2257 = CARTESIAN_POINT('',(0.820108344323,0.532077679768));
#2258 = CARTESIAN_POINT('',(0.820998634174,0.52144334736));
#2259 = CARTESIAN_POINT('',(0.821442447258,0.510721459398));
#2260 = CARTESIAN_POINT('',(0.821442443108,0.49999992575));
#2261 = ( GEOMETRIC_REPRESENTATION_CONTEXT(2) 
PARAMETRIC_REPRESENTATION_CONTEXT() REPRESENTATION_CONTEXT('2D SPACE',''
  ) );
#2262 = ORIENTED_EDGE('',*,*,#1993,.F.);
#2263 = ORIENTED_EDGE('',*,*,#1392,.F.);
#2264 = ADVANCED_FACE('',(#2265,#2293),#1810,.F.);
#2265 = FACE_BOUND('',#2266,.F.);
#2266 = EDGE_LOOP('',(#2267,#2290,#2291,#2292));
#2267 = ORIENTED_EDGE('',*,*,#2268,.F.);
#2268 = EDGE_CURVE('',#1766,#1918,#2269,.T.);
#2269 = SEAM_CURVE('',#2270,(#2276,#2283),.PCURVE_S1.);
#2270 = ( BOUNDED_CURVE() B_SPLINE_CURVE(4,(#2271,#2272,#2273,#2274,
#2275),.UNSPECIFIED.,.F.,.F.) B_SPLINE_CURVE_WITH_KNOTS((5,5),(0.,1.),
.PIECEWISE_BEZIER_KNOTS.) CURVE() GEOMETRIC_REPRESENTATION_ITEM() 
RATIONAL_B_SPLINE_CURVE((1.,1.,1.,1.,1.)) REPRESENTATION_ITEM('') );
#2271 = CARTESIAN_POINT('',(15.,2.274263458738E-15,20.));
#2272 = CARTESIAN_POINT('',(11.666666666666,-7.198031731024E-14,40.));
#2273 = CARTESIAN_POINT('',(46.111111111112,1.042685396074E-13,60.));
#2274 = CARTESIAN_POINT('',(11.666666666666,-7.198031731024E-14,80.));
#2275 = CARTESIAN_POINT('',(15.,2.274263458738E-15,100.));
#2276 = PCURVE('',#1810,#2277);
#2277 = DEFINITIONAL_REPRESENTATION('',(#2278),#2282);
#2278 = LINE('',#2279,#2280);
#2279 = CARTESIAN_POINT('',(0.,0.));
#2280 = VECTOR('',#2281,1.);
#2281 = DIRECTION('',(0.,1.));
#2282 = ( GEOMETRIC_REPRESENTATION_CONTEXT(2) 
PARAMETRIC_REPRESENTATION_CONTEXT() REPRESENTATION_CONTEXT('2D SPACE',''
  ) );
#2283 = PCURVE('',#1810,#2284);
#2284 = DEFINITIONAL_REPRESENTATION('',(#2285),#2289);
#2285 = LINE('',#2286,#2287);
#2286 = CARTESIAN_POINT('',(1.,0.));
#2287 = VECTOR('',#2288,1.);
#2288 = DIRECTION('',(0.,1.));
#2289 = ( GEOMETRIC_REPRESENTATION_CONTEXT(2) 
PARAMETRIC_REPRESENTATION_CONTEXT() REPRESENTATION_CONTEXT('2D SPACE',''
  ) );
#2290 = ORIENTED_EDGE('',*,*,#1786,.T.);
#2291 = ORIENTED_EDGE('',*,*,#2268,.T.);
#2292 = ORIENTED_EDGE('',*,*,#1938,.F.);
#2293 = FACE_BOUND('',#2294,.F.);
#2294 = EDGE_LOOP('',(#2295));
#2295 = ORIENTED_EDGE('',*,*,#2014,.T.);
#2296 = ( GEOMETRIC_REPRESENTATION_CONTEXT(3) 
GLOBAL_UNCERTAINTY_ASSIGNED_CONTEXT((#2300)) 
GLOBAL_UNIT_ASSIGNED_CONTEXT((#2297,#2298,#2299)) REPRESENTATION_CONTEXT
('Context #1','3D Context with UNIT and UNCERTAINTY') );
#2297 = ( LENGTH_UNIT() NAMED_UNIT(*) SI_UNIT(.MILLI.,.METRE.) );
#2298 = ( NAMED_UNIT(*) PLANE_ANGLE_UNIT() SI_UNIT($,.RADIAN.) );
#2299 = ( NAMED_UNIT(*) SI_UNIT($,.STERADIAN.) SOLID_ANGLE_UNIT() );
#2300 = UNCERTAINTY_MEASURE_WITH_UNIT(LENGTH_MEASURE(2.E-05),#2297,
  'distance_accuracy_value','confusion accuracy');
#2301 = CONTEXT_DEPENDENT_SHAPE_REPRESENTATION(#2302,#2304);
#2302 = ( REPRESENTATION_RELATIONSHIP('','',#32,#10) 
REPRESENTATION_RELATIONSHIP_WITH_TRANSFORMATION(#2303) 
SHAPE_REPRESENTATION_RELATIONSHIP() );
#2303 = ITEM_DEFINED_TRANSFORMATION('','',#11,#15);
#2304 = PRODUCT_DEFINITION_SHAPE('Placement','Placement of an item',
  #2305);
#2305 = NEXT_ASSEMBLY_USAGE_OCCURRENCE('1','outer-loft_1','',#5,#27,$);
#2306 = PRODUCT_RELATED_PRODUCT_CATEGORY('part',$,(#29));
#2307 = MECHANICAL_DESIGN_GEOMETRIC_PRESENTATION_REPRESENTATION('',(
    #2308),#2296);
#2308 = STYLED_ITEM('color',(#2309),#33);
#2309 = PRESENTATION_STYLE_ASSIGNMENT((#2310,#2316));
#2310 = SURFACE_STYLE_USAGE(.BOTH.,#2311);
#2311 = SURFACE_SIDE_STYLE('',(#2312));
#2312 = SURFACE_STYLE_FILL_AREA(#2313);
#2313 = FILL_AREA_STYLE('',(#2314));
#2314 = FILL_AREA_STYLE_COLOUR('',#2315);
#2315 = COLOUR_RGB('',0.79773774715,0.79773774715,0.665185089102);
#2316 = CURVE_STYLE('',#2317,POSITIVE_LENGTH_MEASURE(0.1),#2315);
#2317 = DRAUGHTING_PRE_DEFINED_CURVE_FONT('continuous');
ENDSEC;
END-ISO-10303-21;
